case_id,path,raw_reference,raw_sha256,raw_answer_sha256,expected_decision,actual_decision,decision_exact,decision_abstention,confident_decision_flip,expected_primary_family,actual_primary_family,primary_family_exact,companion_truth_status,expected_companions,actual_companions,legacy_companion_exact,v12_companion_metric_eligible
smoke-us-az-buckeye-residential-reroof-building,luna,benchmarks/permit_accuracy_v1_1/raw_full_v11/smoke-us-az-buckeye-residential-reroof-building__luna.json,7f4b9160df78c6c0264f89c7f7372683e7fecef58591a345245e1fbbfffd7b12,c0bae677350623bd60a07365ea045a26efc665eb0b476ea1fc3dca6ace7c96b9,REQUIRED,REQUIRED,1,0,0,BUILDING,BUILDING,1,truth-incomplete,[],[],1,0
smoke-us-az-buckeye-residential-reroof-building,grok,benchmarks/permit_accuracy_v1_1/raw_full_v11/smoke-us-az-buckeye-residential-reroof-building__grok.json,6c573f3ef6b785801ebd7c230b84cebfa0d56dfe85e9fd485d0578f360a06321,9c9cf7b0103b1efd48bc8111f8076fa0c819d1fb659dbfc9a733d48809da5a5c,REQUIRED,REQUIRED,1,0,0,BUILDING,BUILDING,1,truth-incomplete,[],[],1,0
smoke-us-az-buckeye-residential-reroof-building,gemini,benchmarks/permit_accuracy_v1_1/raw_full_v11/smoke-us-az-buckeye-residential-reroof-building__gemini.json,c8e00c5f56d41ddd1f3551e636b5ece5e813682bf914f9367318f0620c00575c,c52cfa7a98830125dc0313b9748b27d24b7460bf9a45f781782176a3286f256e,REQUIRED,REQUIRED,1,0,0,BUILDING,BUILDING,1,truth-incomplete,[],[],1,0
smoke-us-az-buckeye-residential-reroof-building,engine,benchmarks/permit_accuracy_v1_1/raw_full_v11/smoke-us-az-buckeye-residential-reroof-building__engine.json,1dfdaaabf320dda8168422e217c6c4083da3d56aa228491d465560f201bca56d,ed2c3def6e89dc3759f9455b2e502875ac289bcabad8f5688409416c40022a41,REQUIRED,REQUIRED,1,0,0,BUILDING,BUILDING,1,truth-incomplete,[],[],1,0
smoke-us-az-buckeye-residential-reroof-building,engine_luna,benchmarks/permit_accuracy_v1_1/raw_full_v11/smoke-us-az-buckeye-residential-reroof-building__engine_luna.json,f7fd8eccbdfe2ae7173c5a6c43da21788ac9dd83df6903b63ec152ff850ec22f,cc0c6f5779c5274482e01da558ab1047dbc4ab3a7f4b9e05f31c8064d34a6acc,REQUIRED,REQUIRED,1,0,0,BUILDING,BUILDING,1,truth-incomplete,[],"[{""family"":""BUILDING"",""status"":""REQUIRED""}]",0,0
smoke-us-al-albertville-residential-residential-building-work-building,luna,benchmarks/permit_accuracy_v1_1/raw_full_v11/smoke-us-al-albertville-residential-residential-building-work-building__luna.json,c5981be99f52d9722663f80fd0ef409b2a01be81cce0e1679a861c2c839da3c3,e7076d5638b28223daa75d2581978c543813a17e1ab9926782425761b3eff113,REQUIRED,REQUIRED,1,0,0,BUILDING,BUILDING,1,metric-eligible,"[{""family"":""DEMOLITION"",""status"":""CONDITIONAL""},{""family"":""ELECTRICAL"",""status"":""CONDITIONAL""},{""family"":""GAS"",""status"":""CONDITIONAL""},{""family"":""MECHANICAL"",""status"":""CONDITIONAL""},{""family"":""PLUMBING"",""status"":""CONDITIONAL""}]","[{""family"":""ELECTRICAL"",""status"":""VERIFY""},{""family"":""GAS"",""status"":""VERIFY""},{""family"":""MECHANICAL"",""status"":""VERIFY""},{""family"":""PLUMBING"",""status"":""VERIFY""}]",0,1
smoke-us-al-albertville-residential-residential-building-work-building,grok,benchmarks/permit_accuracy_v1_1/raw_full_v11/smoke-us-al-albertville-residential-residential-building-work-building__grok.json,aee8610337d86a0929c1c9e31cab1cbbc53271a24bc42fa04f9aa1bc94cc0476,a15c5239b74d1636c077571297f49c9cdb1324d907c6b53a34bb0c55ca5f97dc,REQUIRED,REQUIRED,1,0,0,BUILDING,BUILDING,1,metric-eligible,"[{""family"":""DEMOLITION"",""status"":""CONDITIONAL""},{""family"":""ELECTRICAL"",""status"":""CONDITIONAL""},{""family"":""GAS"",""status"":""CONDITIONAL""},{""family"":""MECHANICAL"",""status"":""CONDITIONAL""},{""family"":""PLUMBING"",""status"":""CONDITIONAL""}]","[{""family"":""ELECTRICAL"",""status"":""CONDITIONAL""},{""family"":""GAS"",""status"":""CONDITIONAL""},{""family"":""MECHANICAL"",""status"":""CONDITIONAL""},{""family"":""PLUMBING"",""status"":""CONDITIONAL""}]",0,1
smoke-us-al-albertville-residential-residential-building-work-building,gemini,benchmarks/permit_accuracy_v1_1/raw_full_v11/smoke-us-al-albertville-residential-residential-building-work-building__gemini.json,a0654ec5dd734b21351c67dec3bba555f3e505d84ed134da02eb8ac7e0b74438,d88212a0a6d6e4287e1d335da779a0bc1d683ceb3e4e586b2459c8f38d55aaee,REQUIRED,REQUIRED,1,0,0,BUILDING,BUILDING,1,metric-eligible,"[{""family"":""DEMOLITION"",""status"":""CONDITIONAL""},{""family"":""ELECTRICAL"",""status"":""CONDITIONAL""},{""family"":""GAS"",""status"":""CONDITIONAL""},{""family"":""MECHANICAL"",""status"":""CONDITIONAL""},{""family"":""PLUMBING"",""status"":""CONDITIONAL""}]",[],0,1
smoke-us-al-albertville-residential-residential-building-work-building,engine,benchmarks/permit_accuracy_v1_1/raw_full_v11/smoke-us-al-albertville-residential-residential-building-work-building__engine.json,53c48384620fd79db94124b57bc67147b4296f1ae11d667dfe37da5977a2d208,380827004114037aa5798045998962b3fcf1892445c2e6b6ca19e268efa192e5,REQUIRED,REQUIRED,1,0,0,BUILDING,BUILDING,1,metric-eligible,"[{""family"":""DEMOLITION"",""status"":""CONDITIONAL""},{""family"":""ELECTRICAL"",""status"":""CONDITIONAL""},{""family"":""GAS"",""status"":""CONDITIONAL""},{""family"":""MECHANICAL"",""status"":""CONDITIONAL""},{""family"":""PLUMBING"",""status"":""CONDITIONAL""}]","[{""family"":""DEMOLITION"",""status"":""VERIFY""},{""family"":""ELECTRICAL"",""status"":""VERIFY""},{""family"":""GAS"",""status"":""VERIFY""},{""family"":""MECHANICAL"",""status"":""VERIFY""},{""family"":""PLUMBING"",""status"":""VERIFY""}]",0,1
smoke-us-al-albertville-residential-residential-building-work-building,engine_luna,benchmarks/permit_accuracy_v1_1/raw_full_v11/smoke-us-al-albertville-residential-residential-building-work-building__engine_luna.json,b40808bec9d92de1ba732dccde141fce852f7b8c6567bbcaef8d6971a1f5ded7,d54c275fe8866faa191a479b0af15f7d7a77944b132c594c853ee12399f3cfe6,REQUIRED,REQUIRED,1,0,0,BUILDING,BUILDING,1,metric-eligible,"[{""family"":""DEMOLITION"",""status"":""CONDITIONAL""},{""family"":""ELECTRICAL"",""status"":""CONDITIONAL""},{""family"":""GAS"",""status"":""CONDITIONAL""},{""family"":""MECHANICAL"",""status"":""CONDITIONAL""},{""family"":""PLUMBING"",""status"":""CONDITIONAL""}]","[{""family"":""ELECTRICAL"",""status"":""VERIFY""}]",0,1
smoke-us-ak-matanuska-susitna-borough-commercial-commercial-tenant-improvement-building,luna,benchmarks/permit_accuracy_v1_1/raw_full_v11/smoke-us-ak-matanuska-susitna-borough-commercial-commercial-tenant-improvement-building__luna.json,50d4d827b26e2a382c051679505b59d53ca190f587920ddcb712d9d9859a6c2a,ea9ad626794f6bf245486e24e3096c75635057157c436d7ad40dad20c2dbb3ae,REQUIRED,VERIFY,0,1,0,BUILDING,VERIFY,0,truth-incomplete,"[{""family"":""ELECTRICAL"",""status"":""REQUIRED""},{""family"":""FIRE_LIFE_SAFETY"",""status"":""REQUIRED""},{""family"":""MECHANICAL"",""status"":""REQUIRED""},{""family"":""OCCUPANCY_CO"",""status"":""REQUIRED""},{""family"":""PLUMBING"",""status"":""REQUIRED""},{""family"":""ZONING_PLANNING"",""status"":""REQUIRED""}]","[{""family"":""BUILDING"",""status"":""VERIFY""},{""family"":""ELECTRICAL"",""status"":""VERIFY""},{""family"":""FIRE_LIFE_SAFETY"",""status"":""VERIFY""},{""family"":""PLUMBING"",""status"":""VERIFY""},{""family"":""ZONING_PLANNING"",""status"":""VERIFY""}]",0,0
smoke-us-ak-matanuska-susitna-borough-commercial-commercial-tenant-improvement-building,grok,benchmarks/permit_accuracy_v1_1/raw_full_v11/smoke-us-ak-matanuska-susitna-borough-commercial-commercial-tenant-improvement-building__grok.json,15a38a17060f69b2480ba8abb41c5e4c4c07a0241748038ccd690990ac8c9661,2cc586132ad2583e61d0e0a8f7000f60202185fc6f80924f96dac67f0ee6b6b3,REQUIRED,VERIFY,0,1,0,BUILDING,VERIFY,0,truth-incomplete,"[{""family"":""ELECTRICAL"",""status"":""REQUIRED""},{""family"":""FIRE_LIFE_SAFETY"",""status"":""REQUIRED""},{""family"":""MECHANICAL"",""status"":""REQUIRED""},{""family"":""OCCUPANCY_CO"",""status"":""REQUIRED""},{""family"":""PLUMBING"",""status"":""REQUIRED""},{""family"":""ZONING_PLANNING"",""status"":""REQUIRED""}]","[{""family"":""BUILDING"",""status"":""VERIFY""},{""family"":""ELECTRICAL"",""status"":""VERIFY""},{""family"":""FIRE_LIFE_SAFETY"",""status"":""VERIFY""},{""family"":""PLUMBING"",""status"":""VERIFY""},{""family"":""ZONING_PLANNING"",""status"":""VERIFY""}]",0,0
smoke-us-ak-matanuska-susitna-borough-commercial-commercial-tenant-improvement-building,gemini,benchmarks/permit_accuracy_v1_1/raw_full_v11/smoke-us-ak-matanuska-susitna-borough-commercial-commercial-tenant-improvement-building__gemini.json,b4e3ad17fe1c2add00733725eece27cb4d812ff7afbf911b2b445b729d7df648,d79a60d9a687cc782cc0ac1b198199b1891b449920a0c56031b8e5ad6f00f571,REQUIRED,VERIFY,0,1,0,BUILDING,VERIFY,0,truth-incomplete,"[{""family"":""ELECTRICAL"",""status"":""REQUIRED""},{""family"":""FIRE_LIFE_SAFETY"",""status"":""REQUIRED""},{""family"":""MECHANICAL"",""status"":""REQUIRED""},{""family"":""OCCUPANCY_CO"",""status"":""REQUIRED""},{""family"":""PLUMBING"",""status"":""REQUIRED""},{""family"":""ZONING_PLANNING"",""status"":""REQUIRED""}]",[],0,0
smoke-us-ak-matanuska-susitna-borough-commercial-commercial-tenant-improvement-building,engine,benchmarks/permit_accuracy_v1_1/raw_full_v11/smoke-us-ak-matanuska-susitna-borough-commercial-commercial-tenant-improvement-building__engine.json,db241061fa208c98edf364d2d1e05897edfbcc8f6a2850dd9bac2939e05aec68,39126d52607a98c945b5ac6d15c5c43bb23ee9ad5b106ef111a24986344d89fd,REQUIRED,REQUIRED,1,0,0,BUILDING,BUILDING,1,truth-incomplete,"[{""family"":""ELECTRICAL"",""status"":""REQUIRED""},{""family"":""FIRE_LIFE_SAFETY"",""status"":""REQUIRED""},{""family"":""MECHANICAL"",""status"":""REQUIRED""},{""family"":""OCCUPANCY_CO"",""status"":""REQUIRED""},{""family"":""PLUMBING"",""status"":""REQUIRED""},{""family"":""ZONING_PLANNING"",""status"":""REQUIRED""}]","[{""family"":""ELECTRICAL"",""status"":""REQUIRED""},{""family"":""FIRE_LIFE_SAFETY"",""status"":""REQUIRED""},{""family"":""HEALTH"",""status"":""VERIFY""},{""family"":""LIQUOR"",""status"":""VERIFY""},{""family"":""MECHANICAL"",""status"":""REQUIRED""},{""family"":""OCCUPANCY_CO"",""status"":""REQUIRED""},{""family"":""PLUMBING"",""status"":""REQUIRED""},{""family"":""WASTEWATER_FOG"",""status"":""VERIFY""},{""family"":""ZONING_PLANNING"",""status"":""REQUIRED""}]",0,0
smoke-us-ak-matanuska-susitna-borough-commercial-commercial-tenant-improvement-building,engine_luna,benchmarks/permit_accuracy_v1_1/raw_full_v11/smoke-us-ak-matanuska-susitna-borough-commercial-commercial-tenant-improvement-building__engine_luna.json,59391aa4fb9930bd8a173169682b326ad85539c042d7ee6254012196c8cdc264,bc9e0a2fdb61faee2a66b4fb60a779d7272e2d03ca4d1e3402da36f593cda44a,REQUIRED,REQUIRED,1,0,0,BUILDING,BUILDING,1,truth-incomplete,"[{""family"":""ELECTRICAL"",""status"":""REQUIRED""},{""family"":""FIRE_LIFE_SAFETY"",""status"":""REQUIRED""},{""family"":""MECHANICAL"",""status"":""REQUIRED""},{""family"":""OCCUPANCY_CO"",""status"":""REQUIRED""},{""family"":""PLUMBING"",""status"":""REQUIRED""},{""family"":""ZONING_PLANNING"",""status"":""REQUIRED""}]","[{""family"":""ACCESSIBILITY"",""status"":""CONDITIONAL""},{""family"":""ELECTRICAL"",""status"":""VERIFY""},{""family"":""OCCUPANCY_CO"",""status"":""CONDITIONAL""},{""family"":""OTHER"",""status"":""VERIFY""},{""family"":""PLUMBING"",""status"":""REQUIRED""},{""family"":""ZONING_PLANNING"",""status"":""REQUIRED""}]",0,0
smoke-us-wi-eau-claire-commercial-commercial-tenant-improvement-building,luna,benchmarks/permit_accuracy_v1_1/raw_full_v11/smoke-us-wi-eau-claire-commercial-commercial-tenant-improvement-building__luna.json,45840ffeec7930c6dca7f845d626022a71f88e88422f902a6dfa264102d23e2e,1282d7b5a2db0934ff974084b48246b5f4b07e446ce1ec389a242ae60e2fc364,REQUIRED,REQUIRED,1,0,0,BUILDING,BUILDING,1,truth-incomplete,[],"[{""family"":""ELECTRICAL"",""status"":""VERIFY""},{""family"":""FIRE_LIFE_SAFETY"",""status"":""VERIFY""},{""family"":""MECHANICAL"",""status"":""VERIFY""},{""family"":""PLUMBING"",""status"":""VERIFY""}]",0,0
smoke-us-wi-eau-claire-commercial-commercial-tenant-improvement-building,grok,benchmarks/permit_accuracy_v1_1/raw_full_v11/smoke-us-wi-eau-claire-commercial-commercial-tenant-improvement-building__grok.json,b0f2cb5459d81c1fb0b084b3b3e75c6afb4d4aa780e812ffb75e63ecc51bc91e,cf01aae3efed592f88d4a65fa8d63d35eac589bcb1dd752aa7008fa906ff5018,REQUIRED,REQUIRED,1,0,0,BUILDING,BUILDING,1,truth-incomplete,[],"[{""family"":""ELECTRICAL"",""status"":""VERIFY""},{""family"":""FIRE_LIFE_SAFETY"",""status"":""VERIFY""},{""family"":""MECHANICAL"",""status"":""VERIFY""},{""family"":""PLUMBING"",""status"":""VERIFY""}]",0,0
smoke-us-wi-eau-claire-commercial-commercial-tenant-improvement-building,gemini,benchmarks/permit_accuracy_v1_1/raw_full_v11/smoke-us-wi-eau-claire-commercial-commercial-tenant-improvement-building__gemini.json,b7a62a48acadf522f92938504829fe0e33a0f3deefd375fc9f573480d4439517,d509d34ea75b5e32e8bc226e66b310f6b8053c59d7bd6ac54604e57b4b1494d9,REQUIRED,REQUIRED,1,0,0,BUILDING,BUILDING,1,truth-incomplete,[],[],1,0
smoke-us-wi-eau-claire-commercial-commercial-tenant-improvement-building,engine,benchmarks/permit_accuracy_v1_1/raw_full_v11/smoke-us-wi-eau-claire-commercial-commercial-tenant-improvement-building__engine.json,4dad7d9d0ccf6ef786f767b3bf2e70bed2d70c25eecb6cf97fe04ffc30550514,8492f7cb0124e618e09e84abdd901b024b182eb4e1c6ac9685f37b04545577cd,REQUIRED,REQUIRED,1,0,0,BUILDING,BUILDING,1,truth-incomplete,[],"[{""family"":""ELECTRICAL"",""status"":""VERIFY""},{""family"":""FIRE_LIFE_SAFETY"",""status"":""VERIFY""},{""family"":""HEALTH"",""status"":""VERIFY""},{""family"":""LIQUOR"",""status"":""VERIFY""},{""family"":""MECHANICAL"",""status"":""VERIFY""},{""family"":""OCCUPANCY_CO"",""status"":""VERIFY""},{""family"":""PLUMBING"",""status"":""VERIFY""},{""family"":""WASTEWATER_FOG"",""status"":""VERIFY""},{""family"":""ZONING_PLANNING"",""status"":""VERIFY""}]",0,0
smoke-us-wi-eau-claire-commercial-commercial-tenant-improvement-building,engine_luna,benchmarks/permit_accuracy_v1_1/raw_full_v11/smoke-us-wi-eau-claire-commercial-commercial-tenant-improvement-building__engine_luna.json,cd37d352e90dfc3a64df763ed654c46f54e3290f1c633269828528f9f7de2933,a0f07836896feebcc664e83e0ec44ff07bcba698c6a1c3a3f0cf68a39d50975c,REQUIRED,REQUIRED,1,0,0,BUILDING,BUILDING,1,truth-incomplete,[],"[{""family"":""ACCESSIBILITY"",""status"":""CONDITIONAL""},{""family"":""OCCUPANCY_CO"",""status"":""CONDITIONAL""},{""family"":""OTHER"",""status"":""VERIFY""},{""family"":""PLUMBING"",""status"":""REQUIRED""},{""family"":""ZONING_PLANNING"",""status"":""CONDITIONAL""}]",0,0
smoke-us-az-phoenix-commercial-commercial-tenant-improvement-building,luna,benchmarks/permit_accuracy_v1_1/raw_full_v11/smoke-us-az-phoenix-commercial-commercial-tenant-improvement-building__luna.json,98019972086a3f9d74b220932dd5bea522d5ca5d77cc3cac5b3db5d50047fbdb,0687a6cb83d696ad7cb9eaaf77f2a422a3a0aa1f11cef006a5499119a9221636,REQUIRED,REQUIRED,1,0,0,BUILDING,BUILDING,1,truth-incomplete,[],[],1,0
smoke-us-az-phoenix-commercial-commercial-tenant-improvement-building,grok,benchmarks/permit_accuracy_v1_1/raw_full_v11/smoke-us-az-phoenix-commercial-commercial-tenant-improvement-building__grok.json,eca37f9e00c40fe8b08cbf482dc49ae400c6a03c019f9b5c40f340acbe3aba71,e365b166fa94b5205f9169c16b5cc77c6a8e3f82b3b7735859e158b195cfdbc9,REQUIRED,REQUIRED,1,0,0,BUILDING,BUILDING,1,truth-incomplete,[],"[{""family"":""ELECTRICAL"",""status"":""VERIFY""},{""family"":""FIRE_LIFE_SAFETY"",""status"":""VERIFY""},{""family"":""MECHANICAL"",""status"":""VERIFY""},{""family"":""PLUMBING"",""status"":""VERIFY""},{""family"":""ZONING_PLANNING"",""status"":""VERIFY""}]",0,0
smoke-us-az-phoenix-commercial-commercial-tenant-improvement-building,gemini,benchmarks/permit_accuracy_v1_1/raw_full_v11/smoke-us-az-phoenix-commercial-commercial-tenant-improvement-building__gemini.json,2e82ec118b8036e770cd708183b82dd81c1f55b1e21321e1c2e0f827732efa03,842eebc1c21ea3ace01d2114cc1f314fce42ab814df5b2eac505e00e644d70a4,REQUIRED,REQUIRED,1,0,0,BUILDING,BUILDING,1,truth-incomplete,[],[],1,0
smoke-us-az-phoenix-commercial-commercial-tenant-improvement-building,engine,benchmarks/permit_accuracy_v1_1/raw_full_v11/smoke-us-az-phoenix-commercial-commercial-tenant-improvement-building__engine.json,0f3a7caeeb4a39f9b7fa9a8bf09f7cbcf0b9dd7c1e24cfcbab1ef3693592ed40,4b7fd9ecb3d460daccf5ebdd114e46841df9276b774939efbe4337bb5e7dfb3f,REQUIRED,REQUIRED,1,0,0,BUILDING,BUILDING,1,truth-incomplete,[],"[{""family"":""ACCESSIBILITY"",""status"":""CONDITIONAL""},{""family"":""OCCUPANCY_CO"",""status"":""CONDITIONAL""},{""family"":""OTHER"",""status"":""VERIFY""},{""family"":""PLUMBING"",""status"":""REQUIRED""},{""family"":""ZONING_PLANNING"",""status"":""CONDITIONAL""}]",0,0
smoke-us-az-phoenix-commercial-commercial-tenant-improvement-building,engine_luna,benchmarks/permit_accuracy_v1_1/raw_full_v11/smoke-us-az-phoenix-commercial-commercial-tenant-improvement-building__engine_luna.json,0b25cd0e3d2a82cf02b931d1917922793fac4a0e119135182a77ef4ddf9023f3,c1b758c3d868a3e54c59c811ac5d567a1e67193a727d9330f74add565791db19,REQUIRED,REQUIRED,1,0,0,BUILDING,BUILDING,1,truth-incomplete,[],"[{""family"":""ACCESSIBILITY"",""status"":""CONDITIONAL""},{""family"":""OCCUPANCY_CO"",""status"":""CONDITIONAL""},{""family"":""OTHER"",""status"":""VERIFY""},{""family"":""PLUMBING"",""status"":""REQUIRED""},{""family"":""ZONING_PLANNING"",""status"":""CONDITIONAL""}]",0,0
smoke-us-wy-crook-county-commercial-commercial-tenant-improvement-building,luna,benchmarks/permit_accuracy_v1_1/raw_full_v11/smoke-us-wy-crook-county-commercial-commercial-tenant-improvement-building__luna.json,fd9c950484a048c119b4e94ce164a79d53643ce8deaf780a402ea4c9adf8ee97,5a0475edd1692d022f294aa690c3430925af669d4514ddd5a47e169fb7e2a1cb,NOT_REQUIRED,NOT_REQUIRED,1,0,0,NO_PRIMARY_PERMIT,BUILDING,0,truth-incomplete,[],"[{""family"":""ELECTRICAL"",""status"":""VERIFY""},{""family"":""FIRE_LIFE_SAFETY"",""status"":""VERIFY""},{""family"":""GAS"",""status"":""VERIFY""},{""family"":""MECHANICAL"",""status"":""VERIFY""},{""family"":""OCCUPANCY_CO"",""status"":""VERIFY""},{""family"":""PLUMBING"",""status"":""VERIFY""}]",0,0
smoke-us-wy-crook-county-commercial-commercial-tenant-improvement-building,grok,benchmarks/permit_accuracy_v1_1/raw_full_v11/smoke-us-wy-crook-county-commercial-commercial-tenant-improvement-building__grok.json,0250e9799bbf8356e5d68322d5c0aae637c52c106b10ba04bf1c7b56c200a5b6,197bea35298edbd32fd562f8bc11868cab7e34d31f88c44d28eec2967f6502bb,NOT_REQUIRED,NOT_REQUIRED,1,0,0,NO_PRIMARY_PERMIT,BUILDING,0,truth-incomplete,[],[],1,0
smoke-us-wy-crook-county-commercial-commercial-tenant-improvement-building,gemini,benchmarks/permit_accuracy_v1_1/raw_full_v11/smoke-us-wy-crook-county-commercial-commercial-tenant-improvement-building__gemini.json,152512519db9ed16b3b2187aa4c7059eee5751116f7264bcd84c4821b52d9e2e,0537967e5a8f05bca38e70440210256c4d823ea48705ac687041f20d7ff331f8,NOT_REQUIRED,NOT_REQUIRED,1,0,0,NO_PRIMARY_PERMIT,BUILDING,0,truth-incomplete,[],[],1,0
smoke-us-wy-crook-county-commercial-commercial-tenant-improvement-building,engine,benchmarks/permit_accuracy_v1_1/raw_full_v11/smoke-us-wy-crook-county-commercial-commercial-tenant-improvement-building__engine.json,661614dfbfa5c2b1f3978b94694c982bbc6c35b19bc79ec2fe4c95584f35e752,8e7568a119d00f4de30a75c8816d7f57e499d453e1413a73e450ec0695090c71,NOT_REQUIRED,NOT_REQUIRED,1,0,0,NO_PRIMARY_PERMIT,NO_PRIMARY_PERMIT,1,truth-incomplete,[],"[{""family"":""OCCUPANCY_CO"",""status"":""CONDITIONAL""},{""family"":""ZONING_PLANNING"",""status"":""CONDITIONAL""}]",0,0
smoke-us-wy-crook-county-commercial-commercial-tenant-improvement-building,engine_luna,benchmarks/permit_accuracy_v1_1/raw_full_v11/smoke-us-wy-crook-county-commercial-commercial-tenant-improvement-building__engine_luna.json,0ba615ba6f3a388c33a53e886a97643e347fa2ec84cc14ddce2390fb19dd0c1b,16cd5126632de9aea949083c85c408cab83c6d367b9e740900074afe1edfb56e,NOT_REQUIRED,NOT_REQUIRED,1,0,0,NO_PRIMARY_PERMIT,NO_PRIMARY_PERMIT,1,truth-incomplete,[],"[{""family"":""OCCUPANCY_CO"",""status"":""CONDITIONAL""},{""family"":""ZONING_PLANNING"",""status"":""CONDITIONAL""}]",0,0
cell-ne-run3run4-next10-09-us-ne-plattsmouth-residential-building,luna,benchmarks/permit_accuracy_v1_1/raw_full_v11/cell-ne-run3run4-next10-09-us-ne-plattsmouth-residential-building__luna.json,679c34163f55c7ee085e1443f4fb8333418236ad0769a85878903c3322532241,dec5299c459c75885c078d695d0cb41ba852ed89d4f2e06a67a73696438f7a48,REQUIRED,VERIFY,0,1,0,BUILDING,VERIFY,0,truth-incomplete,[],"[{""family"":""BUILDING"",""status"":""VERIFY""},{""family"":""ELECTRICAL"",""status"":""VERIFY""},{""family"":""MECHANICAL"",""status"":""VERIFY""},{""family"":""PLUMBING"",""status"":""VERIFY""}]",0,0
cell-ne-run3run4-next10-09-us-ne-plattsmouth-residential-building,grok,benchmarks/permit_accuracy_v1_1/raw_full_v11/cell-ne-run3run4-next10-09-us-ne-plattsmouth-residential-building__grok.json,89a9bd3149678ba26c046e0d328b105f7e8a004aff4fe5e0e89dda4d312ac6eb,c9cfd8698eaf3903c8cdd02a0223e1a0f31eff54b014eb473c2d196f7fabdf6b,REQUIRED,VERIFY,0,1,0,BUILDING,BUILDING,1,truth-incomplete,[],"[{""family"":""ELECTRICAL"",""status"":""VERIFY""},{""family"":""FIRE_LIFE_SAFETY"",""status"":""VERIFY""},{""family"":""MECHANICAL"",""status"":""VERIFY""},{""family"":""PLUMBING"",""status"":""VERIFY""}]",0,0
cell-ne-run3run4-next10-09-us-ne-plattsmouth-residential-building,gemini,benchmarks/permit_accuracy_v1_1/raw_full_v11/cell-ne-run3run4-next10-09-us-ne-plattsmouth-residential-building__gemini.json,f9a536e6d39cc60e43c5e9aba226f905bc3279c4bc374f0a1c1eefd310021440,b2b0139b989cf233439ebf1202604526dd7763ad8c2be93cde60b0aff72ad4d0,REQUIRED,VERIFY,0,1,0,BUILDING,BUILDING,1,truth-incomplete,[],"[{""family"":""ELECTRICAL"",""status"":""VERIFY""},{""family"":""MECHANICAL"",""status"":""VERIFY""},{""family"":""PLUMBING"",""status"":""VERIFY""}]",0,0
cell-ne-run3run4-next10-09-us-ne-plattsmouth-residential-building,engine,benchmarks/permit_accuracy_v1_1/raw_full_v11/cell-ne-run3run4-next10-09-us-ne-plattsmouth-residential-building__engine.json,781105e9114e77aac8d41ed76977fa9bbb0402c2f87525294fa865599aa48887,092e3fac3b8982ef01e0d2910a2d05c0505d80a90fbbd8bb1bfe82f47e9211a4,REQUIRED,REQUIRED,1,0,0,BUILDING,BUILDING,1,truth-incomplete,[],"[{""family"":""ELECTRICAL"",""status"":""REQUIRED""},{""family"":""MECHANICAL"",""status"":""REQUIRED""},{""family"":""PLUMBING"",""status"":""REQUIRED""}]",0,0
cell-ne-run3run4-next10-09-us-ne-plattsmouth-residential-building,engine_luna,benchmarks/permit_accuracy_v1_1/raw_full_v11/cell-ne-run3run4-next10-09-us-ne-plattsmouth-residential-building__engine_luna.json,af283400749ed9f57fa331da414a1015ba18056a12858e70775138ef3cd49242,27b6061db38c1836347fb771e4575deab8bb8bd8a7ed2ef2305909b4809ee0b6,REQUIRED,REQUIRED,1,0,0,BUILDING,BUILDING,1,truth-incomplete,[],"[{""family"":""BUILDING"",""status"":""VERIFY""},{""family"":""ELECTRICAL"",""status"":""REQUIRED""},{""family"":""MECHANICAL"",""status"":""REQUIRED""},{""family"":""PLUMBING"",""status"":""REQUIRED""}]",0,0
cell-us-ak-anchorage-commercial-commercial-tenant-improvement-building,luna,benchmarks/permit_accuracy_v1_1/raw_full_v11/cell-us-ak-anchorage-commercial-commercial-tenant-improvement-building__luna.json,197be433faa08131bcd1c01c1fd44d470bebbd109a2c22a0d5ced6d6641f044d,3d8fc0629d76757647ca30e86154471d97cfa6ec98093675260884802c1ebf3d,REQUIRED,REQUIRED,1,0,0,BUILDING,BUILDING,1,truth-incomplete,[],"[{""family"":""ELECTRICAL"",""status"":""VERIFY""},{""family"":""FIRE_LIFE_SAFETY"",""status"":""VERIFY""},{""family"":""MECHANICAL"",""status"":""VERIFY""},{""family"":""OCCUPANCY_CO"",""status"":""VERIFY""},{""family"":""PLUMBING"",""status"":""VERIFY""},{""family"":""ZONING_PLANNING"",""status"":""VERIFY""}]",0,0
cell-us-ak-anchorage-commercial-commercial-tenant-improvement-building,grok,benchmarks/permit_accuracy_v1_1/raw_full_v11/cell-us-ak-anchorage-commercial-commercial-tenant-improvement-building__grok.json,0df4a043d2473d33b03548bc36998b993b23a0e644bf85d02cd757177e6e8edb,17642675b6289fb0665af003460d437e16a55b0b785ce275a4b042addd9b10ad,REQUIRED,REQUIRED,1,0,0,BUILDING,BUILDING,1,truth-incomplete,[],"[{""family"":""ELECTRICAL"",""status"":""REQUIRED""},{""family"":""FIRE_LIFE_SAFETY"",""status"":""VERIFY""},{""family"":""GAS"",""status"":""REQUIRED""},{""family"":""MECHANICAL"",""status"":""REQUIRED""},{""family"":""OCCUPANCY_CO"",""status"":""VERIFY""},{""family"":""PLUMBING"",""status"":""REQUIRED""},{""family"":""ZONING_PLANNING"",""status"":""VERIFY""}]",0,0
cell-us-ak-anchorage-commercial-commercial-tenant-improvement-building,gemini,benchmarks/permit_accuracy_v1_1/raw_full_v11/cell-us-ak-anchorage-commercial-commercial-tenant-improvement-building__gemini.json,d6a7d85c32e15986a07ab22be93462c391fe84285015ec214491b744eb95e57e,bb0a4a556d7db2665a811885fff9c2a751d5957ec7f499d96ff19bb6a5eb6c79,REQUIRED,REQUIRED,1,0,0,BUILDING,BUILDING,1,truth-incomplete,[],"[{""family"":""ELECTRICAL"",""status"":""REQUIRED""},{""family"":""FIRE_LIFE_SAFETY"",""status"":""VERIFY""},{""family"":""GAS"",""status"":""REQUIRED""},{""family"":""MECHANICAL"",""status"":""REQUIRED""},{""family"":""OCCUPANCY_CO"",""status"":""REQUIRED""},{""family"":""PLUMBING"",""status"":""REQUIRED""},{""family"":""ZONING_PLANNING"",""status"":""VERIFY""}]",0,0
cell-us-ak-anchorage-commercial-commercial-tenant-improvement-building,engine,benchmarks/permit_accuracy_v1_1/raw_full_v11/cell-us-ak-anchorage-commercial-commercial-tenant-improvement-building__engine.json,cb6bdc6fcdea35b5652bf838f488f8a60dd28f245689da6de9a912e74c821064,56d15c38a99d975a736ea94171fe7dbc7f82868ee36382a53244b23b8041c254,REQUIRED,REQUIRED,1,0,0,BUILDING,BUILDING,1,truth-incomplete,[],"[{""family"":""ACCESSIBILITY"",""status"":""CONDITIONAL""},{""family"":""ELECTRICAL"",""status"":""REQUIRED""},{""family"":""MECHANICAL"",""status"":""REQUIRED""},{""family"":""OCCUPANCY_CO"",""status"":""CONDITIONAL""},{""family"":""OTHER"",""status"":""VERIFY""},{""family"":""PLUMBING"",""status"":""REQUIRED""},{""family"":""ZONING_PLANNING"",""status"":""REQUIRED""}]",0,0
cell-us-ak-anchorage-commercial-commercial-tenant-improvement-building,engine_luna,benchmarks/permit_accuracy_v1_1/raw_full_v11/cell-us-ak-anchorage-commercial-commercial-tenant-improvement-building__engine_luna.json,71748f4fb5ff849cff14b6ed38278bae3f2b0c2724778cc90b5341c20f798d8a,a1d89405baf26065bbeb80997bf0c64a5d6790a00ed78e59f74a00abf6bfc745,REQUIRED,REQUIRED,1,0,0,BUILDING,BUILDING,1,truth-incomplete,[],"[{""family"":""ACCESSIBILITY"",""status"":""CONDITIONAL""},{""family"":""ELECTRICAL"",""status"":""REQUIRED""},{""family"":""MECHANICAL"",""status"":""REQUIRED""},{""family"":""OCCUPANCY_CO"",""status"":""CONDITIONAL""},{""family"":""OTHER"",""status"":""VERIFY""},{""family"":""PLUMBING"",""status"":""REQUIRED""},{""family"":""ZONING_PLANNING"",""status"":""REQUIRED""}]",0,0
cell-us-ak-angoon-commercial-commercial-tenant-improvement-building,luna,benchmarks/permit_accuracy_v1_1/raw_full_v11/cell-us-ak-angoon-commercial-commercial-tenant-improvement-building__luna.json,1e191d99c0e923ce75e8b5b5ac55158d6badb3b9db2ee2e1cfb3b3d908bdd5da,648e43ef3fa0f5c7d0880753d71a9824e218e8f17fd39b884428d094eb5d5517,REQUIRED,VERIFY,0,1,0,BUILDING,FIRE_LIFE_SAFETY,0,truth-incomplete,[],"[{""family"":""BUILDING"",""status"":""VERIFY""},{""family"":""ELECTRICAL"",""status"":""VERIFY""},{""family"":""MECHANICAL"",""status"":""VERIFY""},{""family"":""OCCUPANCY_CO"",""status"":""VERIFY""},{""family"":""PLUMBING"",""status"":""VERIFY""},{""family"":""ZONING_PLANNING"",""status"":""VERIFY""}]",0,0
cell-us-ak-angoon-commercial-commercial-tenant-improvement-building,grok,benchmarks/permit_accuracy_v1_1/raw_full_v11/cell-us-ak-angoon-commercial-commercial-tenant-improvement-building__grok.json,52f7ad08b297c05db4d35ed6ba7cc2827f50a6ff92091e932eee2985678f86b7,48a093f12c3026216f2ffa2b78c5822a643bd9362f98b7f94f8541be8537730e,REQUIRED,REQUIRED,1,0,0,BUILDING,FIRE_LIFE_SAFETY,0,truth-incomplete,[],"[{""family"":""BUILDING"",""status"":""VERIFY""},{""family"":""ELECTRICAL"",""status"":""VERIFY""},{""family"":""GAS"",""status"":""VERIFY""},{""family"":""MECHANICAL"",""status"":""VERIFY""},{""family"":""OCCUPANCY_CO"",""status"":""VERIFY""},{""family"":""PLUMBING"",""status"":""VERIFY""},{""family"":""ZONING_PLANNING"",""status"":""VERIFY""}]",0,0
cell-us-ak-angoon-commercial-commercial-tenant-improvement-building,gemini,benchmarks/permit_accuracy_v1_1/raw_full_v11/cell-us-ak-angoon-commercial-commercial-tenant-improvement-building__gemini.json,26965b7a8752c47676484778208feb48f502fc711f4315eca3857686e028f419,c1402bd88e0ab1e5c7a61751214ecc9f5bf59885386bb7c3b0be9ff72916f7ea,REQUIRED,REQUIRED,1,0,0,BUILDING,BUILDING,1,truth-incomplete,[],"[{""family"":""ELECTRICAL"",""status"":""VERIFY""},{""family"":""FIRE_LIFE_SAFETY"",""status"":""REQUIRED""},{""family"":""MECHANICAL"",""status"":""VERIFY""},{""family"":""OCCUPANCY_CO"",""status"":""VERIFY""},{""family"":""PLUMBING"",""status"":""VERIFY""},{""family"":""ZONING_PLANNING"",""status"":""VERIFY""}]",0,0
cell-us-ak-angoon-commercial-commercial-tenant-improvement-building,engine,benchmarks/permit_accuracy_v1_1/raw_full_v11/cell-us-ak-angoon-commercial-commercial-tenant-improvement-building__engine.json,2f2f462a537c5d3be2a626f5ebc990eec9a507df4c42032375ca41ca0dc1ea58,7e1ec7e156c66c006dde8268b7888119ee3175e08467cbd1cd74b401a284d553,REQUIRED,REQUIRED,1,0,0,BUILDING,BUILDING,1,truth-incomplete,[],"[{""family"":""ACCESSIBILITY"",""status"":""CONDITIONAL""},{""family"":""ELECTRICAL"",""status"":""REQUIRED""},{""family"":""MECHANICAL"",""status"":""REQUIRED""},{""family"":""OCCUPANCY_CO"",""status"":""CONDITIONAL""},{""family"":""OTHER"",""status"":""VERIFY""},{""family"":""PLUMBING"",""status"":""REQUIRED""},{""family"":""ZONING_PLANNING"",""status"":""REQUIRED""}]",0,0
cell-us-ak-angoon-commercial-commercial-tenant-improvement-building,engine_luna,benchmarks/permit_accuracy_v1_1/raw_full_v11/cell-us-ak-angoon-commercial-commercial-tenant-improvement-building__engine_luna.json,03e12fcb36a4129b703be4861042155ce3414e8db35ab92e689843f328096e77,380aecde20b8e3c8febd7688fef47c544aab814f01b68b7206143eb8ec123f39,REQUIRED,REQUIRED,1,0,0,BUILDING,BUILDING,1,truth-incomplete,[],"[{""family"":""ACCESSIBILITY"",""status"":""CONDITIONAL""},{""family"":""BUILDING"",""status"":""VERIFY""},{""family"":""ELECTRICAL"",""status"":""REQUIRED""},{""family"":""MECHANICAL"",""status"":""REQUIRED""},{""family"":""OCCUPANCY_CO"",""status"":""CONDITIONAL""},{""family"":""OTHER"",""status"":""VERIFY""},{""family"":""PLUMBING"",""status"":""REQUIRED""},{""family"":""ZONING_PLANNING"",""status"":""REQUIRED""}]",0,0
cell-us-al-alabaster-commercial-commercial-tenant-improvement-building,luna,benchmarks/permit_accuracy_v1_1/raw_full_v11/cell-us-al-alabaster-commercial-commercial-tenant-improvement-building__luna.json,7741d5393fb820479539a68ea8420f363c4a81f5225a5e88737bbc0c7d9ddc26,48df5cdf7d3af901a0b7161001491641daf481a117694b2b985960139733f324,REQUIRED,REQUIRED,1,0,0,BUILDING,BUILDING,1,truth-incomplete,[],"[{""family"":""ELECTRICAL"",""status"":""REQUIRED""},{""family"":""FIRE_LIFE_SAFETY"",""status"":""VERIFY""},{""family"":""MECHANICAL"",""status"":""REQUIRED""},{""family"":""OCCUPANCY_CO"",""status"":""VERIFY""},{""family"":""PLUMBING"",""status"":""REQUIRED""},{""family"":""ZONING_PLANNING"",""status"":""VERIFY""}]",0,0
cell-us-al-alabaster-commercial-commercial-tenant-improvement-building,grok,benchmarks/permit_accuracy_v1_1/raw_full_v11/cell-us-al-alabaster-commercial-commercial-tenant-improvement-building__grok.json,a69eb580a4e78b13d046f5ac6e7b3859e1709726c150168866cc5982ad327e25,e1c5ab6fa580d6d57171c919eb719b9d5a33f9322a8d67bfe0f6f36ab227b6ee,REQUIRED,REQUIRED,1,0,0,BUILDING,BUILDING,1,truth-incomplete,[],"[{""family"":""ELECTRICAL"",""status"":""REQUIRED""},{""family"":""FIRE_LIFE_SAFETY"",""status"":""VERIFY""},{""family"":""GAS"",""status"":""VERIFY""},{""family"":""MECHANICAL"",""status"":""REQUIRED""},{""family"":""OCCUPANCY_CO"",""status"":""REQUIRED""},{""family"":""PLUMBING"",""status"":""REQUIRED""},{""family"":""ZONING_PLANNING"",""status"":""VERIFY""}]",0,0
cell-us-al-alabaster-commercial-commercial-tenant-improvement-building,gemini,benchmarks/permit_accuracy_v1_1/raw_full_v11/cell-us-al-alabaster-commercial-commercial-tenant-improvement-building__gemini.json,7119d61e9a1862cd0990f564bb9abc1addb2b7065516f4991d3c1bf180f9945f,0bc36f226013c6d78a3dd397fc287f0fc53326fe586630d8fcf61703fe69c402,REQUIRED,REQUIRED,1,0,0,BUILDING,BUILDING,1,truth-incomplete,[],"[{""family"":""ELECTRICAL"",""status"":""REQUIRED""},{""family"":""FIRE_LIFE_SAFETY"",""status"":""VERIFY""},{""family"":""MECHANICAL"",""status"":""REQUIRED""},{""family"":""OCCUPANCY_CO"",""status"":""REQUIRED""},{""family"":""PLUMBING"",""status"":""REQUIRED""},{""family"":""ZONING_PLANNING"",""status"":""VERIFY""}]",0,0
cell-us-al-alabaster-commercial-commercial-tenant-improvement-building,engine,benchmarks/permit_accuracy_v1_1/raw_full_v11/cell-us-al-alabaster-commercial-commercial-tenant-improvement-building__engine.json,ce16aebad7956bf606954064c4fc46d3762b4275f2311a8b4d630b996d827dd3,519b41a9a6c19f770a49c0539268edf6514fdc44dae42a1df85ba14fe42e8d6d,REQUIRED,REQUIRED,1,0,0,BUILDING,BUILDING,1,truth-incomplete,[],"[{""family"":""ACCESSIBILITY"",""status"":""CONDITIONAL""},{""family"":""ELECTRICAL"",""status"":""REQUIRED""},{""family"":""MECHANICAL"",""status"":""REQUIRED""},{""family"":""OCCUPANCY_CO"",""status"":""CONDITIONAL""},{""family"":""OTHER"",""status"":""VERIFY""},{""family"":""PLUMBING"",""status"":""REQUIRED""},{""family"":""ZONING_PLANNING"",""status"":""REQUIRED""}]",0,0
cell-us-al-alabaster-commercial-commercial-tenant-improvement-building,engine_luna,benchmarks/permit_accuracy_v1_1/raw_full_v11/cell-us-al-alabaster-commercial-commercial-tenant-improvement-building__engine_luna.json,87a5d3e3f9152cd14d8d1a32514cc7ee7e9cd6486a487c771d51d8ab82cf22a5,828920dbd2dea855689a1730b6e5782b457a5ed2ad1e99d5816fd86034a739fc,REQUIRED,REQUIRED,1,0,0,BUILDING,BUILDING,1,truth-incomplete,[],"[{""family"":""ACCESSIBILITY"",""status"":""CONDITIONAL""},{""family"":""ELECTRICAL"",""status"":""REQUIRED""},{""family"":""MECHANICAL"",""status"":""REQUIRED""},{""family"":""OCCUPANCY_CO"",""status"":""CONDITIONAL""},{""family"":""OTHER"",""status"":""VERIFY""},{""family"":""PLUMBING"",""status"":""REQUIRED""},{""family"":""ZONING_PLANNING"",""status"":""REQUIRED""}]",0,0
cell-us-al-andalusia-residential-residential-building-work-building,luna,benchmarks/permit_accuracy_v1_1/raw_full_v11/cell-us-al-andalusia-residential-residential-building-work-building__luna.json,9be1dbe917c06ac00d876e9eba3afd1155f6de5ff113b3a3d0d017eb6809a2d6,3725e2e4e42a93c1645787c7835ab82d07dd21b7854276e2a1aab20490c2fbbb,REQUIRED,REQUIRED,1,0,0,BUILDING,BUILDING,1,metric-eligible,"[{""family"":""ELECTRICAL"",""status"":""CONDITIONAL""},{""family"":""MECHANICAL"",""status"":""CONDITIONAL""},{""family"":""MOVING"",""status"":""CONDITIONAL""},{""family"":""PLUMBING"",""status"":""CONDITIONAL""},{""family"":""POOL_SPA"",""status"":""CONDITIONAL""},{""family"":""SIGN"",""status"":""CONDITIONAL""}]","[{""family"":""ELECTRICAL"",""status"":""CONDITIONAL""},{""family"":""MECHANICAL"",""status"":""CONDITIONAL""},{""family"":""PLUMBING"",""status"":""CONDITIONAL""}]",0,1
cell-us-al-andalusia-residential-residential-building-work-building,grok,benchmarks/permit_accuracy_v1_1/raw_full_v11/cell-us-al-andalusia-residential-residential-building-work-building__grok.json,c7e0b4a7b892d6fa709398e97d74665e111c326e3c0af6d8ada5c4a33aa5f824,4bb8558c6d7e7de9b20a2c67267b9037a3a3b53df398cb25cf5311de5dc838cb,REQUIRED,REQUIRED,1,0,0,BUILDING,BUILDING,1,metric-eligible,"[{""family"":""ELECTRICAL"",""status"":""CONDITIONAL""},{""family"":""MECHANICAL"",""status"":""CONDITIONAL""},{""family"":""MOVING"",""status"":""CONDITIONAL""},{""family"":""PLUMBING"",""status"":""CONDITIONAL""},{""family"":""POOL_SPA"",""status"":""CONDITIONAL""},{""family"":""SIGN"",""status"":""CONDITIONAL""}]","[{""family"":""ELECTRICAL"",""status"":""CONDITIONAL""},{""family"":""MECHANICAL"",""status"":""CONDITIONAL""},{""family"":""PLUMBING"",""status"":""CONDITIONAL""}]",0,1
cell-us-al-andalusia-residential-residential-building-work-building,gemini,benchmarks/permit_accuracy_v1_1/raw_full_v11/cell-us-al-andalusia-residential-residential-building-work-building__gemini.json,26d1e4f598df854b9fc4eb2ffce182d272d1f16d3e954609dfac6967442e49cf,3bb5b1b4f6765dd4fe690022c33409c25c59be0efc4e0ba181b2e80c3a2471da,REQUIRED,REQUIRED,1,0,0,BUILDING,BUILDING,1,metric-eligible,"[{""family"":""ELECTRICAL"",""status"":""CONDITIONAL""},{""family"":""MECHANICAL"",""status"":""CONDITIONAL""},{""family"":""MOVING"",""status"":""CONDITIONAL""},{""family"":""PLUMBING"",""status"":""CONDITIONAL""},{""family"":""POOL_SPA"",""status"":""CONDITIONAL""},{""family"":""SIGN"",""status"":""CONDITIONAL""}]","[{""family"":""ELECTRICAL"",""status"":""CONDITIONAL""},{""family"":""MECHANICAL"",""status"":""CONDITIONAL""},{""family"":""PLUMBING"",""status"":""CONDITIONAL""}]",0,1
cell-us-al-andalusia-residential-residential-building-work-building,engine,benchmarks/permit_accuracy_v1_1/raw_full_v11/cell-us-al-andalusia-residential-residential-building-work-building__engine.json,c26863aa9a14201ac8824ce85542a4093b0d88912b81fabd42aa65015215be9a,a761ceec150a5164038462c0503279c532fc9fc23560d68549007399b6ba6437,REQUIRED,REQUIRED,1,0,0,BUILDING,BUILDING,1,metric-eligible,"[{""family"":""ELECTRICAL"",""status"":""CONDITIONAL""},{""family"":""MECHANICAL"",""status"":""CONDITIONAL""},{""family"":""MOVING"",""status"":""CONDITIONAL""},{""family"":""PLUMBING"",""status"":""CONDITIONAL""},{""family"":""POOL_SPA"",""status"":""CONDITIONAL""},{""family"":""SIGN"",""status"":""CONDITIONAL""}]","[{""family"":""ELECTRICAL"",""status"":""REQUIRED""},{""family"":""MECHANICAL"",""status"":""REQUIRED""},{""family"":""PLUMBING"",""status"":""REQUIRED""}]",0,1
cell-us-al-andalusia-residential-residential-building-work-building,engine_luna,benchmarks/permit_accuracy_v1_1/raw_full_v11/cell-us-al-andalusia-residential-residential-building-work-building__engine_luna.json,b1e050d7ed9e728a739ce98c161d3aedec74c93185bf3f60549e23272948a139,fc82ba01e861f2fb1ae18de22f3dfdc331ef62183a0cfbd907f62df457c75d6e,REQUIRED,REQUIRED,1,0,0,BUILDING,BUILDING,1,metric-eligible,"[{""family"":""ELECTRICAL"",""status"":""CONDITIONAL""},{""family"":""MECHANICAL"",""status"":""CONDITIONAL""},{""family"":""MOVING"",""status"":""CONDITIONAL""},{""family"":""PLUMBING"",""status"":""CONDITIONAL""},{""family"":""POOL_SPA"",""status"":""CONDITIONAL""},{""family"":""SIGN"",""status"":""CONDITIONAL""}]","[{""family"":""ELECTRICAL"",""status"":""REQUIRED""},{""family"":""MECHANICAL"",""status"":""REQUIRED""},{""family"":""PLUMBING"",""status"":""REQUIRED""}]",0,1
cell-us-al-anniston-residential-residential-building-work-building,luna,benchmarks/permit_accuracy_v1_1/raw_full_v11/cell-us-al-anniston-residential-residential-building-work-building__luna.json,43a2300c79c68cb8064e6f1d9981deb3598d8fb295a2e87ddd59edabd8d5bd82,64abbbb206b04eb4a4dc987c6f2977a2028b1edf2a5298bdc41ee987eb82d133,REQUIRED,REQUIRED,1,0,0,BUILDING,BUILDING,1,metric-eligible,"[{""family"":""ELECTRICAL"",""status"":""CONDITIONAL""},{""family"":""FIRE_LIFE_SAFETY"",""status"":""CONDITIONAL""},{""family"":""MECHANICAL"",""status"":""CONDITIONAL""},{""family"":""PLUMBING"",""status"":""CONDITIONAL""}]","[{""family"":""ELECTRICAL"",""status"":""CONDITIONAL""},{""family"":""MECHANICAL"",""status"":""CONDITIONAL""},{""family"":""PLUMBING"",""status"":""CONDITIONAL""}]",0,1
cell-us-al-anniston-residential-residential-building-work-building,grok,benchmarks/permit_accuracy_v1_1/raw_full_v11/cell-us-al-anniston-residential-residential-building-work-building__grok.json,a3f1e99a706ff23f16ecc74a2b00d066c3b61f7827016dc28d53306d6ae3160e,77eb056860b8f3a57f03af7d7d048a6d8ebd473338a44931e13394fb19595bf1,REQUIRED,REQUIRED,1,0,0,BUILDING,BUILDING,1,metric-eligible,"[{""family"":""ELECTRICAL"",""status"":""CONDITIONAL""},{""family"":""FIRE_LIFE_SAFETY"",""status"":""CONDITIONAL""},{""family"":""MECHANICAL"",""status"":""CONDITIONAL""},{""family"":""PLUMBING"",""status"":""CONDITIONAL""}]","[{""family"":""ELECTRICAL"",""status"":""CONDITIONAL""},{""family"":""MECHANICAL"",""status"":""CONDITIONAL""},{""family"":""OTHER"",""status"":""CONDITIONAL""},{""family"":""PLUMBING"",""status"":""CONDITIONAL""}]",0,1
cell-us-al-anniston-residential-residential-building-work-building,gemini,benchmarks/permit_accuracy_v1_1/raw_full_v11/cell-us-al-anniston-residential-residential-building-work-building__gemini.json,6c18fbfae8b63bcb0c6397aacae4c8169769f966b0e8b336c1eb3057b0e1ea71,c030ba7e7def163d6ce1394a5a13652c631a646bc08a2c84459a12e7562c0b7f,REQUIRED,REQUIRED,1,0,0,BUILDING,BUILDING,1,metric-eligible,"[{""family"":""ELECTRICAL"",""status"":""CONDITIONAL""},{""family"":""FIRE_LIFE_SAFETY"",""status"":""CONDITIONAL""},{""family"":""MECHANICAL"",""status"":""CONDITIONAL""},{""family"":""PLUMBING"",""status"":""CONDITIONAL""}]",[],0,1
cell-us-al-anniston-residential-residential-building-work-building,engine,benchmarks/permit_accuracy_v1_1/raw_full_v11/cell-us-al-anniston-residential-residential-building-work-building__engine.json,720d524abe1b854e79d348da6ab3152b77e91f5f07a7219d679b28d49eeb0781,41c182794d861e7ede3f413f7c1ff9fbf75cbe861c9113d6671115a935cda9f8,REQUIRED,REQUIRED,1,0,0,BUILDING,BUILDING,1,metric-eligible,"[{""family"":""ELECTRICAL"",""status"":""CONDITIONAL""},{""family"":""FIRE_LIFE_SAFETY"",""status"":""CONDITIONAL""},{""family"":""MECHANICAL"",""status"":""CONDITIONAL""},{""family"":""PLUMBING"",""status"":""CONDITIONAL""}]","[{""family"":""ELECTRICAL"",""status"":""REQUIRED""},{""family"":""MECHANICAL"",""status"":""REQUIRED""},{""family"":""PLUMBING"",""status"":""REQUIRED""}]",0,1
cell-us-al-anniston-residential-residential-building-work-building,engine_luna,benchmarks/permit_accuracy_v1_1/raw_full_v11/cell-us-al-anniston-residential-residential-building-work-building__engine_luna.json,28031d4f8a461195c86e7eae1c0298650be94f4fbcb1a48ce9401ad5af223b50,102573ac5759a2ce4317686decf1a7b1ad9880ae94ecbdcdc55e1a5224c72886,REQUIRED,REQUIRED,1,0,0,BUILDING,BUILDING,1,metric-eligible,"[{""family"":""ELECTRICAL"",""status"":""CONDITIONAL""},{""family"":""FIRE_LIFE_SAFETY"",""status"":""CONDITIONAL""},{""family"":""MECHANICAL"",""status"":""CONDITIONAL""},{""family"":""PLUMBING"",""status"":""CONDITIONAL""}]","[{""family"":""ELECTRICAL"",""status"":""REQUIRED""},{""family"":""MECHANICAL"",""status"":""REQUIRED""},{""family"":""PLUMBING"",""status"":""REQUIRED""}]",0,1
cell-us-al-auburn-commercial-commercial-tenant-improvement-building,luna,benchmarks/permit_accuracy_v1_1/raw_full_v11/cell-us-al-auburn-commercial-commercial-tenant-improvement-building__luna.json,e788177e1410de06716e605b04a9136e02fce6b85b429604b23574efd985c150,deac8e658e18c72684936e11604b91af4eb9b1068fb7599fa32bb6eb8c5d1b6f,REQUIRED,REQUIRED,1,0,0,BUILDING,BUILDING,1,truth-incomplete,[],"[{""family"":""ELECTRICAL"",""status"":""CONDITIONAL""},{""family"":""FIRE_LIFE_SAFETY"",""status"":""CONDITIONAL""},{""family"":""MECHANICAL"",""status"":""CONDITIONAL""},{""family"":""OCCUPANCY_CO"",""status"":""CONDITIONAL""},{""family"":""PLUMBING"",""status"":""CONDITIONAL""},{""family"":""ZONING_PLANNING"",""status"":""CONDITIONAL""}]",0,0
cell-us-al-auburn-commercial-commercial-tenant-improvement-building,grok,benchmarks/permit_accuracy_v1_1/raw_full_v11/cell-us-al-auburn-commercial-commercial-tenant-improvement-building__grok.json,401432e25e6ed25ca79954a08eb0e8208768e7aacf0494ae7b4c02043308a9c5,724258febd05d7c8e3863c3dcd0340f4810a853a2aea830cf650ae72af88015b,REQUIRED,REQUIRED,1,0,0,BUILDING,BUILDING,1,truth-incomplete,[],"[{""family"":""ELECTRICAL"",""status"":""VERIFY""},{""family"":""FIRE_LIFE_SAFETY"",""status"":""VERIFY""},{""family"":""MECHANICAL"",""status"":""VERIFY""},{""family"":""OCCUPANCY_CO"",""status"":""VERIFY""},{""family"":""PLUMBING"",""status"":""VERIFY""},{""family"":""ZONING_PLANNING"",""status"":""VERIFY""}]",0,0
cell-us-al-auburn-commercial-commercial-tenant-improvement-building,gemini,benchmarks/permit_accuracy_v1_1/raw_full_v11/cell-us-al-auburn-commercial-commercial-tenant-improvement-building__gemini.json,af03ce4e36ecbcbfbe748e586e85b31400ac54e69464955a5226a813475e7fd8,f74ddf325fe99d517fdef20c81b163d208b0ba54bab12155cb9a384621f4d9e7,REQUIRED,REQUIRED,1,0,0,BUILDING,BUILDING,1,truth-incomplete,[],"[{""family"":""ELECTRICAL"",""status"":""VERIFY""},{""family"":""FIRE_LIFE_SAFETY"",""status"":""VERIFY""},{""family"":""MECHANICAL"",""status"":""VERIFY""},{""family"":""OCCUPANCY_CO"",""status"":""VERIFY""},{""family"":""PLUMBING"",""status"":""VERIFY""},{""family"":""ZONING_PLANNING"",""status"":""VERIFY""}]",0,0
cell-us-al-auburn-commercial-commercial-tenant-improvement-building,engine,benchmarks/permit_accuracy_v1_1/raw_full_v11/cell-us-al-auburn-commercial-commercial-tenant-improvement-building__engine.json,ce91dc2c0940c3ed17ed109403bb7c24967c1dc6f6163112b7f1a2e80240298a,bcccf49aadc329116cf15167a23e59fe59a660797f216b5d9d3c3a036df64c13,REQUIRED,REQUIRED,1,0,0,BUILDING,BUILDING,1,truth-incomplete,[],"[{""family"":""ACCESSIBILITY"",""status"":""CONDITIONAL""},{""family"":""ELECTRICAL"",""status"":""REQUIRED""},{""family"":""MECHANICAL"",""status"":""REQUIRED""},{""family"":""OCCUPANCY_CO"",""status"":""CONDITIONAL""},{""family"":""OTHER"",""status"":""VERIFY""},{""family"":""PLUMBING"",""status"":""REQUIRED""},{""family"":""ZONING_PLANNING"",""status"":""REQUIRED""}]",0,0
cell-us-al-auburn-commercial-commercial-tenant-improvement-building,engine_luna,benchmarks/permit_accuracy_v1_1/raw_full_v11/cell-us-al-auburn-commercial-commercial-tenant-improvement-building__engine_luna.json,b44d9ef250abc899169ca7d0b800a71c4ae8aa87b9676bfc0aa82d964c782c76,8d26a30e52db3b5fae4385edaf22f5cf27c8026f8486daad77886c466544ec16,REQUIRED,REQUIRED,1,0,0,BUILDING,BUILDING,1,truth-incomplete,[],"[{""family"":""ACCESSIBILITY"",""status"":""CONDITIONAL""},{""family"":""ELECTRICAL"",""status"":""REQUIRED""},{""family"":""MECHANICAL"",""status"":""REQUIRED""},{""family"":""OCCUPANCY_CO"",""status"":""CONDITIONAL""},{""family"":""OTHER"",""status"":""VERIFY""},{""family"":""PLUMBING"",""status"":""REQUIRED""},{""family"":""ZONING_PLANNING"",""status"":""REQUIRED""}]",0,0
cell-us-ar-arkadelphia-commercial-commercial-tenant-improvement-building,luna,benchmarks/permit_accuracy_v1_1/raw_full_v11/cell-us-ar-arkadelphia-commercial-commercial-tenant-improvement-building__luna.json,b82703e3630d4d44ab67d0bfb9a0e6a22748c7c6d8e9bd0e828f1ac326ac1eb5,3534c8397ef950e3f63e50e6da0a5e8c25d0ea7b898d203ec6f86813c48d3dc2,REQUIRED,REQUIRED,1,0,0,BUILDING,BUILDING,1,truth-incomplete,[],"[{""family"":""ELECTRICAL"",""status"":""VERIFY""},{""family"":""FIRE_LIFE_SAFETY"",""status"":""VERIFY""},{""family"":""MECHANICAL"",""status"":""VERIFY""},{""family"":""OCCUPANCY_CO"",""status"":""VERIFY""},{""family"":""PLUMBING"",""status"":""VERIFY""},{""family"":""ZONING_PLANNING"",""status"":""VERIFY""}]",0,0
cell-us-ar-arkadelphia-commercial-commercial-tenant-improvement-building,grok,benchmarks/permit_accuracy_v1_1/raw_full_v11/cell-us-ar-arkadelphia-commercial-commercial-tenant-improvement-building__grok.json,991f5faee44e02d8fb1967729b39a8fd9121cc7939a819f497ae22d406d3b953,df3f47e577411e2adaeb5f0f7fc8a19e54561894db71afaff5743ef101195504,REQUIRED,REQUIRED,1,0,0,BUILDING,BUILDING,1,truth-incomplete,[],"[{""family"":""ELECTRICAL"",""status"":""VERIFY""},{""family"":""FIRE_LIFE_SAFETY"",""status"":""VERIFY""},{""family"":""MECHANICAL"",""status"":""VERIFY""},{""family"":""OCCUPANCY_CO"",""status"":""REQUIRED""},{""family"":""PLUMBING"",""status"":""VERIFY""},{""family"":""ZONING_PLANNING"",""status"":""VERIFY""}]",0,0
cell-us-ar-arkadelphia-commercial-commercial-tenant-improvement-building,gemini,benchmarks/permit_accuracy_v1_1/raw_full_v11/cell-us-ar-arkadelphia-commercial-commercial-tenant-improvement-building__gemini.json,ec56e3680ca8fa1f15f1146368b690b0ba771788d2c92c9fd67bdd2b18953d07,5ecde239ffe3e16ad6f3225976effa190499cecc8301e3c7c1ba5c8deb2f8092,REQUIRED,REQUIRED,1,0,0,BUILDING,BUILDING,1,truth-incomplete,[],"[{""family"":""ELECTRICAL"",""status"":""VERIFY""},{""family"":""FIRE_LIFE_SAFETY"",""status"":""VERIFY""},{""family"":""MECHANICAL"",""status"":""VERIFY""},{""family"":""OCCUPANCY_CO"",""status"":""REQUIRED""},{""family"":""PLUMBING"",""status"":""VERIFY""},{""family"":""ZONING_PLANNING"",""status"":""VERIFY""}]",0,0
cell-us-ar-arkadelphia-commercial-commercial-tenant-improvement-building,engine,benchmarks/permit_accuracy_v1_1/raw_full_v11/cell-us-ar-arkadelphia-commercial-commercial-tenant-improvement-building__engine.json,005ca86db0f2dc329f01ce15e5e1f92c95049a7dfc19284bd1204187630d94dc,db0dcacf36182dec561586b918654dd54ac479163b2fcf8417248572798a3e0a,REQUIRED,REQUIRED,1,0,0,BUILDING,BUILDING,1,truth-incomplete,[],"[{""family"":""ACCESSIBILITY"",""status"":""CONDITIONAL""},{""family"":""ELECTRICAL"",""status"":""REQUIRED""},{""family"":""MECHANICAL"",""status"":""REQUIRED""},{""family"":""OCCUPANCY_CO"",""status"":""CONDITIONAL""},{""family"":""OTHER"",""status"":""VERIFY""},{""family"":""PLUMBING"",""status"":""REQUIRED""},{""family"":""ZONING_PLANNING"",""status"":""REQUIRED""}]",0,0
cell-us-ar-arkadelphia-commercial-commercial-tenant-improvement-building,engine_luna,benchmarks/permit_accuracy_v1_1/raw_full_v11/cell-us-ar-arkadelphia-commercial-commercial-tenant-improvement-building__engine_luna.json,f367f1d450200ef03bb3a221a9c8650a1c8366a7a6436ec6dd2e9bbd01e8dfc9,09c144a2398ebe6d7638ee52f9fd42fe6c5e72be019e5c573e4f16f199d702db,REQUIRED,REQUIRED,1,0,0,BUILDING,BUILDING,1,truth-incomplete,[],"[{""family"":""ACCESSIBILITY"",""status"":""CONDITIONAL""},{""family"":""ELECTRICAL"",""status"":""REQUIRED""},{""family"":""MECHANICAL"",""status"":""REQUIRED""},{""family"":""OCCUPANCY_CO"",""status"":""CONDITIONAL""},{""family"":""OTHER"",""status"":""VERIFY""},{""family"":""PLUMBING"",""status"":""REQUIRED""},{""family"":""ZONING_PLANNING"",""status"":""REQUIRED""}]",0,0
cell-us-az-apache-junction-commercial-commercial-tenant-improvement-building,luna,benchmarks/permit_accuracy_v1_1/raw_full_v11/cell-us-az-apache-junction-commercial-commercial-tenant-improvement-building__luna.json,32eb328767abf7bfe2984337618c4f85e810b37a5c229362e1866368251b9dc8,57279768de8c001f1c8739d23f8d10e694b6ecb954de4d485e2d24272d1e33d4,REQUIRED,REQUIRED,1,0,0,BUILDING,BUILDING,1,truth-incomplete,[],"[{""family"":""ELECTRICAL"",""status"":""VERIFY""},{""family"":""FIRE_LIFE_SAFETY"",""status"":""VERIFY""},{""family"":""MECHANICAL"",""status"":""VERIFY""},{""family"":""OCCUPANCY_CO"",""status"":""VERIFY""},{""family"":""PLUMBING"",""status"":""VERIFY""},{""family"":""ZONING_PLANNING"",""status"":""VERIFY""}]",0,0
cell-us-az-apache-junction-commercial-commercial-tenant-improvement-building,grok,benchmarks/permit_accuracy_v1_1/raw_full_v11/cell-us-az-apache-junction-commercial-commercial-tenant-improvement-building__grok.json,2e25cca8db72c1bbb4affe189152976cda09cca73b13f28265dca6b45046edd8,d09d7365b6c825206e36873f8755aad8df3a38398e40d540bd95677309f0a729,REQUIRED,REQUIRED,1,0,0,BUILDING,BUILDING,1,truth-incomplete,[],"[{""family"":""ELECTRICAL"",""status"":""VERIFY""},{""family"":""FIRE_LIFE_SAFETY"",""status"":""VERIFY""},{""family"":""MECHANICAL"",""status"":""VERIFY""},{""family"":""OCCUPANCY_CO"",""status"":""VERIFY""},{""family"":""PLUMBING"",""status"":""VERIFY""},{""family"":""ZONING_PLANNING"",""status"":""VERIFY""}]",0,0
cell-us-az-apache-junction-commercial-commercial-tenant-improvement-building,gemini,benchmarks/permit_accuracy_v1_1/raw_full_v11/cell-us-az-apache-junction-commercial-commercial-tenant-improvement-building__gemini.json,4a7fb604ccc1d116e53bc2341786014ae908a589ce404fcf4123edd473d2a53f,6dfc4c910a760a68c7319c801527b64962a5173e171489c0e5ca534f0c80781b,REQUIRED,REQUIRED,1,0,0,BUILDING,BUILDING,1,truth-incomplete,[],[],1,0
cell-us-az-apache-junction-commercial-commercial-tenant-improvement-building,engine,benchmarks/permit_accuracy_v1_1/raw_full_v11/cell-us-az-apache-junction-commercial-commercial-tenant-improvement-building__engine.json,4811c142332733600388d435af83f421ca9e84d01145d66da2c2e03a5c76f0f4,a9ee178ffbe1d00cadf8221fe722e548eb8dd8fc6f16d44ee50b17ae7ff86a1d,REQUIRED,REQUIRED,1,0,0,BUILDING,BUILDING,1,truth-incomplete,[],"[{""family"":""ACCESSIBILITY"",""status"":""CONDITIONAL""},{""family"":""ELECTRICAL"",""status"":""REQUIRED""},{""family"":""MECHANICAL"",""status"":""REQUIRED""},{""family"":""OCCUPANCY_CO"",""status"":""CONDITIONAL""},{""family"":""OTHER"",""status"":""VERIFY""},{""family"":""PLUMBING"",""status"":""REQUIRED""},{""family"":""ZONING_PLANNING"",""status"":""REQUIRED""}]",0,0
cell-us-az-apache-junction-commercial-commercial-tenant-improvement-building,engine_luna,benchmarks/permit_accuracy_v1_1/raw_full_v11/cell-us-az-apache-junction-commercial-commercial-tenant-improvement-building__engine_luna.json,e3d000f37cbeae1feec8f6759de25801ba527d853c4c66362689e6aa9f239610,2f25c145f17e0a9080eb94b99932daba4a18c3f0ea2968a87dc58682381d797b,REQUIRED,REQUIRED,1,0,0,BUILDING,BUILDING,1,truth-incomplete,[],"[{""family"":""ACCESSIBILITY"",""status"":""CONDITIONAL""},{""family"":""ELECTRICAL"",""status"":""REQUIRED""},{""family"":""MECHANICAL"",""status"":""REQUIRED""},{""family"":""OCCUPANCY_CO"",""status"":""CONDITIONAL""},{""family"":""OTHER"",""status"":""VERIFY""},{""family"":""PLUMBING"",""status"":""REQUIRED""},{""family"":""ZONING_PLANNING"",""status"":""REQUIRED""}]",0,0
cell-us-az-flagstaff-residential-reroof-building,luna,benchmarks/permit_accuracy_v1_1/raw_full_v11/cell-us-az-flagstaff-residential-reroof-building__luna.json,f393b3a748f8dbaa271713ed5203e30c19ef0160336ad47e3c46f178f3b5a7d1,8fae22d8cef54f28462769fb369efdcca561c41f554415669597fb50f5c30bc1,REQUIRED,REQUIRED,1,0,0,BUILDING,BUILDING,1,truth-incomplete,[],[],1,0
cell-us-az-flagstaff-residential-reroof-building,grok,benchmarks/permit_accuracy_v1_1/raw_full_v11/cell-us-az-flagstaff-residential-reroof-building__grok.json,1bf02b24c5c182548e17249a26563cabd42ddea3afd4395edeb9df8fba1e6876,8db3ce85150018fcd7343b9108a94f10de84d9e02ff515053117702ffe7eda8d,REQUIRED,REQUIRED,1,0,0,BUILDING,BUILDING,1,truth-incomplete,[],[],1,0
cell-us-az-flagstaff-residential-reroof-building,gemini,benchmarks/permit_accuracy_v1_1/raw_full_v11/cell-us-az-flagstaff-residential-reroof-building__gemini.json,0eb3969b973dc1e64ff359f5d0ae5d40887ae660fdba0bdfe0ab5e8a8cfa5627,989f61b6d654ffe5c5444a2f5204838a1477f71307fb40381ccd102e9187916e,REQUIRED,REQUIRED,1,0,0,BUILDING,BUILDING,1,truth-incomplete,[],[],1,0
cell-us-az-flagstaff-residential-reroof-building,engine,benchmarks/permit_accuracy_v1_1/raw_full_v11/cell-us-az-flagstaff-residential-reroof-building__engine.json,db8f6ee2b96262aa4110249109cc169bbe6c2d83a64364b041ff133b8708ec94,f0c8403becd5ea53311b916c6112d1316ffca6ac180198bf36de6d3ab60c0a33,REQUIRED,REQUIRED,1,0,0,BUILDING,BUILDING,1,truth-incomplete,[],[],1,0
cell-us-az-flagstaff-residential-reroof-building,engine_luna,benchmarks/permit_accuracy_v1_1/raw_full_v11/cell-us-az-flagstaff-residential-reroof-building__engine_luna.json,3c5d809c4f0139799095b23a3849a3b335cec88c72c565fd262c216da6822161,f6db6f95ab727da02c209636b8cc5298735c671f9ac9ec76b9545043e1f09b2c,REQUIRED,REQUIRED,1,0,0,BUILDING,BUILDING,1,truth-incomplete,[],[],1,0
cell-us-az-mesa-residential-residential-construction-building,luna,benchmarks/permit_accuracy_v1_1/raw_full_v11/cell-us-az-mesa-residential-residential-construction-building__luna.json,ef24a133e1637e20eebd9f8b5b91e808f5d3c6a0ae436aefeece33ca0137dfe9,4df83b81d917136d4403d1224abef39dc8d46f638af627f03539f25fbc1b3f96,REQUIRED,VERIFY,0,1,0,BUILDING,VERIFY,0,truth-incomplete,[],"[{""family"":""ELECTRICAL"",""status"":""VERIFY""},{""family"":""MECHANICAL"",""status"":""VERIFY""},{""family"":""PLUMBING"",""status"":""VERIFY""}]",0,0
cell-us-az-mesa-residential-residential-construction-building,grok,benchmarks/permit_accuracy_v1_1/raw_full_v11/cell-us-az-mesa-residential-residential-construction-building__grok.json,3b54bf1eb1da79787ddfbeafccb68f2b83da38285e46c6b1207b1515a9965139,c18d517ae5aceef9721353838ed3645b31874ff643de89d1b05d752abf154744,REQUIRED,REQUIRED,1,0,0,BUILDING,BUILDING,1,truth-incomplete,[],"[{""family"":""ELECTRICAL"",""status"":""CONDITIONAL""},{""family"":""MECHANICAL"",""status"":""CONDITIONAL""},{""family"":""OTHER"",""status"":""VERIFY""},{""family"":""PLUMBING"",""status"":""CONDITIONAL""}]",0,0
cell-us-az-mesa-residential-residential-construction-building,gemini,benchmarks/permit_accuracy_v1_1/raw_full_v11/cell-us-az-mesa-residential-residential-construction-building__gemini.json,b5f71848d411e0db835f4cae99e9ab252fe9f9cebf1c1c5359b174a7758bce2a,e1d3a496acd59c9e87dd6c6698cf28933b21d46c02cb9b170a7bd1035dd8ed83,REQUIRED,VERIFY,0,1,0,BUILDING,VERIFY,0,truth-incomplete,[],[],1,0
cell-us-az-mesa-residential-residential-construction-building,engine,benchmarks/permit_accuracy_v1_1/raw_full_v11/cell-us-az-mesa-residential-residential-construction-building__engine.json,27f0b6018cfe20bbc66d3b1181bf3b728e81e3f1f140ee045401da71ba8ce751,a01b75b446dd29261bc6167c9498f84ba53c12a323e312b9fa602c1e45e57572,REQUIRED,REQUIRED,1,0,0,BUILDING,BUILDING,1,truth-incomplete,[],"[{""family"":""ELECTRICAL"",""status"":""REQUIRED""},{""family"":""MECHANICAL"",""status"":""REQUIRED""},{""family"":""PLUMBING"",""status"":""REQUIRED""}]",0,0
cell-us-az-mesa-residential-residential-construction-building,engine_luna,benchmarks/permit_accuracy_v1_1/raw_full_v11/cell-us-az-mesa-residential-residential-construction-building__engine_luna.json,fc25ecb3a271defc59aba0bb565ff13fcad550625f8597eefa2aec6ef67cd9c4,f2c5a482738bf97ed2f031daa7b10689ec4d03960b46b02d0817df484e22d51d,REQUIRED,REQUIRED,1,0,0,BUILDING,BUILDING,1,truth-incomplete,[],"[{""family"":""BUILDING"",""status"":""VERIFY""},{""family"":""ELECTRICAL"",""status"":""REQUIRED""},{""family"":""MECHANICAL"",""status"":""REQUIRED""},{""family"":""PLUMBING"",""status"":""REQUIRED""}]",0,0
cell-us-ca-anaheim-commercial-commercial-tenant-improvement-building,luna,benchmarks/permit_accuracy_v1_1/raw_full_v11/cell-us-ca-anaheim-commercial-commercial-tenant-improvement-building__luna.json,b368041c6d0c591dba2c5415c616448abe8f64d13865c13c7b3fc6cefb098a24,7d525c015fbb39a6bbdf8b1e171a606285d42022f01600b215c3410a95c687d0,REQUIRED,REQUIRED,1,0,0,BUILDING,BUILDING,1,truth-incomplete,[],"[{""family"":""ELECTRICAL"",""status"":""REQUIRED""},{""family"":""FIRE_LIFE_SAFETY"",""status"":""VERIFY""},{""family"":""MECHANICAL"",""status"":""REQUIRED""},{""family"":""OCCUPANCY_CO"",""status"":""VERIFY""},{""family"":""PLUMBING"",""status"":""REQUIRED""},{""family"":""ZONING_PLANNING"",""status"":""VERIFY""}]",0,0
cell-us-ca-anaheim-commercial-commercial-tenant-improvement-building,grok,benchmarks/permit_accuracy_v1_1/raw_full_v11/cell-us-ca-anaheim-commercial-commercial-tenant-improvement-building__grok.json,34ebb4a9057816da6fc6e596e580a5c7dd86414186bd51f04e2e5b4cb7e5485d,f76b7f8b08ab7ab9d5f34a1509879c39342ee7f1564457cae064c134175b970a,REQUIRED,REQUIRED,1,0,0,BUILDING,BUILDING,1,truth-incomplete,[],"[{""family"":""ELECTRICAL"",""status"":""REQUIRED""},{""family"":""FIRE_LIFE_SAFETY"",""status"":""VERIFY""},{""family"":""MECHANICAL"",""status"":""REQUIRED""},{""family"":""OCCUPANCY_CO"",""status"":""CONDITIONAL""},{""family"":""PLUMBING"",""status"":""REQUIRED""},{""family"":""ZONING_PLANNING"",""status"":""VERIFY""}]",0,0
cell-us-ca-anaheim-commercial-commercial-tenant-improvement-building,gemini,benchmarks/permit_accuracy_v1_1/raw_full_v11/cell-us-ca-anaheim-commercial-commercial-tenant-improvement-building__gemini.json,420d8f5b8d346ae8f42cb4ad1caa62104d1cb2cc625d298e8304cfd39fba08b9,5b4aea08fde4903edaa9bb6de11afd8f666464e5629d6adc686d1288d748048f,REQUIRED,REQUIRED,1,0,0,BUILDING,BUILDING,1,truth-incomplete,[],"[{""family"":""ELECTRICAL"",""status"":""REQUIRED""},{""family"":""FIRE_LIFE_SAFETY"",""status"":""VERIFY""},{""family"":""MECHANICAL"",""status"":""REQUIRED""},{""family"":""OCCUPANCY_CO"",""status"":""REQUIRED""},{""family"":""PLUMBING"",""status"":""REQUIRED""},{""family"":""ZONING_PLANNING"",""status"":""VERIFY""}]",0,0
cell-us-ca-anaheim-commercial-commercial-tenant-improvement-building,engine,benchmarks/permit_accuracy_v1_1/raw_full_v11/cell-us-ca-anaheim-commercial-commercial-tenant-improvement-building__engine.json,dfb669a4cc72ee81a2d338ed6704447abd61beae1227e842361acfafed0ea43b,4b8236902e483638c9f4219a2499a9bcdcac7e33980a88ef37253261f425f632,REQUIRED,REQUIRED,1,0,0,BUILDING,BUILDING,1,truth-incomplete,[],"[{""family"":""ACCESSIBILITY"",""status"":""CONDITIONAL""},{""family"":""ELECTRICAL"",""status"":""REQUIRED""},{""family"":""MECHANICAL"",""status"":""REQUIRED""},{""family"":""OCCUPANCY_CO"",""status"":""CONDITIONAL""},{""family"":""OTHER"",""status"":""VERIFY""},{""family"":""PLUMBING"",""status"":""REQUIRED""},{""family"":""ZONING_PLANNING"",""status"":""REQUIRED""}]",0,0
cell-us-ca-anaheim-commercial-commercial-tenant-improvement-building,engine_luna,benchmarks/permit_accuracy_v1_1/raw_full_v11/cell-us-ca-anaheim-commercial-commercial-tenant-improvement-building__engine_luna.json,95d17e244732c920957e83c20e4369d65e407a055fd10f84c91a62042bde76ba,08afc0b2cbc8d463a4c6b56116deb8f2eeb966dcb0a0fb4fe5b761632776dc92,REQUIRED,REQUIRED,1,0,0,BUILDING,BUILDING,1,truth-incomplete,[],"[{""family"":""ACCESSIBILITY"",""status"":""CONDITIONAL""},{""family"":""ELECTRICAL"",""status"":""REQUIRED""},{""family"":""MECHANICAL"",""status"":""REQUIRED""},{""family"":""OCCUPANCY_CO"",""status"":""CONDITIONAL""},{""family"":""OTHER"",""status"":""VERIFY""},{""family"":""PLUMBING"",""status"":""REQUIRED""},{""family"":""ZONING_PLANNING"",""status"":""REQUIRED""}]",0,0
cell-us-co-adams-county-commercial-commercial-tenant-improvement-building,luna,benchmarks/permit_accuracy_v1_1/raw_full_v11/cell-us-co-adams-county-commercial-commercial-tenant-improvement-building__luna.json,6769798b32603a560e2b7fac88efd781d2880b19b612d7326c08b246317be001,5e174e7a80fc1bd69c69a8749e5537bbecc48abfed8c9faed2d732d2665a1f70,REQUIRED,REQUIRED,1,0,0,BUILDING,BUILDING,1,truth-incomplete,[],"[{""family"":""ELECTRICAL"",""status"":""VERIFY""},{""family"":""FIRE_LIFE_SAFETY"",""status"":""VERIFY""},{""family"":""MECHANICAL"",""status"":""VERIFY""},{""family"":""OCCUPANCY_CO"",""status"":""VERIFY""},{""family"":""PLUMBING"",""status"":""VERIFY""},{""family"":""ZONING_PLANNING"",""status"":""VERIFY""}]",0,0
cell-us-co-adams-county-commercial-commercial-tenant-improvement-building,grok,benchmarks/permit_accuracy_v1_1/raw_full_v11/cell-us-co-adams-county-commercial-commercial-tenant-improvement-building__grok.json,c4be7e0e4e55f64bd650470429d758c04b18ef6c8bdc3fa86b9be53c038f06fc,4da9b8541d8212f15d967583e3c2404679b401907bc30490290885d54505823f,REQUIRED,REQUIRED,1,0,0,BUILDING,BUILDING,1,truth-incomplete,[],"[{""family"":""ELECTRICAL"",""status"":""REQUIRED""},{""family"":""FIRE_LIFE_SAFETY"",""status"":""VERIFY""},{""family"":""GAS"",""status"":""VERIFY""},{""family"":""MECHANICAL"",""status"":""REQUIRED""},{""family"":""OCCUPANCY_CO"",""status"":""VERIFY""},{""family"":""PLUMBING"",""status"":""REQUIRED""},{""family"":""ZONING_PLANNING"",""status"":""VERIFY""}]",0,0
cell-us-co-adams-county-commercial-commercial-tenant-improvement-building,gemini,benchmarks/permit_accuracy_v1_1/raw_full_v11/cell-us-co-adams-county-commercial-commercial-tenant-improvement-building__gemini.json,ad6c8e59c4843dd0cc0c3f2cd1379526e3a015414e998224081ad5a374cd154d,231c9c315aa0d2f6f2ceb869859af34b51c441b6c549707559cfb53254948205,REQUIRED,REQUIRED,1,0,0,BUILDING,BUILDING,1,truth-incomplete,[],"[{""family"":""ELECTRICAL"",""status"":""REQUIRED""},{""family"":""FIRE_LIFE_SAFETY"",""status"":""VERIFY""},{""family"":""MECHANICAL"",""status"":""REQUIRED""},{""family"":""OCCUPANCY_CO"",""status"":""VERIFY""},{""family"":""PLUMBING"",""status"":""REQUIRED""},{""family"":""ZONING_PLANNING"",""status"":""VERIFY""}]",0,0
cell-us-co-adams-county-commercial-commercial-tenant-improvement-building,engine,benchmarks/permit_accuracy_v1_1/raw_full_v11/cell-us-co-adams-county-commercial-commercial-tenant-improvement-building__engine.json,2277e54696ded04ecb6b66b3a20d8b9b86c7535fd7729413085b3d48e8b789b7,689a77262e1d16def11ba53b04305e19631b7e9daebb365533e99ed67cf05ad6,REQUIRED,REQUIRED,1,0,0,BUILDING,BUILDING,1,truth-incomplete,[],"[{""family"":""ACCESSIBILITY"",""status"":""CONDITIONAL""},{""family"":""ELECTRICAL"",""status"":""REQUIRED""},{""family"":""MECHANICAL"",""status"":""REQUIRED""},{""family"":""OCCUPANCY_CO"",""status"":""CONDITIONAL""},{""family"":""OTHER"",""status"":""VERIFY""},{""family"":""PLUMBING"",""status"":""REQUIRED""},{""family"":""ZONING_PLANNING"",""status"":""REQUIRED""}]",0,0
cell-us-co-adams-county-commercial-commercial-tenant-improvement-building,engine_luna,benchmarks/permit_accuracy_v1_1/raw_full_v11/cell-us-co-adams-county-commercial-commercial-tenant-improvement-building__engine_luna.json,2401f79190703d5dbd63b867d8d658b5426c0dcd34fc91603cac7f3e3dee8832,4246837f73e0e18bae7428789c9d5c57c6541e0766cd6c23fe0be41c23506eec,REQUIRED,REQUIRED,1,0,0,BUILDING,BUILDING,1,truth-incomplete,[],"[{""family"":""ACCESSIBILITY"",""status"":""CONDITIONAL""},{""family"":""ELECTRICAL"",""status"":""REQUIRED""},{""family"":""MECHANICAL"",""status"":""REQUIRED""},{""family"":""OCCUPANCY_CO"",""status"":""CONDITIONAL""},{""family"":""OTHER"",""status"":""VERIFY""},{""family"":""PLUMBING"",""status"":""REQUIRED""},{""family"":""ZONING_PLANNING"",""status"":""REQUIRED""}]",0,0
cell-us-ct-branford-commercial-commercial-tenant-improvement-building,luna,benchmarks/permit_accuracy_v1_1/raw_full_v11/cell-us-ct-branford-commercial-commercial-tenant-improvement-building__luna.json,aa15db7a9ac761da8bcd13cc24224dd92e68398265f261e946dcc6682523b9a8,1aea2ed43b389de89d344b37801d1ef2bd63ebea85aaa3cf3676d1791400494b,REQUIRED,REQUIRED,1,0,0,BUILDING,BUILDING,1,truth-incomplete,[],"[{""family"":""ELECTRICAL"",""status"":""REQUIRED""},{""family"":""FIRE_LIFE_SAFETY"",""status"":""VERIFY""},{""family"":""GAS"",""status"":""VERIFY""},{""family"":""MECHANICAL"",""status"":""REQUIRED""},{""family"":""OCCUPANCY_CO"",""status"":""VERIFY""},{""family"":""PLUMBING"",""status"":""REQUIRED""},{""family"":""ZONING_PLANNING"",""status"":""VERIFY""}]",0,0
cell-us-ct-branford-commercial-commercial-tenant-improvement-building,grok,benchmarks/permit_accuracy_v1_1/raw_full_v11/cell-us-ct-branford-commercial-commercial-tenant-improvement-building__grok.json,2690b9b549a42da08cb77f955bf4b6d3abce536ebe890afbb0297ec612df31f1,29afb628d6a8766501d75215a7170d511c4f0dfa10d853313b5fc391f06178e2,REQUIRED,REQUIRED,1,0,0,BUILDING,BUILDING,1,truth-incomplete,[],"[{""family"":""ELECTRICAL"",""status"":""REQUIRED""},{""family"":""FIRE_LIFE_SAFETY"",""status"":""VERIFY""},{""family"":""GAS"",""status"":""REQUIRED""},{""family"":""MECHANICAL"",""status"":""REQUIRED""},{""family"":""OCCUPANCY_CO"",""status"":""REQUIRED""},{""family"":""PLUMBING"",""status"":""REQUIRED""},{""family"":""ZONING_PLANNING"",""status"":""VERIFY""}]",0,0
cell-us-ct-branford-commercial-commercial-tenant-improvement-building,gemini,benchmarks/permit_accuracy_v1_1/raw_full_v11/cell-us-ct-branford-commercial-commercial-tenant-improvement-building__gemini.json,a6af132eb4bcacdba28ab87390c9e6cdc8211f195b854d368c0d7991499d9c2c,862adbd73f2ff740f739c46b5cb188429e40d8081d85edb4293905195569ec89,REQUIRED,REQUIRED,1,0,0,BUILDING,BUILDING,1,truth-incomplete,[],"[{""family"":""ELECTRICAL"",""status"":""REQUIRED""},{""family"":""FIRE_LIFE_SAFETY"",""status"":""VERIFY""},{""family"":""GAS"",""status"":""REQUIRED""},{""family"":""MECHANICAL"",""status"":""REQUIRED""},{""family"":""OCCUPANCY_CO"",""status"":""REQUIRED""},{""family"":""PLUMBING"",""status"":""REQUIRED""},{""family"":""ZONING_PLANNING"",""status"":""VERIFY""}]",0,0
cell-us-ct-branford-commercial-commercial-tenant-improvement-building,engine,benchmarks/permit_accuracy_v1_1/raw_full_v11/cell-us-ct-branford-commercial-commercial-tenant-improvement-building__engine.json,c2ba1219bdffced131d3da6217f32be651d4f1802af738aa14893f3dd9d52bef,5e13d31f41ea3077158fd826bca48105b7f950b9e1c35fd55184ed8401b64306,REQUIRED,REQUIRED,1,0,0,BUILDING,BUILDING,1,truth-incomplete,[],"[{""family"":""ACCESSIBILITY"",""status"":""CONDITIONAL""},{""family"":""ELECTRICAL"",""status"":""REQUIRED""},{""family"":""MECHANICAL"",""status"":""REQUIRED""},{""family"":""OCCUPANCY_CO"",""status"":""CONDITIONAL""},{""family"":""OTHER"",""status"":""VERIFY""},{""family"":""PLUMBING"",""status"":""REQUIRED""},{""family"":""ZONING_PLANNING"",""status"":""REQUIRED""}]",0,0
cell-us-ct-branford-commercial-commercial-tenant-improvement-building,engine_luna,benchmarks/permit_accuracy_v1_1/raw_full_v11/cell-us-ct-branford-commercial-commercial-tenant-improvement-building__engine_luna.json,a34039c53a15b3f8e8f592c0818076ef53784dbb9a5b75b382f5c627c5d9f675,f5f40bd8b91634e33fb628ab9d34facdd23150833dcecc7da271c171335b8689,REQUIRED,REQUIRED,1,0,0,BUILDING,BUILDING,1,truth-incomplete,[],"[{""family"":""ACCESSIBILITY"",""status"":""CONDITIONAL""},{""family"":""ELECTRICAL"",""status"":""REQUIRED""},{""family"":""FIRE_LIFE_SAFETY"",""status"":""VERIFY""},{""family"":""MECHANICAL"",""status"":""REQUIRED""},{""family"":""OCCUPANCY_CO"",""status"":""CONDITIONAL""},{""family"":""OTHER"",""status"":""VERIFY""},{""family"":""PLUMBING"",""status"":""REQUIRED""},{""family"":""ZONING_PLANNING"",""status"":""REQUIRED""}]",0,0
cell-us-de-arden-residential-building-alteration,luna,benchmarks/permit_accuracy_v1_1/raw_full_v11/cell-us-de-arden-residential-building-alteration__luna.json,fa2d537cedbb070fd8ea8f752dc2d4927d5d879213595bcf62a56ddb540df1ba,9ace0440bd92862b967b7892ad3f9b9db23b64ebd242a3a740ea75c58f7e4e3b,REQUIRED,VERIFY,0,1,0,BUILDING,VERIFY,0,truth-incomplete,[],"[{""family"":""BUILDING"",""status"":""VERIFY""},{""family"":""ELECTRICAL"",""status"":""VERIFY""},{""family"":""MECHANICAL"",""status"":""VERIFY""},{""family"":""PLUMBING"",""status"":""VERIFY""}]",0,0
cell-us-de-arden-residential-building-alteration,grok,benchmarks/permit_accuracy_v1_1/raw_full_v11/cell-us-de-arden-residential-building-alteration__grok.json,43cd529d0b95438e3455b915713c970938dc8ffdbf31dcb14e2e82f139071273,8dcce235809224045caac1d3bbdc47d4ca492c7cf4432144364f354fa6bb11c2,REQUIRED,VERIFY,0,1,0,BUILDING,BUILDING,1,truth-incomplete,[],"[{""family"":""ELECTRICAL"",""status"":""VERIFY""},{""family"":""FIRE_LIFE_SAFETY"",""status"":""VERIFY""},{""family"":""MECHANICAL"",""status"":""VERIFY""},{""family"":""PLUMBING"",""status"":""VERIFY""}]",0,0
cell-us-de-arden-residential-building-alteration,gemini,benchmarks/permit_accuracy_v1_1/raw_full_v11/cell-us-de-arden-residential-building-alteration__gemini.json,6c6b57181fbee54176cc1ee1084c2bd9d9f0632614544500dc17095336300910,b48e30a5b1913b863c6c4638b04cb74293942b75d5f9e94013249904561c45d2,REQUIRED,VERIFY,0,1,0,BUILDING,VERIFY,0,truth-incomplete,[],[],1,0
cell-us-de-arden-residential-building-alteration,engine,benchmarks/permit_accuracy_v1_1/raw_full_v11/cell-us-de-arden-residential-building-alteration__engine.json,d5e57cec290cb8c4298a8e31c293b1b704107953254eb57082abe01476cc6e81,be5880a226dfa1de2d0f2413ddc04c944232a995d6bddab2766312f740dfd04e,REQUIRED,REQUIRED,1,0,0,BUILDING,BUILDING,1,truth-incomplete,[],"[{""family"":""ELECTRICAL"",""status"":""REQUIRED""},{""family"":""MECHANICAL"",""status"":""REQUIRED""},{""family"":""PLUMBING"",""status"":""REQUIRED""}]",0,0
cell-us-de-arden-residential-building-alteration,engine_luna,benchmarks/permit_accuracy_v1_1/raw_full_v11/cell-us-de-arden-residential-building-alteration__engine_luna.json,6961071c3477be00b516a788b8a0f4bb1204a1263082d57e07e4f80bf365110b,90ef916ab50a3b125cccc4acb24f50bbc190c54d55dfd4723c33402a73aecea8,REQUIRED,REQUIRED,1,0,0,BUILDING,BUILDING,1,truth-incomplete,[],"[{""family"":""BUILDING"",""status"":""VERIFY""},{""family"":""ELECTRICAL"",""status"":""REQUIRED""},{""family"":""MECHANICAL"",""status"":""REQUIRED""},{""family"":""PLUMBING"",""status"":""REQUIRED""}]",0,0
cell-us-de-bethany-beach-commercial-commercial-tenant-improvement-building,luna,benchmarks/permit_accuracy_v1_1/raw_full_v11/cell-us-de-bethany-beach-commercial-commercial-tenant-improvement-building__luna.json,2b975425982001d95f1da79805f4e04e021b92f5af8b79da4a3d1b2d529a8294,c94fbb290260652ea85f297e66b0598dab9e81f9c27408907ebe4ce2a31bab45,REQUIRED,VERIFY,0,1,0,BUILDING,VERIFY,0,truth-incomplete,[],"[{""family"":""ELECTRICAL"",""status"":""VERIFY""},{""family"":""FIRE_LIFE_SAFETY"",""status"":""VERIFY""},{""family"":""MECHANICAL"",""status"":""VERIFY""},{""family"":""OCCUPANCY_CO"",""status"":""VERIFY""},{""family"":""PLUMBING"",""status"":""VERIFY""},{""family"":""ZONING_PLANNING"",""status"":""VERIFY""}]",0,0
cell-us-de-bethany-beach-commercial-commercial-tenant-improvement-building,grok,benchmarks/permit_accuracy_v1_1/raw_full_v11/cell-us-de-bethany-beach-commercial-commercial-tenant-improvement-building__grok.json,657c1edf4543dd3ba157e4d0677934998fc5ee25d376b786c2fad1f495b40b9e,3d14c47df5facb2fb72b0afebc7afb63f4d50ed6a5a0b91fc769d8c7542596f7,REQUIRED,VERIFY,0,1,0,BUILDING,BUILDING,1,truth-incomplete,[],"[{""family"":""BUILDING"",""status"":""VERIFY""},{""family"":""ELECTRICAL"",""status"":""VERIFY""},{""family"":""FIRE_LIFE_SAFETY"",""status"":""VERIFY""},{""family"":""MECHANICAL"",""status"":""VERIFY""},{""family"":""OCCUPANCY_CO"",""status"":""VERIFY""},{""family"":""PLUMBING"",""status"":""VERIFY""},{""family"":""ZONING_PLANNING"",""status"":""VERIFY""}]",0,0
cell-us-de-bethany-beach-commercial-commercial-tenant-improvement-building,gemini,benchmarks/permit_accuracy_v1_1/raw_full_v11/cell-us-de-bethany-beach-commercial-commercial-tenant-improvement-building__gemini.json,4a6be5ca809e46e68975126d76a04fe6411c9856c3cbf747e6b56568e3a7ffed,45ff61e31dc39edd2763bf07a9c071252c77f367aef347ac4b8292b535bccbc9,REQUIRED,VERIFY,0,1,0,BUILDING,VERIFY,0,truth-incomplete,[],[],1,0
cell-us-de-bethany-beach-commercial-commercial-tenant-improvement-building,engine,benchmarks/permit_accuracy_v1_1/raw_full_v11/cell-us-de-bethany-beach-commercial-commercial-tenant-improvement-building__engine.json,799f9fca6ec7a96aeb7191bd0e5957d9801516bbacbdf6c775eccdac0770bf8f,490766e137d53fa93e1b0dd6c4159ea3d36c006ca287e15819cf3969ada7cbb4,REQUIRED,REQUIRED,1,0,0,BUILDING,BUILDING,1,truth-incomplete,[],"[{""family"":""ACCESSIBILITY"",""status"":""CONDITIONAL""},{""family"":""ELECTRICAL"",""status"":""REQUIRED""},{""family"":""MECHANICAL"",""status"":""REQUIRED""},{""family"":""OCCUPANCY_CO"",""status"":""CONDITIONAL""},{""family"":""OTHER"",""status"":""VERIFY""},{""family"":""PLUMBING"",""status"":""REQUIRED""},{""family"":""ZONING_PLANNING"",""status"":""REQUIRED""}]",0,0
cell-us-de-bethany-beach-commercial-commercial-tenant-improvement-building,engine_luna,benchmarks/permit_accuracy_v1_1/raw_full_v11/cell-us-de-bethany-beach-commercial-commercial-tenant-improvement-building__engine_luna.json,2d50284c38f2cdc45254af31766552991611e7a87f0e7e2ce0f9be621dfa0e33,0f7128ac3d68a453a64dd85b6caa5a6dbda7a945a96b3f621de0a94edb126c28,REQUIRED,REQUIRED,1,0,0,BUILDING,BUILDING,1,truth-incomplete,[],"[{""family"":""ACCESSIBILITY"",""status"":""CONDITIONAL""},{""family"":""ELECTRICAL"",""status"":""REQUIRED""},{""family"":""MECHANICAL"",""status"":""REQUIRED""},{""family"":""OCCUPANCY_CO"",""status"":""CONDITIONAL""},{""family"":""OTHER"",""status"":""VERIFY""},{""family"":""PLUMBING"",""status"":""REQUIRED""},{""family"":""ZONING_PLANNING"",""status"":""REQUIRED""}]",0,0
cell-us-fl-boca-raton-residential-roofing-building,luna,benchmarks/permit_accuracy_v1_1/raw_full_v11/cell-us-fl-boca-raton-residential-roofing-building__luna.json,8c7c69f668bd0fc6b51759ad25fada0ba12ad2486ad627ed95d5ddf03700f73d,62c6c882fb7965f29bc7d729d4e2a3ef48e8a247994d4240c528dfc7d8f73b49,REQUIRED,REQUIRED,1,0,0,BUILDING,BUILDING,1,truth-incomplete,[],[],1,0
cell-us-fl-boca-raton-residential-roofing-building,grok,benchmarks/permit_accuracy_v1_1/raw_full_v11/cell-us-fl-boca-raton-residential-roofing-building__grok.json,3a8cb9bfd06622e77018b277144d16e52e33cbd9fbbfb45196f40231dbf664d7,31faa566fa5340a81396e8183a65b8cb82545f3fb3787e5007e5c6338c59790b,REQUIRED,REQUIRED,1,0,0,BUILDING,BUILDING,1,truth-incomplete,[],[],1,0
cell-us-fl-boca-raton-residential-roofing-building,gemini,benchmarks/permit_accuracy_v1_1/raw_full_v11/cell-us-fl-boca-raton-residential-roofing-building__gemini.json,1a63bd60ed29424f51927eb1896a2e4ccf303eab53216c1ec2d053674f0d63a9,127f419e13eaac01489d531b0a1ed288d819dd1251e4419b40243f0d6b88c4c3,REQUIRED,REQUIRED,1,0,0,BUILDING,BUILDING,1,truth-incomplete,[],[],1,0
cell-us-fl-boca-raton-residential-roofing-building,engine,benchmarks/permit_accuracy_v1_1/raw_full_v11/cell-us-fl-boca-raton-residential-roofing-building__engine.json,f510c9aa223569a5506c84c462d1acaa15568352f638c9e2fc2c9b351c541812,77ecd1ecc415e277f1f7094c58d7d1b445b23b7f8a8fa9a661b135630b9d5a1e,REQUIRED,REQUIRED,1,0,0,BUILDING,BUILDING,1,truth-incomplete,[],[],1,0
cell-us-fl-boca-raton-residential-roofing-building,engine_luna,benchmarks/permit_accuracy_v1_1/raw_full_v11/cell-us-fl-boca-raton-residential-roofing-building__engine_luna.json,54a9c5fec2b7673642647788f6eebdeebb8dec1c485f50c4466b3b2d2b4652ed,ff85f5e2fa312014fa365b66092301b91c311f62b5f021acba279fbf645ee87c,REQUIRED,REQUIRED,1,0,0,BUILDING,BUILDING,1,truth-incomplete,[],[],1,0
cell-us-fl-brevard-county-commercial-commercial-tenant-improvement-building,luna,benchmarks/permit_accuracy_v1_1/raw_full_v11/cell-us-fl-brevard-county-commercial-commercial-tenant-improvement-building__luna.json,9e719900521eb4548fda09cd210d35a17e0b3893f2e8b6a64cff92c8c4baafa5,39336695d6a5557bd7ec9f073fc5c9e532845c76d0ac71acd50b0448f5026a6f,REQUIRED,VERIFY,0,1,0,BUILDING,VERIFY,0,truth-incomplete,[],"[{""family"":""BUILDING"",""status"":""VERIFY""},{""family"":""ELECTRICAL"",""status"":""VERIFY""},{""family"":""FIRE_LIFE_SAFETY"",""status"":""VERIFY""},{""family"":""MECHANICAL"",""status"":""VERIFY""},{""family"":""OCCUPANCY_CO"",""status"":""VERIFY""},{""family"":""PLUMBING"",""status"":""VERIFY""},{""family"":""ZONING_PLANNING"",""status"":""VERIFY""}]",0,0
cell-us-fl-brevard-county-commercial-commercial-tenant-improvement-building,grok,benchmarks/permit_accuracy_v1_1/raw_full_v11/cell-us-fl-brevard-county-commercial-commercial-tenant-improvement-building__grok.json,7a5913386f5d0f8b15b7abed677b80ac013250d0886c62f3a1246f166666cb95,8aef18e92f614a7a849a0ce0b7e38faa942029c94e64a6ae30a001c3c57901a1,REQUIRED,VERIFY,0,1,0,BUILDING,BUILDING,1,truth-incomplete,[],"[{""family"":""ELECTRICAL"",""status"":""VERIFY""},{""family"":""FIRE_LIFE_SAFETY"",""status"":""VERIFY""},{""family"":""MECHANICAL"",""status"":""VERIFY""},{""family"":""OCCUPANCY_CO"",""status"":""VERIFY""},{""family"":""PLUMBING"",""status"":""VERIFY""},{""family"":""ZONING_PLANNING"",""status"":""VERIFY""}]",0,0
cell-us-fl-brevard-county-commercial-commercial-tenant-improvement-building,gemini,benchmarks/permit_accuracy_v1_1/raw_full_v11/cell-us-fl-brevard-county-commercial-commercial-tenant-improvement-building__gemini.json,49e2d039efe326d52d0edf16562c1f2997474d2aab0e68b5f3867d67f7e585d5,ffc879a20f7c9a4fdac7a05daad911f0e2dabd2965dca013ffb89040ec55e8bd,REQUIRED,VERIFY,0,1,0,BUILDING,VERIFY,0,truth-incomplete,[],[],1,0
cell-us-fl-brevard-county-commercial-commercial-tenant-improvement-building,engine,benchmarks/permit_accuracy_v1_1/raw_full_v11/cell-us-fl-brevard-county-commercial-commercial-tenant-improvement-building__engine.json,a09a0a710d6f5e34adde7255fb47800c129bfdcc09673dfb7bd15c97b6118d88,4a252049f2b35281631dd15806fff84757fc0cad0c172d07c339459c4c79729e,REQUIRED,REQUIRED,1,0,0,BUILDING,BUILDING,1,truth-incomplete,[],"[{""family"":""ACCESSIBILITY"",""status"":""CONDITIONAL""},{""family"":""ELECTRICAL"",""status"":""REQUIRED""},{""family"":""MECHANICAL"",""status"":""REQUIRED""},{""family"":""OCCUPANCY_CO"",""status"":""CONDITIONAL""},{""family"":""OTHER"",""status"":""VERIFY""},{""family"":""PLUMBING"",""status"":""REQUIRED""},{""family"":""ZONING_PLANNING"",""status"":""REQUIRED""}]",0,0
cell-us-fl-brevard-county-commercial-commercial-tenant-improvement-building,engine_luna,benchmarks/permit_accuracy_v1_1/raw_full_v11/cell-us-fl-brevard-county-commercial-commercial-tenant-improvement-building__engine_luna.json,a42d2485f4464a2271488d9bb532b8b9107a084049b796837420a2c52037a2c7,ef49bff234625fa57a54e62885c1ca441ab8f1e88f44b5346e78747a5b71311a,REQUIRED,REQUIRED,1,0,0,BUILDING,BUILDING,1,truth-incomplete,[],"[{""family"":""ACCESSIBILITY"",""status"":""CONDITIONAL""},{""family"":""BUILDING"",""status"":""VERIFY""},{""family"":""ELECTRICAL"",""status"":""REQUIRED""},{""family"":""MECHANICAL"",""status"":""REQUIRED""},{""family"":""OCCUPANCY_CO"",""status"":""CONDITIONAL""},{""family"":""OTHER"",""status"":""VERIFY""},{""family"":""PLUMBING"",""status"":""REQUIRED""},{""family"":""ZONING_PLANNING"",""status"":""REQUIRED""}]",0,0
cell-us-fl-charlotte-county-residential-residential-roof-building,luna,benchmarks/permit_accuracy_v1_1/raw_full_v11/cell-us-fl-charlotte-county-residential-residential-roof-building__luna.json,8c6c87d9548c3d066f7a773e605119a00894ee8fb2c9908e0de1052bfb6180d7,93be7b6e08df4900232bc04b6c7dbd001b2145da133df9d91b659d83fe248004,REQUIRED,REQUIRED,1,0,0,BUILDING,BUILDING,1,truth-incomplete,[],[],1,0
cell-us-fl-charlotte-county-residential-residential-roof-building,grok,benchmarks/permit_accuracy_v1_1/raw_full_v11/cell-us-fl-charlotte-county-residential-residential-roof-building__grok.json,9eb834ae0735155e17073fa62a8591c841451dd0f63e6f97c7c291d62a9c3612,9329540ab04279feb78e2f155320f18c844fe805f5517ee5f0d7f23df6dfb45d,REQUIRED,REQUIRED,1,0,0,BUILDING,BUILDING,1,truth-incomplete,[],[],1,0
cell-us-fl-charlotte-county-residential-residential-roof-building,gemini,benchmarks/permit_accuracy_v1_1/raw_full_v11/cell-us-fl-charlotte-county-residential-residential-roof-building__gemini.json,fb1a6336d9b2b9f9e7a243c0ba87c7489ad31dd067f9cc4f5cd069719a62c85a,d168a11c49669d2a08be3a72c745ea7eae5f31a37c3763f45b020acbe2718557,REQUIRED,REQUIRED,1,0,0,BUILDING,BUILDING,1,truth-incomplete,[],[],1,0
cell-us-fl-charlotte-county-residential-residential-roof-building,engine,benchmarks/permit_accuracy_v1_1/raw_full_v11/cell-us-fl-charlotte-county-residential-residential-roof-building__engine.json,9cfe1b71ecf651a194d33caf983dff83bbf340dc1fab8d07ba509da30d4aa378,2591835989ae53d89112e2f27e6a9246096acdea46e8d9d0aee7fd7b0b2d40a0,REQUIRED,REQUIRED,1,0,0,BUILDING,BUILDING,1,truth-incomplete,[],[],1,0
cell-us-fl-charlotte-county-residential-residential-roof-building,engine_luna,benchmarks/permit_accuracy_v1_1/raw_full_v11/cell-us-fl-charlotte-county-residential-residential-roof-building__engine_luna.json,5c3e484bf20ecc27c62f5c228debf08b719811abc89ecfc328ba74dbd9b051d0,63b05863f0eb0ca3105edb0391bc9c9640780615263ec75d8e99e2900fdafca4,REQUIRED,REQUIRED,1,0,0,BUILDING,BUILDING,1,truth-incomplete,[],[],1,0
cell-us-fl-collier-county-residential-roofing-building,luna,benchmarks/permit_accuracy_v1_1/raw_full_v11/cell-us-fl-collier-county-residential-roofing-building__luna.json,50ea5654d6af3de1cd73f4c51bbf3c13ca19246c52e0684c513cdcd1bd0ef757,cbc42caf8982255374b21fec4bd28ec4b07f8d462a8de85f2644c22052483f25,REQUIRED,REQUIRED,1,0,0,BUILDING,BUILDING,1,truth-incomplete,[],[],1,0
cell-us-fl-collier-county-residential-roofing-building,grok,benchmarks/permit_accuracy_v1_1/raw_full_v11/cell-us-fl-collier-county-residential-roofing-building__grok.json,c0ae347f8aba5b72d119ebccb870608b3dca28981c804236ef25bbf3dc010d26,0690c9075e2894914cd15247cdb41ef2f017c1c414c9060563a50f31dd588c1b,REQUIRED,REQUIRED,1,0,0,BUILDING,BUILDING,1,truth-incomplete,[],"[{""family"":""ELECTRICAL"",""status"":""VERIFY""}]",0,0
cell-us-fl-collier-county-residential-roofing-building,gemini,benchmarks/permit_accuracy_v1_1/raw_full_v11/cell-us-fl-collier-county-residential-roofing-building__gemini.json,76b1fe75d68ad3bfec11857098f14b195875054a6945db74f49e9f0a1eecf928,8486805cf68b28bae0e3d756e78f9f28d534fe74f21a1456bd9e1c4d7f8576ba,REQUIRED,REQUIRED,1,0,0,BUILDING,BUILDING,1,truth-incomplete,[],"[{""family"":""ELECTRICAL"",""status"":""CONDITIONAL""}]",0,0
cell-us-fl-collier-county-residential-roofing-building,engine,benchmarks/permit_accuracy_v1_1/raw_full_v11/cell-us-fl-collier-county-residential-roofing-building__engine.json,6c4ece628db6f0da9a88554be5c31008b5bedbd9484bc0635e2ac86a00ec204d,d79ae399713950d7bac199a73036fbf0989ab34ce9eb71a77b3f153a25f441e0,REQUIRED,REQUIRED,1,0,0,BUILDING,BUILDING,1,truth-incomplete,[],[],1,0
cell-us-fl-collier-county-residential-roofing-building,engine_luna,benchmarks/permit_accuracy_v1_1/raw_full_v11/cell-us-fl-collier-county-residential-roofing-building__engine_luna.json,d29b65f35094b3412350a705a30a660f96ee7d9263edc70c267559757bd4f246,b0cfcc8b27e6f0c03661eafd69a7b08aeacfe74ed90402d2e02839771a3e31d3,REQUIRED,REQUIRED,1,0,0,BUILDING,BUILDING,1,truth-incomplete,[],[],1,0
cell-us-fl-hernando-county-residential-roofing-building,luna,benchmarks/permit_accuracy_v1_1/raw_full_v11/cell-us-fl-hernando-county-residential-roofing-building__luna.json,d1ec8830555b71d56b94169a842c6392504b95f32b5029861c4a209e505303e5,f7b2f900e0805c1a38f5cdcf30bd0f7f62e4486f075bafb581865aa577b7c0cd,REQUIRED,REQUIRED,1,0,0,BUILDING,BUILDING,1,truth-incomplete,[],[],1,0
cell-us-fl-hernando-county-residential-roofing-building,grok,benchmarks/permit_accuracy_v1_1/raw_full_v11/cell-us-fl-hernando-county-residential-roofing-building__grok.json,ae06dff5933250cf0c672f3804e395937d00760faa5ce69b35c4abb8d19dd02a,963d8cbb437dd7186fc04203481985d939d099c990eb582d0c1918239d84fd44,REQUIRED,REQUIRED,1,0,0,BUILDING,BUILDING,1,truth-incomplete,[],"[{""family"":""ELECTRICAL"",""status"":""VERIFY""},{""family"":""MECHANICAL"",""status"":""VERIFY""},{""family"":""PLUMBING"",""status"":""VERIFY""}]",0,0
cell-us-fl-hernando-county-residential-roofing-building,gemini,benchmarks/permit_accuracy_v1_1/raw_full_v11/cell-us-fl-hernando-county-residential-roofing-building__gemini.json,08d070fb2b93b5c9e4305f46dfd66a52f658e66105244d2af5fc4dec21a63517,0f57859e8e6f6d3be8d9cee1ac7ac53128960e9031d25ca3ef52a1036b704361,REQUIRED,REQUIRED,1,0,0,BUILDING,BUILDING,1,truth-incomplete,[],[],1,0
cell-us-fl-hernando-county-residential-roofing-building,engine,benchmarks/permit_accuracy_v1_1/raw_full_v11/cell-us-fl-hernando-county-residential-roofing-building__engine.json,e54198c0eec2cc9b15d4fe11d01c2b723efc03bea390956830caf693401e2ba0,fdcea841e260e88bb8db54efdaf78460e672c0ec787a0cca3ee3da95dff70c8d,REQUIRED,REQUIRED,1,0,0,BUILDING,BUILDING,1,truth-incomplete,[],[],1,0
cell-us-fl-hernando-county-residential-roofing-building,engine_luna,benchmarks/permit_accuracy_v1_1/raw_full_v11/cell-us-fl-hernando-county-residential-roofing-building__engine_luna.json,f7e2af4daeb920fe0b2ee72a5c68d4488437a3c29bd34a960d0d18cde866dbbb,5774075385551a2e66f904bb387118955de29d843ee10bc3ba77fdef7aec9712,REQUIRED,REQUIRED,1,0,0,BUILDING,BUILDING,1,truth-incomplete,[],"[{""family"":""ELECTRICAL"",""status"":""CONDITIONAL""}]",0,0
cell-us-fl-highlands-county-residential-building-structural-or-roofline-modification-building,luna,benchmarks/permit_accuracy_v1_1/raw_full_v11/cell-us-fl-highlands-county-residential-building-structural-or-roofline-modification-building__luna.json,bfeab37619656055089b48751095b0f0cabf7048793674893c62772e34a045b0,290f6b059396a06d9975247a2d81b87609106df36a23bfa6410eec72a7c04e1d,REQUIRED,VERIFY,0,1,0,BUILDING,BUILDING,1,truth-incomplete,[],[],1,0
cell-us-fl-highlands-county-residential-building-structural-or-roofline-modification-building,grok,benchmarks/permit_accuracy_v1_1/raw_full_v11/cell-us-fl-highlands-county-residential-building-structural-or-roofline-modification-building__grok.json,8caa65657d41e98edb4fc0074bc78b47a0d3ca1976c92b8f764df746f0ae6ce5,8bbfb732c6b249f20b971c6084c5f83e9d61b4c490d5fea6a4e0577f23a2423c,REQUIRED,VERIFY,0,1,0,BUILDING,BUILDING,1,truth-incomplete,[],[],1,0
cell-us-fl-highlands-county-residential-building-structural-or-roofline-modification-building,gemini,benchmarks/permit_accuracy_v1_1/raw_full_v11/cell-us-fl-highlands-county-residential-building-structural-or-roofline-modification-building__gemini.json,2130fb0693a632c31ee74dc3c39eee3757ca5bdcafef43edbb7596a544a05394,e07a834ead187ac4720ac10e2023e588a4578cf48bc9037f56ead767d121a29d,REQUIRED,VERIFY,0,1,0,BUILDING,VERIFY,0,truth-incomplete,[],[],1,0
cell-us-fl-highlands-county-residential-building-structural-or-roofline-modification-building,engine,benchmarks/permit_accuracy_v1_1/raw_full_v11/cell-us-fl-highlands-county-residential-building-structural-or-roofline-modification-building__engine.json,830b351f4ec6d3d11deb90e7d76833cf15cf5047996054ad09c91e18664347b6,0eeefc3d97e61663e145eadde901f7ae5a4d738e999b50fcfc89c3633b41596d,REQUIRED,REQUIRED,1,0,0,BUILDING,BUILDING,1,truth-incomplete,[],[],1,0
cell-us-fl-highlands-county-residential-building-structural-or-roofline-modification-building,engine_luna,benchmarks/permit_accuracy_v1_1/raw_full_v11/cell-us-fl-highlands-county-residential-building-structural-or-roofline-modification-building__engine_luna.json,ae819cc8472cd6929b1f7340c2dcdf2debe2313a588d257f028678814b533f73,c310165e1ba2855f1c83875f72cfd2b5429b905d7e2eedbb5bca6559d46199b6,REQUIRED,REQUIRED,1,0,0,BUILDING,BUILDING,1,truth-incomplete,[],[],1,0
cell-us-fl-indian-river-county-residential-roofing-building,luna,benchmarks/permit_accuracy_v1_1/raw_full_v11/cell-us-fl-indian-river-county-residential-roofing-building__luna.json,008c4ee5d0f1af12c56e35ddfd2b434a161b6bba13d7a79ae21af2a15f3877e4,1ab3c1db4587f0af07128ce915cde87092f68ebdd87d5abd812eca9f5cb5e2ab,REQUIRED,VERIFY,0,1,0,BUILDING,VERIFY,0,truth-incomplete,[],[],1,0
cell-us-fl-indian-river-county-residential-roofing-building,grok,benchmarks/permit_accuracy_v1_1/raw_full_v11/cell-us-fl-indian-river-county-residential-roofing-building__grok.json,4657f7a718dd69f84e0c6a3676aaea6b35c7cbadd33d0860f6e372c44d5f5e39,fac1bd5bc4696a5e2fc8b1708dcebc15e0f80b04b4f8b1150585ef6572ca1e54,REQUIRED,REQUIRED,1,0,0,BUILDING,BUILDING,1,truth-incomplete,[],[],1,0
cell-us-fl-indian-river-county-residential-roofing-building,gemini,benchmarks/permit_accuracy_v1_1/raw_full_v11/cell-us-fl-indian-river-county-residential-roofing-building__gemini.json,29d025d7d723e9081e6acf55c77ed860dc172fc97da0e52da1889b6d7a8adf35,b48826268796f05238577daa81772a213eed080a0b63c5d331f68b0e6c409a1e,REQUIRED,VERIFY,0,1,0,BUILDING,VERIFY,0,truth-incomplete,[],[],1,0
cell-us-fl-indian-river-county-residential-roofing-building,engine,benchmarks/permit_accuracy_v1_1/raw_full_v11/cell-us-fl-indian-river-county-residential-roofing-building__engine.json,8aa8aa6407aa6879de95089b16ae2fbea8ba8b2c1e8af3b1300dd923e9e29da4,0bd4deeca9e596a737afeb39f45d297f1bd114c5c371048982b1795d8d970a72,REQUIRED,REQUIRED,1,0,0,BUILDING,BUILDING,1,truth-incomplete,[],[],1,0
cell-us-fl-indian-river-county-residential-roofing-building,engine_luna,benchmarks/permit_accuracy_v1_1/raw_full_v11/cell-us-fl-indian-river-county-residential-roofing-building__engine_luna.json,fbe46ce548a68dd2b80f299bcf29006c2f2343ffcb387b7ee83c1d5e9f2a93db,1f4481a570d97e505a5191f6ed9a6db1e0fbb735f1f6ad73654aec2ed299191e,REQUIRED,REQUIRED,1,0,0,BUILDING,BUILDING,1,truth-incomplete,[],[],1,0
cell-us-fl-lake-county-residential-reroof-building,luna,benchmarks/permit_accuracy_v1_1/raw_full_v11/cell-us-fl-lake-county-residential-reroof-building__luna.json,ce2b8aba44d7cd763f5f292a8dccc527d0ae60062fd8a5ef314494e4a11cf5b8,288fbc00123310cf693d72dec9b2619ccb17ad897b4a622c8a2261809a326d5f,REQUIRED,CONDITIONAL,0,0,0,BUILDING,BUILDING,1,truth-incomplete,[],[],1,0
cell-us-fl-lake-county-residential-reroof-building,grok,benchmarks/permit_accuracy_v1_1/raw_full_v11/cell-us-fl-lake-county-residential-reroof-building__grok.json,c36b43f0301e88b2468aed9a911fc4f5d59af889c2d74dc6f77f1b609dd83c84,8da35bf1abba278c8282e2f0f4066748891423f5e7181ea85425cfc141194ec2,REQUIRED,REQUIRED,1,0,0,BUILDING,BUILDING,1,truth-incomplete,[],[],1,0
cell-us-fl-lake-county-residential-reroof-building,gemini,benchmarks/permit_accuracy_v1_1/raw_full_v11/cell-us-fl-lake-county-residential-reroof-building__gemini.json,af4e7f7419796943b4b4ca916e02bc7b246f8ab5ba54bcea23afcb88431148ac,c4f59955a0cef40c5c21eb8d81b7686d1d34a9b308026bf8fae61daf688d42e8,REQUIRED,REQUIRED,1,0,0,BUILDING,BUILDING,1,truth-incomplete,[],[],1,0
cell-us-fl-lake-county-residential-reroof-building,engine,benchmarks/permit_accuracy_v1_1/raw_full_v11/cell-us-fl-lake-county-residential-reroof-building__engine.json,8dad9adb4443da9298552424dac497dc67712146c0fbf587a38041445741fe2f,577e28d00fddd9125ca74284ea02a16c601d947481715b09e7bed2108d4fdd82,REQUIRED,REQUIRED,1,0,0,BUILDING,BUILDING,1,truth-incomplete,[],[],1,0
cell-us-fl-lake-county-residential-reroof-building,engine_luna,benchmarks/permit_accuracy_v1_1/raw_full_v11/cell-us-fl-lake-county-residential-reroof-building__engine_luna.json,d93ca3d2dbe370c4841d79140e74445257b570b53e09cd9e92ae38f6783c9a6f,bf5cdda6e38ce735baa52f4e84a3ee81cc729cd0e652ab8c1a9bafb38eabdd9f,REQUIRED,REQUIRED,1,0,0,BUILDING,BUILDING,1,truth-incomplete,[],[],1,0
cell-us-fl-sarasota-residential-roofing-building,luna,benchmarks/permit_accuracy_v1_1/raw_full_v11/cell-us-fl-sarasota-residential-roofing-building__luna.json,d29c06b35802ce69f5d0c49b56e06c1f64fc87d301409b8a2eb835db66b8e0ec,f02c58ea989bb69bcf32e20ff0889dc180fc7ec1ca4818c155670e72c5a71c5e,REQUIRED,VERIFY,0,1,0,BUILDING,BUILDING,1,truth-incomplete,[],[],1,0
cell-us-fl-sarasota-residential-roofing-building,grok,benchmarks/permit_accuracy_v1_1/raw_full_v11/cell-us-fl-sarasota-residential-roofing-building__grok.json,58cb6bf5e3240219685cbbd50d6f50fb344748972d96316876684d7295c12767,af025fb4cd075508a532f624fffde50b4a49f1a229be17df9abcc7d5ca06b4b6,REQUIRED,REQUIRED,1,0,0,BUILDING,BUILDING,1,truth-incomplete,[],[],1,0
cell-us-fl-sarasota-residential-roofing-building,gemini,benchmarks/permit_accuracy_v1_1/raw_full_v11/cell-us-fl-sarasota-residential-roofing-building__gemini.json,01e0a844ecd6d53882ba2cd03568ddd51e269a9d18055e80d5dec907fbe80b33,7ecdbe3843b961eaf1b1c1496a9c0e33958718fb166691b2371005609de48b4e,REQUIRED,REQUIRED,1,0,0,BUILDING,BUILDING,1,truth-incomplete,[],[],1,0
cell-us-fl-sarasota-residential-roofing-building,engine,benchmarks/permit_accuracy_v1_1/raw_full_v11/cell-us-fl-sarasota-residential-roofing-building__engine.json,61bf971a46870d0270f4c7d6cf0601e45c28207cba5c172caba8efdc1eaf835b,4ae7982bcee15e90b3712aede062c68a178b1934f733b642b1763790f75dc4ad,REQUIRED,REQUIRED,1,0,0,BUILDING,BUILDING,1,truth-incomplete,[],[],1,0
cell-us-fl-sarasota-residential-roofing-building,engine_luna,benchmarks/permit_accuracy_v1_1/raw_full_v11/cell-us-fl-sarasota-residential-roofing-building__engine_luna.json,9b3c8b69ae6aaab5321b44765ccedbf8c97450cf718abd3ce3754c077efc33be,1bbeddd1fc2b7a74ed21e659888303d7b803a8df65f2c8cf0e53d61016e77518,REQUIRED,REQUIRED,1,0,0,BUILDING,BUILDING,1,truth-incomplete,[],[],1,0
cell-us-fl-st-johns-county-residential-building-repair-alteration-building,luna,benchmarks/permit_accuracy_v1_1/raw_full_v11/cell-us-fl-st-johns-county-residential-building-repair-alteration-building__luna.json,2ac462a64c2eeb866cc755337ae9614704d69748a7e1284d095256ed003036fb,c3c9b120cac877309c057292cb1a1dbbb1e40be97f2d2de255a3fc7b31338beb,REQUIRED,CONDITIONAL,0,0,0,BUILDING,BUILDING,1,truth-incomplete,[],"[{""family"":""ELECTRICAL"",""status"":""VERIFY""},{""family"":""FIRE_LIFE_SAFETY"",""status"":""VERIFY""},{""family"":""GAS"",""status"":""VERIFY""},{""family"":""MECHANICAL"",""status"":""VERIFY""},{""family"":""OCCUPANCY_CO"",""status"":""VERIFY""},{""family"":""PLUMBING"",""status"":""VERIFY""},{""family"":""ZONING_PLANNING"",""status"":""VERIFY""}]",0,0
cell-us-fl-st-johns-county-residential-building-repair-alteration-building,grok,benchmarks/permit_accuracy_v1_1/raw_full_v11/cell-us-fl-st-johns-county-residential-building-repair-alteration-building__grok.json,6bc827d61d3914015dd4934a31f6cb7529fe3bf3768ebd7814dd6c882ff2b401,4e7370623374251e3a454e36ab411caea1ccd5189fba2431a31ed212ea38c87d,REQUIRED,VERIFY,0,1,0,BUILDING,BUILDING,1,truth-incomplete,[],"[{""family"":""BUILDING"",""status"":""VERIFY""},{""family"":""ELECTRICAL"",""status"":""VERIFY""},{""family"":""MECHANICAL"",""status"":""VERIFY""},{""family"":""PLUMBING"",""status"":""VERIFY""}]",0,0
cell-us-fl-st-johns-county-residential-building-repair-alteration-building,gemini,benchmarks/permit_accuracy_v1_1/raw_full_v11/cell-us-fl-st-johns-county-residential-building-repair-alteration-building__gemini.json,b89b2043cfabdc1c02bb5f06233a9c1d076192500a1475b40790beed3227cca0,35efaca1e2851d6e47c527fd15bbd957314916751fba73e3f20037d44a4aafd7,REQUIRED,VERIFY,0,1,0,BUILDING,VERIFY,0,truth-incomplete,[],[],1,0
cell-us-fl-st-johns-county-residential-building-repair-alteration-building,engine,benchmarks/permit_accuracy_v1_1/raw_full_v11/cell-us-fl-st-johns-county-residential-building-repair-alteration-building__engine.json,661186e5da251b014a7da36e42ddfeeae0a7b2071a06d56c25f6ebfa456cf1b8,25fb81d8e10c2282228c7cfad846b8a2af060863676822a09e8dc25ef3d9ed3c,REQUIRED,REQUIRED,1,0,0,BUILDING,BUILDING,1,truth-incomplete,[],"[{""family"":""ELECTRICAL"",""status"":""REQUIRED""},{""family"":""MECHANICAL"",""status"":""REQUIRED""},{""family"":""PLUMBING"",""status"":""REQUIRED""}]",0,0
cell-us-fl-st-johns-county-residential-building-repair-alteration-building,engine_luna,benchmarks/permit_accuracy_v1_1/raw_full_v11/cell-us-fl-st-johns-county-residential-building-repair-alteration-building__engine_luna.json,6ec4b5f314150a00d4cbd803223ba604a5de329b032af0aaa7f604bedffe5616,c804e40a30f3d28af623e7254d7c86a048824f93d5ec950fda78a92c5cb65823,REQUIRED,REQUIRED,1,0,0,BUILDING,BUILDING,1,truth-incomplete,[],"[{""family"":""ELECTRICAL"",""status"":""REQUIRED""},{""family"":""MECHANICAL"",""status"":""REQUIRED""},{""family"":""PLUMBING"",""status"":""REQUIRED""}]",0,0
cell-us-ga-albany-commercial-commercial-tenant-improvement-building,luna,benchmarks/permit_accuracy_v1_1/raw_full_v11/cell-us-ga-albany-commercial-commercial-tenant-improvement-building__luna.json,31c028f198ef4b0efdac3ca38a1af023b644679cf76f53b247ba0d7a44cb74b5,c200d7fd65b2c9e6398765f275146cb13652accecf0e55e275f94187ee79ca3c,REQUIRED,VERIFY,0,1,0,BUILDING,VERIFY,0,truth-incomplete,[],"[{""family"":""BUILDING"",""status"":""VERIFY""},{""family"":""ELECTRICAL"",""status"":""VERIFY""},{""family"":""FIRE_LIFE_SAFETY"",""status"":""VERIFY""},{""family"":""MECHANICAL"",""status"":""VERIFY""},{""family"":""OCCUPANCY_CO"",""status"":""VERIFY""},{""family"":""PLUMBING"",""status"":""VERIFY""},{""family"":""ZONING_PLANNING"",""status"":""VERIFY""}]",0,0
cell-us-ga-albany-commercial-commercial-tenant-improvement-building,grok,benchmarks/permit_accuracy_v1_1/raw_full_v11/cell-us-ga-albany-commercial-commercial-tenant-improvement-building__grok.json,98dea97326ee71546b03ee05ee32b38a82654affbb4da2c27b1d5ce7eeaed82b,c14f75c678874b81797fc30f88d6f3d5aa70cf98a3d6c5b2f17af6ba0740c00b,REQUIRED,VERIFY,0,1,0,BUILDING,BUILDING,1,truth-incomplete,[],"[{""family"":""ELECTRICAL"",""status"":""VERIFY""},{""family"":""FIRE_LIFE_SAFETY"",""status"":""VERIFY""},{""family"":""MECHANICAL"",""status"":""VERIFY""},{""family"":""OCCUPANCY_CO"",""status"":""VERIFY""},{""family"":""PLUMBING"",""status"":""VERIFY""},{""family"":""ZONING_PLANNING"",""status"":""VERIFY""}]",0,0
cell-us-ga-albany-commercial-commercial-tenant-improvement-building,gemini,benchmarks/permit_accuracy_v1_1/raw_full_v11/cell-us-ga-albany-commercial-commercial-tenant-improvement-building__gemini.json,a6dec9de94c6ea6f9a911051401490c18cba160dd0256bbbd230fe49c77ee8c6,8b5644e36ebc534a9dfff8a4aaf925b653939707c4330249581c2ae6286d01ad,REQUIRED,VERIFY,0,1,0,BUILDING,VERIFY,0,truth-incomplete,[],[],1,0
cell-us-ga-albany-commercial-commercial-tenant-improvement-building,engine,benchmarks/permit_accuracy_v1_1/raw_full_v11/cell-us-ga-albany-commercial-commercial-tenant-improvement-building__engine.json,5e7f6f59e65d847ba6e60e3c837641254918eddeac1120d8735f729ff4bbfc47,0a3c9f4ebb6ab3b364ba410cd827460c3e336a9dfcac100fa6d32664ed65aef6,REQUIRED,REQUIRED,1,0,0,BUILDING,BUILDING,1,truth-incomplete,[],"[{""family"":""ACCESSIBILITY"",""status"":""CONDITIONAL""},{""family"":""ELECTRICAL"",""status"":""REQUIRED""},{""family"":""MECHANICAL"",""status"":""REQUIRED""},{""family"":""OCCUPANCY_CO"",""status"":""CONDITIONAL""},{""family"":""OTHER"",""status"":""VERIFY""},{""family"":""PLUMBING"",""status"":""REQUIRED""},{""family"":""ZONING_PLANNING"",""status"":""REQUIRED""}]",0,0
cell-us-ga-albany-commercial-commercial-tenant-improvement-building,engine_luna,benchmarks/permit_accuracy_v1_1/raw_full_v11/cell-us-ga-albany-commercial-commercial-tenant-improvement-building__engine_luna.json,358baf85805ca45dfce8b4517207d5d2afae281ebfc318f5ee0520719c8a6f2c,896d3787ed392e7ce68ab06c32b0ef5a92e60894d23ae8631d60f9f7b7b04fa3,REQUIRED,REQUIRED,1,0,0,BUILDING,BUILDING,1,truth-incomplete,[],"[{""family"":""ACCESSIBILITY"",""status"":""CONDITIONAL""},{""family"":""ELECTRICAL"",""status"":""REQUIRED""},{""family"":""MECHANICAL"",""status"":""REQUIRED""},{""family"":""OCCUPANCY_CO"",""status"":""CONDITIONAL""},{""family"":""OTHER"",""status"":""VERIFY""},{""family"":""PLUMBING"",""status"":""REQUIRED""},{""family"":""ZONING_PLANNING"",""status"":""REQUIRED""}]",0,0
cell-us-ga-canton-residential-commercial-building-construction-building,luna,benchmarks/permit_accuracy_v1_1/raw_full_v11/cell-us-ga-canton-residential-commercial-building-construction-building__luna.json,5e1b19791eda215a619a481ef5c07525980727636d81e0583c691f3138dde69a,01071706c2bf8bc3e39f7ecdc45ea27c2b07f5b089dfbcce0b3c306d524950ed,REQUIRED,VERIFY,0,1,0,BUILDING,BUILDING,1,truth-incomplete,[],"[{""family"":""ELECTRICAL"",""status"":""VERIFY""},{""family"":""MECHANICAL"",""status"":""VERIFY""},{""family"":""PLUMBING"",""status"":""VERIFY""}]",0,0
cell-us-ga-canton-residential-commercial-building-construction-building,grok,benchmarks/permit_accuracy_v1_1/raw_full_v11/cell-us-ga-canton-residential-commercial-building-construction-building__grok.json,8dcee1bc24827f6303767e7257691e661290fa616540df4406da9a312c05017a,ca683035130067d63d9b2313879ab4e87ec15a28b5daf7642cb4beac6b15279a,REQUIRED,VERIFY,0,1,0,BUILDING,BUILDING,1,truth-incomplete,[],"[{""family"":""BUILDING"",""status"":""VERIFY""},{""family"":""ELECTRICAL"",""status"":""VERIFY""},{""family"":""MECHANICAL"",""status"":""VERIFY""},{""family"":""PLUMBING"",""status"":""VERIFY""}]",0,0
cell-us-ga-canton-residential-commercial-building-construction-building,gemini,benchmarks/permit_accuracy_v1_1/raw_full_v11/cell-us-ga-canton-residential-commercial-building-construction-building__gemini.json,4a3c452c136be10f0508dbeee5d25b4bda2e718484e47226f1000285573b5124,2ff420f4456a47f928e07a11f39da49da29e3a991008f3490af350a3f8861373,REQUIRED,VERIFY,0,1,0,BUILDING,VERIFY,0,truth-incomplete,[],[],1,0
cell-us-ga-canton-residential-commercial-building-construction-building,engine,benchmarks/permit_accuracy_v1_1/raw_full_v11/cell-us-ga-canton-residential-commercial-building-construction-building__engine.json,cd3d9a5f4831e62c8dac98a23ef14aba67afd1a5b49b537f22f5452729254d4f,204141f3029210a5ae5629d246e1cb2962d30b92d9fa3c219553c2ba6c7009f3,REQUIRED,REQUIRED,1,0,0,BUILDING,BUILDING,1,truth-incomplete,[],"[{""family"":""ELECTRICAL"",""status"":""REQUIRED""},{""family"":""MECHANICAL"",""status"":""REQUIRED""},{""family"":""PLUMBING"",""status"":""REQUIRED""}]",0,0
cell-us-ga-canton-residential-commercial-building-construction-building,engine_luna,benchmarks/permit_accuracy_v1_1/raw_full_v11/cell-us-ga-canton-residential-commercial-building-construction-building__engine_luna.json,5e9d4a00b5dcb4e965ce9f66d1b481da5156e889d5a8e450218a6377a6a5010b,dc9cc994a0aa55e90f843b843a5d7b2f4d430169d664b4f227c15f9abb9859df,REQUIRED,REQUIRED,1,0,0,BUILDING,BUILDING,1,truth-incomplete,[],"[{""family"":""ELECTRICAL"",""status"":""REQUIRED""},{""family"":""MECHANICAL"",""status"":""REQUIRED""},{""family"":""PLUMBING"",""status"":""REQUIRED""}]",0,0
cell-us-hi-dhhl-commercial-commercial-tenant-improvement-building,luna,benchmarks/permit_accuracy_v1_1/raw_full_v11/cell-us-hi-dhhl-commercial-commercial-tenant-improvement-building__luna.json,af2e9f7f6d7fac91cb2b5a27af802fa1e16cf42b9848bd3724e231dcc7ffbe09,325613b7d200c17e18620cfcaf9924c9411778b80b91ba8ca6fe479514ac2564,REQUIRED,VERIFY,0,1,0,BUILDING,VERIFY,0,truth-incomplete,[],"[{""family"":""BUILDING"",""status"":""VERIFY""},{""family"":""ELECTRICAL"",""status"":""REQUIRED""},{""family"":""FIRE_LIFE_SAFETY"",""status"":""CONDITIONAL""},{""family"":""MECHANICAL"",""status"":""VERIFY""},{""family"":""OCCUPANCY_CO"",""status"":""VERIFY""},{""family"":""PLUMBING"",""status"":""VERIFY""},{""family"":""ZONING_PLANNING"",""status"":""VERIFY""}]",0,0
cell-us-hi-dhhl-commercial-commercial-tenant-improvement-building,grok,benchmarks/permit_accuracy_v1_1/raw_full_v11/cell-us-hi-dhhl-commercial-commercial-tenant-improvement-building__grok.json,076fdc52a9fa52cd4d444b98bdb4161cdda89bbf66317acd24d54ef4276e95bf,0cf7ae46ef9ed0b45054e9b8bb863a910d344e6b8da46391ecae474a53549944,REQUIRED,VERIFY,0,1,0,BUILDING,BUILDING,1,truth-incomplete,[],"[{""family"":""ELECTRICAL"",""status"":""VERIFY""},{""family"":""FIRE_LIFE_SAFETY"",""status"":""VERIFY""},{""family"":""MECHANICAL"",""status"":""VERIFY""},{""family"":""OCCUPANCY_CO"",""status"":""VERIFY""},{""family"":""PLUMBING"",""status"":""VERIFY""},{""family"":""ZONING_PLANNING"",""status"":""VERIFY""}]",0,0
cell-us-hi-dhhl-commercial-commercial-tenant-improvement-building,gemini,benchmarks/permit_accuracy_v1_1/raw_full_v11/cell-us-hi-dhhl-commercial-commercial-tenant-improvement-building__gemini.json,f433e90cae08b1767c57d4fc5fcc475f3cef3b7d0b8d728441cbd8ec3b6f5658,2b90064403024588f958ece6c868c7b27397fea180768c61441df28a4d902858,REQUIRED,VERIFY,0,1,0,BUILDING,VERIFY,0,truth-incomplete,[],[],1,0
cell-us-hi-dhhl-commercial-commercial-tenant-improvement-building,engine,benchmarks/permit_accuracy_v1_1/raw_full_v11/cell-us-hi-dhhl-commercial-commercial-tenant-improvement-building__engine.json,9515b87fea0819b93c44f142d8a2af391c1d9bbb9036651d754538a1c076f083,3206a65b48bcf253447e853fc91f90b3166bc45afbe6bce015e473408f5306b6,REQUIRED,REQUIRED,1,0,0,BUILDING,BUILDING,1,truth-incomplete,[],"[{""family"":""ACCESSIBILITY"",""status"":""CONDITIONAL""},{""family"":""ELECTRICAL"",""status"":""REQUIRED""},{""family"":""MECHANICAL"",""status"":""REQUIRED""},{""family"":""OCCUPANCY_CO"",""status"":""CONDITIONAL""},{""family"":""OTHER"",""status"":""VERIFY""},{""family"":""PLUMBING"",""status"":""REQUIRED""},{""family"":""ZONING_PLANNING"",""status"":""REQUIRED""}]",0,0
cell-us-hi-dhhl-commercial-commercial-tenant-improvement-building,engine_luna,benchmarks/permit_accuracy_v1_1/raw_full_v11/cell-us-hi-dhhl-commercial-commercial-tenant-improvement-building__engine_luna.json,c0a12f054e4458b7c71b87239a7a9b648cd463ed9df48a092f66ede3ad4284db,7b9ff6d608c08175fff82e48fb5c2f775c3547a599cfac26e63f032435041fc3,REQUIRED,REQUIRED,1,0,0,BUILDING,BUILDING,1,truth-incomplete,[],"[{""family"":""ACCESSIBILITY"",""status"":""CONDITIONAL""},{""family"":""BUILDING"",""status"":""VERIFY""},{""family"":""ELECTRICAL"",""status"":""REQUIRED""},{""family"":""FIRE_LIFE_SAFETY"",""status"":""CONDITIONAL""},{""family"":""MECHANICAL"",""status"":""REQUIRED""},{""family"":""OCCUPANCY_CO"",""status"":""CONDITIONAL""},{""family"":""OTHER"",""status"":""VERIFY""},{""family"":""PLUMBING"",""status"":""REQUIRED""},{""family"":""ZONING_PLANNING"",""status"":""REQUIRED""}]",0,0
cell-us-ia-altoona-commercial-commercial-tenant-improvement-building,luna,benchmarks/permit_accuracy_v1_1/raw_full_v11/cell-us-ia-altoona-commercial-commercial-tenant-improvement-building__luna.json,4a2bfbe45d40cb1eff26aad530865bb0fc212d2d5f6967786bfeca35d98710ea,8186471078337a772152d01225a40fbf62d1e378fbe59a04fbfea69000ae1f5a,REQUIRED,REQUIRED,1,0,0,BUILDING,BUILDING,1,truth-incomplete,[],"[{""family"":""ELECTRICAL"",""status"":""REQUIRED""},{""family"":""FIRE_LIFE_SAFETY"",""status"":""VERIFY""},{""family"":""MECHANICAL"",""status"":""REQUIRED""},{""family"":""OCCUPANCY_CO"",""status"":""VERIFY""},{""family"":""PLUMBING"",""status"":""REQUIRED""},{""family"":""ZONING_PLANNING"",""status"":""VERIFY""}]",0,0
cell-us-ia-altoona-commercial-commercial-tenant-improvement-building,grok,benchmarks/permit_accuracy_v1_1/raw_full_v11/cell-us-ia-altoona-commercial-commercial-tenant-improvement-building__grok.json,f6b0c4e1c435c8fcac17d22f898a24af0a9d1f1a0f4f4055af97ebdf2a45b842,65b45ad2520360364396ee508bbc6e4f014336a973efb482fa7919760c3e90e1,REQUIRED,REQUIRED,1,0,0,BUILDING,BUILDING,1,truth-incomplete,[],"[{""family"":""ELECTRICAL"",""status"":""REQUIRED""},{""family"":""FIRE_LIFE_SAFETY"",""status"":""VERIFY""},{""family"":""MECHANICAL"",""status"":""REQUIRED""},{""family"":""OCCUPANCY_CO"",""status"":""VERIFY""},{""family"":""PLUMBING"",""status"":""REQUIRED""},{""family"":""ZONING_PLANNING"",""status"":""VERIFY""}]",0,0
cell-us-ia-altoona-commercial-commercial-tenant-improvement-building,gemini,benchmarks/permit_accuracy_v1_1/raw_full_v11/cell-us-ia-altoona-commercial-commercial-tenant-improvement-building__gemini.json,4808535de17d4920e52434be50e24ae6dd851704b12e42640e61daadd5f4f426,01e3c4a179295ba802c44e0afe4e8d7bb831c96852df3964a660e70306331f9d,REQUIRED,REQUIRED,1,0,0,BUILDING,BUILDING,1,truth-incomplete,[],"[{""family"":""ELECTRICAL"",""status"":""REQUIRED""},{""family"":""FIRE_LIFE_SAFETY"",""status"":""VERIFY""},{""family"":""MECHANICAL"",""status"":""REQUIRED""},{""family"":""OCCUPANCY_CO"",""status"":""VERIFY""},{""family"":""PLUMBING"",""status"":""REQUIRED""},{""family"":""ZONING_PLANNING"",""status"":""VERIFY""}]",0,0
cell-us-ia-altoona-commercial-commercial-tenant-improvement-building,engine,benchmarks/permit_accuracy_v1_1/raw_full_v11/cell-us-ia-altoona-commercial-commercial-tenant-improvement-building__engine.json,e4e941f1d13076f75a26778f00c6cdccad9193a0989757082f0d50212c08d799,5660833f5e682a0a64b65fedddb12fbb858c135db3fac2f6f2097fa391fa4b1a,REQUIRED,REQUIRED,1,0,0,BUILDING,BUILDING,1,truth-incomplete,[],"[{""family"":""ACCESSIBILITY"",""status"":""CONDITIONAL""},{""family"":""ELECTRICAL"",""status"":""REQUIRED""},{""family"":""MECHANICAL"",""status"":""REQUIRED""},{""family"":""OCCUPANCY_CO"",""status"":""CONDITIONAL""},{""family"":""OTHER"",""status"":""VERIFY""},{""family"":""PLUMBING"",""status"":""REQUIRED""},{""family"":""ZONING_PLANNING"",""status"":""REQUIRED""}]",0,0
cell-us-ia-altoona-commercial-commercial-tenant-improvement-building,engine_luna,benchmarks/permit_accuracy_v1_1/raw_full_v11/cell-us-ia-altoona-commercial-commercial-tenant-improvement-building__engine_luna.json,ba5e450960d9c7c5fdf719c3475c964df046aaa548fbda8da6726970360244ff,6900af5ced53cb5d1d837068dba58926e6e35272abbd9820c90c71e043671aa2,REQUIRED,REQUIRED,1,0,0,BUILDING,BUILDING,1,truth-incomplete,[],"[{""family"":""ACCESSIBILITY"",""status"":""CONDITIONAL""},{""family"":""ELECTRICAL"",""status"":""REQUIRED""},{""family"":""FIRE_LIFE_SAFETY"",""status"":""VERIFY""},{""family"":""MECHANICAL"",""status"":""REQUIRED""},{""family"":""OCCUPANCY_CO"",""status"":""CONDITIONAL""},{""family"":""OTHER"",""status"":""VERIFY""},{""family"":""PLUMBING"",""status"":""REQUIRED""},{""family"":""ZONING_PLANNING"",""status"":""REQUIRED""}]",0,0
cell-us-id-ada-county-commercial-commercial-tenant-improvement-building,luna,benchmarks/permit_accuracy_v1_1/raw_full_v11/cell-us-id-ada-county-commercial-commercial-tenant-improvement-building__luna.json,b6344c50c3958b15ea424164af4f8efdad431544dbe52eee2bad4d70e6d6d1bc,1c99c92870518e004cfb1e718afa788c2125020f0ba465baf90bd1787c478592,REQUIRED,VERIFY,0,1,0,BUILDING,VERIFY,0,truth-incomplete,[],"[{""family"":""ELECTRICAL"",""status"":""VERIFY""},{""family"":""FIRE_LIFE_SAFETY"",""status"":""VERIFY""},{""family"":""MECHANICAL"",""status"":""VERIFY""},{""family"":""OCCUPANCY_CO"",""status"":""VERIFY""},{""family"":""PLUMBING"",""status"":""VERIFY""},{""family"":""ZONING_PLANNING"",""status"":""VERIFY""}]",0,0
cell-us-id-ada-county-commercial-commercial-tenant-improvement-building,grok,benchmarks/permit_accuracy_v1_1/raw_full_v11/cell-us-id-ada-county-commercial-commercial-tenant-improvement-building__grok.json,0190af62de63011d3eaa36f2dad49054554d1d6f4469c1d9576de51d149e6cd7,ec8bfbffef1cecd7ed4c09897fff2949989aa2ce661dbb7a4f0bccef5b0f291e,REQUIRED,VERIFY,0,1,0,BUILDING,BUILDING,1,truth-incomplete,[],"[{""family"":""ELECTRICAL"",""status"":""VERIFY""},{""family"":""FIRE_LIFE_SAFETY"",""status"":""VERIFY""},{""family"":""MECHANICAL"",""status"":""VERIFY""},{""family"":""OCCUPANCY_CO"",""status"":""VERIFY""},{""family"":""PLUMBING"",""status"":""VERIFY""},{""family"":""ZONING_PLANNING"",""status"":""VERIFY""}]",0,0
cell-us-id-ada-county-commercial-commercial-tenant-improvement-building,gemini,benchmarks/permit_accuracy_v1_1/raw_full_v11/cell-us-id-ada-county-commercial-commercial-tenant-improvement-building__gemini.json,a7f53acf72c42a09236db8a0e16dc7351e86d9bdd649d0bf9c0cf523589d089c,ae247f16494a7517cda69f4a7d6ca599ef1f8b8a9835f3aa805c13d97b732cd8,REQUIRED,VERIFY,0,1,0,BUILDING,VERIFY,0,truth-incomplete,[],[],1,0
cell-us-id-ada-county-commercial-commercial-tenant-improvement-building,engine,benchmarks/permit_accuracy_v1_1/raw_full_v11/cell-us-id-ada-county-commercial-commercial-tenant-improvement-building__engine.json,d049449d7ffaa120aa325487e4bfdbbcde6a48ff9dc9bf199965564d17f9886e,d1250ba8417cdce83e2a0d3267940d5080efb97df55450ac7f19c936710aa68c,REQUIRED,REQUIRED,1,0,0,BUILDING,BUILDING,1,truth-incomplete,[],"[{""family"":""ACCESSIBILITY"",""status"":""CONDITIONAL""},{""family"":""ELECTRICAL"",""status"":""REQUIRED""},{""family"":""MECHANICAL"",""status"":""REQUIRED""},{""family"":""OCCUPANCY_CO"",""status"":""CONDITIONAL""},{""family"":""OTHER"",""status"":""VERIFY""},{""family"":""PLUMBING"",""status"":""REQUIRED""},{""family"":""ZONING_PLANNING"",""status"":""REQUIRED""}]",0,0
cell-us-id-ada-county-commercial-commercial-tenant-improvement-building,engine_luna,benchmarks/permit_accuracy_v1_1/raw_full_v11/cell-us-id-ada-county-commercial-commercial-tenant-improvement-building__engine_luna.json,bc980bb0bebc6cd45228a173337716d7e3f2d9204661f7908eefc11684de9a14,e060d62c3436f537a8f63bd179f4fb1df274b712159c0afcd888b8396d1cb102,REQUIRED,REQUIRED,1,0,0,BUILDING,BUILDING,1,truth-incomplete,[],"[{""family"":""ACCESSIBILITY"",""status"":""CONDITIONAL""},{""family"":""ELECTRICAL"",""status"":""REQUIRED""},{""family"":""MECHANICAL"",""status"":""REQUIRED""},{""family"":""OCCUPANCY_CO"",""status"":""CONDITIONAL""},{""family"":""OTHER"",""status"":""VERIFY""},{""family"":""PLUMBING"",""status"":""REQUIRED""},{""family"":""ZONING_PLANNING"",""status"":""REQUIRED""}]",0,0
cell-us-il-arlington-heights-commercial-commercial-tenant-improvement-building,luna,benchmarks/permit_accuracy_v1_1/raw_full_v11/cell-us-il-arlington-heights-commercial-commercial-tenant-improvement-building__luna.json,abb7ead3c5204a1b5e9f48addc6cb0408d0c92e524783cfdd5942826207ff0f9,934e5b128df2f820a1a5981de7df2f05e84d0cfde009cbd27ab19480eaa09ae0,REQUIRED,REQUIRED,1,0,0,BUILDING,BUILDING,1,truth-incomplete,[],"[{""family"":""ELECTRICAL"",""status"":""VERIFY""},{""family"":""FIRE_LIFE_SAFETY"",""status"":""VERIFY""},{""family"":""MECHANICAL"",""status"":""VERIFY""},{""family"":""OCCUPANCY_CO"",""status"":""VERIFY""},{""family"":""PLUMBING"",""status"":""VERIFY""},{""family"":""ZONING_PLANNING"",""status"":""VERIFY""}]",0,0
cell-us-il-arlington-heights-commercial-commercial-tenant-improvement-building,grok,benchmarks/permit_accuracy_v1_1/raw_full_v11/cell-us-il-arlington-heights-commercial-commercial-tenant-improvement-building__grok.json,1da978a9188f132aaaba4a89954557860a24e51faac3942f62630441630243f5,b68c8577725fc61f0a433ab31b472c08051404a0e19a2264015857642a9e2c2f,REQUIRED,REQUIRED,1,0,0,BUILDING,BUILDING,1,truth-incomplete,[],"[{""family"":""ELECTRICAL"",""status"":""VERIFY""},{""family"":""FIRE_LIFE_SAFETY"",""status"":""VERIFY""},{""family"":""MECHANICAL"",""status"":""VERIFY""},{""family"":""OCCUPANCY_CO"",""status"":""VERIFY""},{""family"":""PLUMBING"",""status"":""VERIFY""},{""family"":""ZONING_PLANNING"",""status"":""VERIFY""}]",0,0
cell-us-il-arlington-heights-commercial-commercial-tenant-improvement-building,gemini,benchmarks/permit_accuracy_v1_1/raw_full_v11/cell-us-il-arlington-heights-commercial-commercial-tenant-improvement-building__gemini.json,70206070e3d3b33901e030f7447df190f434e72a4b316a093075e174696c9289,e46e6d5848774233fcaa3da2fe25751c2ccf377e00bfab65494f628d18eada54,REQUIRED,REQUIRED,1,0,0,BUILDING,BUILDING,1,truth-incomplete,[],[],1,0
cell-us-il-arlington-heights-commercial-commercial-tenant-improvement-building,engine,benchmarks/permit_accuracy_v1_1/raw_full_v11/cell-us-il-arlington-heights-commercial-commercial-tenant-improvement-building__engine.json,39bcad4b1e6f9a66173286b8c564b50a69db330bee6b2911b3b4925e1efee8ec,6fa3ab80548a90f8308bcfed80a5b04c8de34fecbe9b270da4758dc1759e9b42,REQUIRED,REQUIRED,1,0,0,BUILDING,BUILDING,1,truth-incomplete,[],"[{""family"":""ACCESSIBILITY"",""status"":""CONDITIONAL""},{""family"":""ELECTRICAL"",""status"":""REQUIRED""},{""family"":""MECHANICAL"",""status"":""REQUIRED""},{""family"":""OCCUPANCY_CO"",""status"":""CONDITIONAL""},{""family"":""OTHER"",""status"":""VERIFY""},{""family"":""PLUMBING"",""status"":""REQUIRED""},{""family"":""ZONING_PLANNING"",""status"":""REQUIRED""}]",0,0
cell-us-il-arlington-heights-commercial-commercial-tenant-improvement-building,engine_luna,benchmarks/permit_accuracy_v1_1/raw_full_v11/cell-us-il-arlington-heights-commercial-commercial-tenant-improvement-building__engine_luna.json,52fc9d4e1b19dfedf5a1beca0a6a7ba181fe5b731491f955c4485a74b8797c94,8e4edeefa65cfd575fc75f1575ac48f1e8ac552e65d6f735c3b7306ea885931f,REQUIRED,REQUIRED,1,0,0,BUILDING,BUILDING,1,truth-incomplete,[],"[{""family"":""ACCESSIBILITY"",""status"":""CONDITIONAL""},{""family"":""ELECTRICAL"",""status"":""REQUIRED""},{""family"":""MECHANICAL"",""status"":""REQUIRED""},{""family"":""OCCUPANCY_CO"",""status"":""CONDITIONAL""},{""family"":""OTHER"",""status"":""VERIFY""},{""family"":""PLUMBING"",""status"":""REQUIRED""},{""family"":""ZONING_PLANNING"",""status"":""REQUIRED""}]",0,0
cell-us-il-waukegan-residential-building-repair-or-improvement-building,luna,benchmarks/permit_accuracy_v1_1/raw_full_v11/cell-us-il-waukegan-residential-building-repair-or-improvement-building__luna.json,88fb19735f535eacc5ca7dc3ac0336a9522418583beb5e64447bdc9a31db2fa5,9b40f327cd81a5b1a0723ce3ebe405829ff7530e87a0489a6928d46c6988a168,REQUIRED,REQUIRED,1,0,0,BUILDING,BUILDING,1,truth-incomplete,[],"[{""family"":""ELECTRICAL"",""status"":""VERIFY""},{""family"":""FIRE_LIFE_SAFETY"",""status"":""VERIFY""},{""family"":""GAS"",""status"":""VERIFY""},{""family"":""MECHANICAL"",""status"":""VERIFY""},{""family"":""OCCUPANCY_CO"",""status"":""VERIFY""},{""family"":""PLUMBING"",""status"":""VERIFY""},{""family"":""ZONING_PLANNING"",""status"":""VERIFY""}]",0,0
cell-us-il-waukegan-residential-building-repair-or-improvement-building,grok,benchmarks/permit_accuracy_v1_1/raw_full_v11/cell-us-il-waukegan-residential-building-repair-or-improvement-building__grok.json,5fd7e6c4b4a4da0088f04c3d450d1bf99d46feeb005154ec3b94f58223084e2a,ed5bee50632e9b0fd1ec88c3e243958ccdc6dff659bbd76bd9f7d5f66085b75b,REQUIRED,REQUIRED,1,0,0,BUILDING,BUILDING,1,truth-incomplete,[],"[{""family"":""ELECTRICAL"",""status"":""VERIFY""},{""family"":""MECHANICAL"",""status"":""VERIFY""},{""family"":""PLUMBING"",""status"":""VERIFY""}]",0,0
cell-us-il-waukegan-residential-building-repair-or-improvement-building,gemini,benchmarks/permit_accuracy_v1_1/raw_full_v11/cell-us-il-waukegan-residential-building-repair-or-improvement-building__gemini.json,213b517dedb89e707b14356ef2a3f07d29e0a769d084c77213c3491001aa89f2,7294d0f33f3f2062f98860b99e2f4d22e3e3789564bb940cedf29d3dd9bd41d2,REQUIRED,REQUIRED,1,0,0,BUILDING,BUILDING,1,truth-incomplete,[],[],1,0
cell-us-il-waukegan-residential-building-repair-or-improvement-building,engine,benchmarks/permit_accuracy_v1_1/raw_full_v11/cell-us-il-waukegan-residential-building-repair-or-improvement-building__engine.json,f832339231e27e8732d3da03fb4ee42c11eb590079307c6637f7c106f614eac0,8ae01b3c3c408ded1a4f06e8ad5b7aa9e52ee964759e29210399d9e7d8130e5d,REQUIRED,REQUIRED,1,0,0,BUILDING,BUILDING,1,truth-incomplete,[],"[{""family"":""ELECTRICAL"",""status"":""REQUIRED""},{""family"":""MECHANICAL"",""status"":""REQUIRED""},{""family"":""PLUMBING"",""status"":""REQUIRED""}]",0,0
cell-us-il-waukegan-residential-building-repair-or-improvement-building,engine_luna,benchmarks/permit_accuracy_v1_1/raw_full_v11/cell-us-il-waukegan-residential-building-repair-or-improvement-building__engine_luna.json,a9d59d6e36968d5839bde80e5e31ac1faf5104914277074ed5e97e770bdb142b,26c3c227c2a7fd76e60d58d5cc6d11847a5899869e5b1eaf84e00930e6baee54,REQUIRED,REQUIRED,1,0,0,BUILDING,BUILDING,1,truth-incomplete,[],"[{""family"":""ELECTRICAL"",""status"":""REQUIRED""},{""family"":""MECHANICAL"",""status"":""REQUIRED""},{""family"":""PLUMBING"",""status"":""REQUIRED""}]",0,0
cell-us-il-will-county-general-unincorporated-building-or-regulated-appurtenance-work-permit-building,luna,benchmarks/permit_accuracy_v1_1/raw_full_v11/cell-us-il-will-county-general-unincorporated-building-or-regulated-appurtenance-work-permit-building__luna.json,b32ec1fa29f836de19bffa14c889642e2b2ef508c526eedcf139e37cdb8f1cdb,26ab36781922d8fadeedcbc8770678baf2f3587a763d2acce2543828dda58162,REQUIRED,CONDITIONAL,0,0,0,BUILDING,BUILDING,1,truth-incomplete,[],[],1,0
cell-us-il-will-county-general-unincorporated-building-or-regulated-appurtenance-work-permit-building,grok,benchmarks/permit_accuracy_v1_1/raw_full_v11/cell-us-il-will-county-general-unincorporated-building-or-regulated-appurtenance-work-permit-building__grok.json,f8990f0b0dda2d80221fe6eae482a70b3d9c72183a38b8cdebd619468eb2d2ce,3ab7be13f91135fd13a0228b772efc50be9ebe461d55c7cfece7d74f34b29bf3,REQUIRED,REQUIRED,1,0,0,BUILDING,BUILDING,1,truth-incomplete,[],[],1,0
cell-us-il-will-county-general-unincorporated-building-or-regulated-appurtenance-work-permit-building,gemini,benchmarks/permit_accuracy_v1_1/raw_full_v11/cell-us-il-will-county-general-unincorporated-building-or-regulated-appurtenance-work-permit-building__gemini.json,9d84d5dc71e3dfdd53e8aa775dab3dc4acd752c343dd2b2c4c134628a78bfc2c,a8295df5b815cf000592f5fba88dc622b25b2b563673e8b9975622a3f2471922,REQUIRED,REQUIRED,1,0,0,BUILDING,BUILDING,1,truth-incomplete,[],[],1,0
cell-us-il-will-county-general-unincorporated-building-or-regulated-appurtenance-work-permit-building,engine,benchmarks/permit_accuracy_v1_1/raw_full_v11/cell-us-il-will-county-general-unincorporated-building-or-regulated-appurtenance-work-permit-building__engine.json,5f03566ceb219f766bfb526e0d5f31a8c4743b7aec33399b45f145d7b95263c4,ef939c62cf2c85b09136b225e4fdbf4827b50c181a680003ef532b7d9668dd94,REQUIRED,REQUIRED,1,0,0,BUILDING,BUILDING,1,truth-incomplete,[],[],1,0
cell-us-il-will-county-general-unincorporated-building-or-regulated-appurtenance-work-permit-building,engine_luna,benchmarks/permit_accuracy_v1_1/raw_full_v11/cell-us-il-will-county-general-unincorporated-building-or-regulated-appurtenance-work-permit-building__engine_luna.json,0a8e1ffb2faf6d913749403911986f95f0aa085b89e65c8581a9a8988d1e43e7,ed39017041b339e87f3982079dcfec5b294ba26c5e81d679ac77570ca7c4fcfe,REQUIRED,REQUIRED,1,0,0,BUILDING,BUILDING,1,truth-incomplete,[],"[{""family"":""ELECTRICAL"",""status"":""VERIFY""},{""family"":""ZONING_PLANNING"",""status"":""CONDITIONAL""}]",0,0
cell-us-in-anderson-commercial-commercial-tenant-improvement-building,luna,benchmarks/permit_accuracy_v1_1/raw_full_v11/cell-us-in-anderson-commercial-commercial-tenant-improvement-building__luna.json,6ca15f78ad7d4778d24d3d5dd12d68e65971e7194434873d01eac6759744889c,1cfeaefe9b194ab0e0fddfbe605330ac6733457ca644d6b0e4db01c85b0df642,REQUIRED,VERIFY,0,1,0,BUILDING,VERIFY,0,truth-incomplete,[],"[{""family"":""BUILDING"",""status"":""VERIFY""},{""family"":""ELECTRICAL"",""status"":""VERIFY""},{""family"":""FIRE_LIFE_SAFETY"",""status"":""VERIFY""},{""family"":""MECHANICAL"",""status"":""VERIFY""},{""family"":""OCCUPANCY_CO"",""status"":""VERIFY""},{""family"":""PLUMBING"",""status"":""VERIFY""},{""family"":""ZONING_PLANNING"",""status"":""VERIFY""}]",0,0
cell-us-in-anderson-commercial-commercial-tenant-improvement-building,grok,benchmarks/permit_accuracy_v1_1/raw_full_v11/cell-us-in-anderson-commercial-commercial-tenant-improvement-building__grok.json,a0e52b0786b199f9db924a4f81fc5097b2ec7f8cff37ad3055c999c2cac15baa,fdaae4a79329e89aa0c9102db4898eee2745359a55c5e1739d3ae75e37c80c9b,REQUIRED,REQUIRED,1,0,0,BUILDING,BUILDING,1,truth-incomplete,[],"[{""family"":""ELECTRICAL"",""status"":""REQUIRED""},{""family"":""FIRE_LIFE_SAFETY"",""status"":""VERIFY""},{""family"":""MECHANICAL"",""status"":""REQUIRED""},{""family"":""OCCUPANCY_CO"",""status"":""VERIFY""},{""family"":""PLUMBING"",""status"":""REQUIRED""},{""family"":""ZONING_PLANNING"",""status"":""VERIFY""}]",0,0
cell-us-in-anderson-commercial-commercial-tenant-improvement-building,gemini,benchmarks/permit_accuracy_v1_1/raw_full_v11/cell-us-in-anderson-commercial-commercial-tenant-improvement-building__gemini.json,07ceaafcee95e9f4ce62c8864ac10dffff983ac7c0bb71614dc01c07f5be431d,4ed073dd37f0cb01b47c5c8ad09def8dd25006b04c1abe38ed82ade41df606ef,REQUIRED,REQUIRED,1,0,0,BUILDING,BUILDING,1,truth-incomplete,[],"[{""family"":""ELECTRICAL"",""status"":""REQUIRED""},{""family"":""FIRE_LIFE_SAFETY"",""status"":""VERIFY""},{""family"":""MECHANICAL"",""status"":""REQUIRED""},{""family"":""OCCUPANCY_CO"",""status"":""VERIFY""},{""family"":""PLUMBING"",""status"":""REQUIRED""},{""family"":""ZONING_PLANNING"",""status"":""VERIFY""}]",0,0
cell-us-in-anderson-commercial-commercial-tenant-improvement-building,engine,benchmarks/permit_accuracy_v1_1/raw_full_v11/cell-us-in-anderson-commercial-commercial-tenant-improvement-building__engine.json,d98c2d2e190ae9fdad0d64f9511404d60de278b6c7b215540b9017753dfb5abc,a1011eb93711a28c17bc3aff54ba9e89431a7269b6807f0b20036f9d6864f120,REQUIRED,REQUIRED,1,0,0,BUILDING,BUILDING,1,truth-incomplete,[],"[{""family"":""ACCESSIBILITY"",""status"":""CONDITIONAL""},{""family"":""ELECTRICAL"",""status"":""REQUIRED""},{""family"":""MECHANICAL"",""status"":""REQUIRED""},{""family"":""OCCUPANCY_CO"",""status"":""CONDITIONAL""},{""family"":""OTHER"",""status"":""VERIFY""},{""family"":""PLUMBING"",""status"":""REQUIRED""},{""family"":""ZONING_PLANNING"",""status"":""REQUIRED""}]",0,0
cell-us-in-anderson-commercial-commercial-tenant-improvement-building,engine_luna,benchmarks/permit_accuracy_v1_1/raw_full_v11/cell-us-in-anderson-commercial-commercial-tenant-improvement-building__engine_luna.json,2d1edd1c900314c910dac01e2e069d4377e6be0760fc06632e046d830b1c7ddd,bdfa40d828686ac287f1cabac7d25ec8b8427ab9c610a4189277ca2693fe8ecb,REQUIRED,REQUIRED,1,0,0,BUILDING,BUILDING,1,truth-incomplete,[],"[{""family"":""ACCESSIBILITY"",""status"":""CONDITIONAL""},{""family"":""ELECTRICAL"",""status"":""REQUIRED""},{""family"":""FIRE_LIFE_SAFETY"",""status"":""VERIFY""},{""family"":""MECHANICAL"",""status"":""REQUIRED""},{""family"":""OCCUPANCY_CO"",""status"":""CONDITIONAL""},{""family"":""OTHER"",""status"":""VERIFY""},{""family"":""PLUMBING"",""status"":""REQUIRED""},{""family"":""ZONING_PLANNING"",""status"":""REQUIRED""}]",0,0
cell-us-in-crown-point-residential-residential-building-construction-alteration-or-inspection-building,luna,benchmarks/permit_accuracy_v1_1/raw_full_v11/cell-us-in-crown-point-residential-residential-building-construction-alteration-or-inspection-building__luna.json,b58aac06c3bbdf72b4fed869bb42ed2e23e225f31489a352f14c80123bacf562,d189ee03de4733dbbec8798146dbb1f6e4d6689a5a622423d23cceeae0fa45a3,REQUIRED,VERIFY,0,1,0,BUILDING,VERIFY,0,truth-incomplete,[],"[{""family"":""BUILDING"",""status"":""VERIFY""},{""family"":""ELECTRICAL"",""status"":""VERIFY""},{""family"":""MECHANICAL"",""status"":""VERIFY""},{""family"":""PLUMBING"",""status"":""VERIFY""}]",0,0
cell-us-in-crown-point-residential-residential-building-construction-alteration-or-inspection-building,grok,benchmarks/permit_accuracy_v1_1/raw_full_v11/cell-us-in-crown-point-residential-residential-building-construction-alteration-or-inspection-building__grok.json,7236bdf26665e90f5c3c41a08df53fe85dd440327c1ba6cdcd9b676bb4dc46c9,2f2a506c294798ee727a7791eb6597df3acfbfd7b607e1a01e2f601dcee856c3,REQUIRED,VERIFY,0,1,0,BUILDING,BUILDING,1,truth-incomplete,[],"[{""family"":""ELECTRICAL"",""status"":""VERIFY""},{""family"":""MECHANICAL"",""status"":""VERIFY""},{""family"":""OTHER"",""status"":""VERIFY""},{""family"":""PLUMBING"",""status"":""VERIFY""}]",0,0
cell-us-in-crown-point-residential-residential-building-construction-alteration-or-inspection-building,gemini,benchmarks/permit_accuracy_v1_1/raw_full_v11/cell-us-in-crown-point-residential-residential-building-construction-alteration-or-inspection-building__gemini.json,53b8e207346ae153185d80605099212a94e9d34019a1713613c8c954af549020,4fb2fd2af5beaaa92458bc33af8b65a3beb9d965887819942564f2a4c7726db7,REQUIRED,VERIFY,0,1,0,BUILDING,VERIFY,0,truth-incomplete,[],[],1,0
cell-us-in-crown-point-residential-residential-building-construction-alteration-or-inspection-building,engine,benchmarks/permit_accuracy_v1_1/raw_full_v11/cell-us-in-crown-point-residential-residential-building-construction-alteration-or-inspection-building__engine.json,d230c0519604eacd4d8bc43694bfe8f440209a3dd1b0572de70046544b60d26a,b9c69ad559395d89a34553246db7e3f426f59ccfbaae0ef74af1bfd5395da4b2,REQUIRED,REQUIRED,1,0,0,BUILDING,BUILDING,1,truth-incomplete,[],"[{""family"":""ELECTRICAL"",""status"":""REQUIRED""},{""family"":""MECHANICAL"",""status"":""REQUIRED""},{""family"":""PLUMBING"",""status"":""REQUIRED""}]",0,0
cell-us-in-crown-point-residential-residential-building-construction-alteration-or-inspection-building,engine_luna,benchmarks/permit_accuracy_v1_1/raw_full_v11/cell-us-in-crown-point-residential-residential-building-construction-alteration-or-inspection-building__engine_luna.json,72112cbdbb288655a3f385057d6d230cd3b6af1e4347c2c0554c90fb8253c8dd,23e1d8a24e67feefd489a675401b460ef05099dcdfebab2540975e72134ea79e,REQUIRED,REQUIRED,1,0,0,BUILDING,BUILDING,1,truth-incomplete,[],"[{""family"":""BUILDING"",""status"":""VERIFY""},{""family"":""ELECTRICAL"",""status"":""REQUIRED""},{""family"":""MECHANICAL"",""status"":""REQUIRED""},{""family"":""PLUMBING"",""status"":""REQUIRED""}]",0,0
cell-us-ks-arkansas-city-commercial-commercial-tenant-improvement-building,luna,benchmarks/permit_accuracy_v1_1/raw_full_v11/cell-us-ks-arkansas-city-commercial-commercial-tenant-improvement-building__luna.json,f0915e98c3d3fa4299ee7d56e01214cf06b8fac344633416e09d268e535136f0,d723ae460bbaa5ec367240e729970c1376d70e2e0878d4ac137f42023d3a9e42,REQUIRED,VERIFY,0,1,0,BUILDING,VERIFY,0,truth-incomplete,[],"[{""family"":""BUILDING"",""status"":""VERIFY""},{""family"":""ELECTRICAL"",""status"":""VERIFY""},{""family"":""FIRE_LIFE_SAFETY"",""status"":""VERIFY""},{""family"":""MECHANICAL"",""status"":""VERIFY""},{""family"":""OCCUPANCY_CO"",""status"":""VERIFY""},{""family"":""PLUMBING"",""status"":""VERIFY""},{""family"":""ZONING_PLANNING"",""status"":""VERIFY""}]",0,0
cell-us-ks-arkansas-city-commercial-commercial-tenant-improvement-building,grok,benchmarks/permit_accuracy_v1_1/raw_full_v11/cell-us-ks-arkansas-city-commercial-commercial-tenant-improvement-building__grok.json,a94018f87cc8c8aa7e976ac21508c045ec3bcf7b82f43a80dd2257ea8e4beea2,8a89389ef2681ec2222b3fbcda2f77b2ba0679ccfae26762316fbb247e600062,REQUIRED,VERIFY,0,1,0,BUILDING,VERIFY,0,truth-incomplete,[],"[{""family"":""BUILDING"",""status"":""VERIFY""},{""family"":""ELECTRICAL"",""status"":""VERIFY""},{""family"":""FIRE_LIFE_SAFETY"",""status"":""VERIFY""},{""family"":""MECHANICAL"",""status"":""VERIFY""},{""family"":""OCCUPANCY_CO"",""status"":""VERIFY""},{""family"":""PLUMBING"",""status"":""VERIFY""},{""family"":""ZONING_PLANNING"",""status"":""VERIFY""}]",0,0
cell-us-ks-arkansas-city-commercial-commercial-tenant-improvement-building,gemini,benchmarks/permit_accuracy_v1_1/raw_full_v11/cell-us-ks-arkansas-city-commercial-commercial-tenant-improvement-building__gemini.json,991319e3b8de04cdba159fdfb8a97bdfc688c6efc4022916747eb1627bb77118,6cd12ba81a5bdad62239be8a7c96e41b14b910bdd1b497fb572f114ccbe8f506,REQUIRED,VERIFY,0,1,0,BUILDING,VERIFY,0,truth-incomplete,[],[],1,0
cell-us-ks-arkansas-city-commercial-commercial-tenant-improvement-building,engine,benchmarks/permit_accuracy_v1_1/raw_full_v11/cell-us-ks-arkansas-city-commercial-commercial-tenant-improvement-building__engine.json,cea9fc0afa6b69a02df2f53d6987a93debc4ae824c4b0c56687d556a4b658c3c,4e4ba9ce751f6b65c6ee9b02ea0f0b452686c03af9b15fffb2d4e89d041caf89,REQUIRED,REQUIRED,1,0,0,BUILDING,BUILDING,1,truth-incomplete,[],"[{""family"":""ACCESSIBILITY"",""status"":""CONDITIONAL""},{""family"":""ELECTRICAL"",""status"":""REQUIRED""},{""family"":""MECHANICAL"",""status"":""REQUIRED""},{""family"":""OCCUPANCY_CO"",""status"":""CONDITIONAL""},{""family"":""OTHER"",""status"":""VERIFY""},{""family"":""PLUMBING"",""status"":""REQUIRED""},{""family"":""ZONING_PLANNING"",""status"":""REQUIRED""}]",0,0
cell-us-ks-arkansas-city-commercial-commercial-tenant-improvement-building,engine_luna,benchmarks/permit_accuracy_v1_1/raw_full_v11/cell-us-ks-arkansas-city-commercial-commercial-tenant-improvement-building__engine_luna.json,29160dee8ac075da74b2236e3eb0c360d7e36b6320022fdb342c2fbb18d9a6a6,b29a7200220168b7ca16ba7bcec27062f97fefd94f045bc606b976b957fe0957,REQUIRED,REQUIRED,1,0,0,BUILDING,BUILDING,1,truth-incomplete,[],"[{""family"":""ACCESSIBILITY"",""status"":""CONDITIONAL""},{""family"":""BUILDING"",""status"":""VERIFY""},{""family"":""ELECTRICAL"",""status"":""REQUIRED""},{""family"":""MECHANICAL"",""status"":""REQUIRED""},{""family"":""OCCUPANCY_CO"",""status"":""CONDITIONAL""},{""family"":""OTHER"",""status"":""VERIFY""},{""family"":""PLUMBING"",""status"":""REQUIRED""},{""family"":""ZONING_PLANNING"",""status"":""REQUIRED""}]",0,0
cell-us-ky-ashland-commercial-commercial-tenant-improvement-building,luna,benchmarks/permit_accuracy_v1_1/raw_full_v11/cell-us-ky-ashland-commercial-commercial-tenant-improvement-building__luna.json,676c8e3c72031dce637d6b1309d6f7f9506fa05bdfa07e871f2a4689ff69e1eb,1c4b67992e5db14243d9e6f1a71d26ba1af093bc24cb0397642b3d5e8947370f,REQUIRED,VERIFY,0,1,0,BUILDING,VERIFY,0,truth-incomplete,[],"[{""family"":""BUILDING"",""status"":""VERIFY""},{""family"":""ELECTRICAL"",""status"":""VERIFY""},{""family"":""FIRE_LIFE_SAFETY"",""status"":""VERIFY""},{""family"":""MECHANICAL"",""status"":""VERIFY""},{""family"":""OCCUPANCY_CO"",""status"":""VERIFY""},{""family"":""PLUMBING"",""status"":""VERIFY""},{""family"":""ZONING_PLANNING"",""status"":""VERIFY""}]",0,0
cell-us-ky-ashland-commercial-commercial-tenant-improvement-building,grok,benchmarks/permit_accuracy_v1_1/raw_full_v11/cell-us-ky-ashland-commercial-commercial-tenant-improvement-building__grok.json,52ae66ca26a4da3d53b2ba8a73c20a1b4f58894f90bb9e6d1183bce48f0847f2,c0c0ed7fa9c312827b3f766d3a9d3abb22ed9c64a185b74d3c3313217e68ff3b,REQUIRED,VERIFY,0,1,0,BUILDING,BUILDING,1,truth-incomplete,[],"[{""family"":""ELECTRICAL"",""status"":""VERIFY""},{""family"":""FIRE_LIFE_SAFETY"",""status"":""VERIFY""},{""family"":""MECHANICAL"",""status"":""VERIFY""},{""family"":""OCCUPANCY_CO"",""status"":""VERIFY""},{""family"":""PLUMBING"",""status"":""VERIFY""},{""family"":""ZONING_PLANNING"",""status"":""VERIFY""}]",0,0
cell-us-ky-ashland-commercial-commercial-tenant-improvement-building,gemini,benchmarks/permit_accuracy_v1_1/raw_full_v11/cell-us-ky-ashland-commercial-commercial-tenant-improvement-building__gemini.json,59b4e07b928b6bc57118e83e2a543df0bcf2218e4ab191af551ceaa6c1444c21,e0b8e5cb761d0b5e6bc4af82ef34103488e56df7677331f0e3777e5986919d3f,REQUIRED,VERIFY,0,1,0,BUILDING,VERIFY,0,truth-incomplete,[],[],1,0
cell-us-ky-ashland-commercial-commercial-tenant-improvement-building,engine,benchmarks/permit_accuracy_v1_1/raw_full_v11/cell-us-ky-ashland-commercial-commercial-tenant-improvement-building__engine.json,b1cb28c34066a658f8864d50c3f5a2fddc6b708ba3d85dcc51714fe990da9718,96a5bb0a0add5b0af581b686f8e9541e0f1bc97ffadf617207539db167bc0cde,REQUIRED,REQUIRED,1,0,0,BUILDING,BUILDING,1,truth-incomplete,[],"[{""family"":""ACCESSIBILITY"",""status"":""CONDITIONAL""},{""family"":""ELECTRICAL"",""status"":""REQUIRED""},{""family"":""MECHANICAL"",""status"":""REQUIRED""},{""family"":""OCCUPANCY_CO"",""status"":""CONDITIONAL""},{""family"":""OTHER"",""status"":""VERIFY""},{""family"":""PLUMBING"",""status"":""REQUIRED""},{""family"":""ZONING_PLANNING"",""status"":""REQUIRED""}]",0,0
cell-us-ky-ashland-commercial-commercial-tenant-improvement-building,engine_luna,benchmarks/permit_accuracy_v1_1/raw_full_v11/cell-us-ky-ashland-commercial-commercial-tenant-improvement-building__engine_luna.json,629ff8ac6107ca77a6a18fd31637ad58c9619d2353315b5f8d56da6b04ae0f40,476ba28a28c41b8bf580a6324f453257d56514ee9fea5123e58729095fba5e23,REQUIRED,REQUIRED,1,0,0,BUILDING,BUILDING,1,truth-incomplete,[],"[{""family"":""ACCESSIBILITY"",""status"":""CONDITIONAL""},{""family"":""ELECTRICAL"",""status"":""REQUIRED""},{""family"":""MECHANICAL"",""status"":""REQUIRED""},{""family"":""OCCUPANCY_CO"",""status"":""CONDITIONAL""},{""family"":""OTHER"",""status"":""VERIFY""},{""family"":""PLUMBING"",""status"":""REQUIRED""},{""family"":""ZONING_PLANNING"",""status"":""REQUIRED""}]",0,0
cell-us-ky-mount-washington-residential-residential-building-construction-alteration-or-inspection-building,luna,benchmarks/permit_accuracy_v1_1/raw_full_v11/cell-us-ky-mount-washington-residential-residential-building-construction-alteration-or-inspection-building__luna.json,58bc0ac8770355db9e65016c43685b0519adf75ccc22c522e9e4581339b9b27d,384eac112eaa519afe020d995c914dc96be4e3eb2081b53690d4cd26df4ae853,REQUIRED,REQUIRED,1,0,0,BUILDING,BUILDING,1,truth-incomplete,[],"[{""family"":""ELECTRICAL"",""status"":""VERIFY""},{""family"":""MECHANICAL"",""status"":""VERIFY""},{""family"":""PLUMBING"",""status"":""VERIFY""}]",0,0
cell-us-ky-mount-washington-residential-residential-building-construction-alteration-or-inspection-building,grok,benchmarks/permit_accuracy_v1_1/raw_full_v11/cell-us-ky-mount-washington-residential-residential-building-construction-alteration-or-inspection-building__grok.json,45641fc9d8513ca203fbbf25f7318c4aaba45f7a9546d9d69a65def95177c7ff,a05d85a85bd448c51b9f2af571e7e45e1f8dc58521b8d47646d8ba0d851e1fe6,REQUIRED,REQUIRED,1,0,0,BUILDING,BUILDING,1,truth-incomplete,[],"[{""family"":""ELECTRICAL"",""status"":""CONDITIONAL""},{""family"":""MECHANICAL"",""status"":""CONDITIONAL""},{""family"":""PLUMBING"",""status"":""CONDITIONAL""}]",0,0
cell-us-ky-mount-washington-residential-residential-building-construction-alteration-or-inspection-building,gemini,benchmarks/permit_accuracy_v1_1/raw_full_v11/cell-us-ky-mount-washington-residential-residential-building-construction-alteration-or-inspection-building__gemini.json,0cd3ac63a1f8c85188cdfb212cced9c805112b44b0fc8032cd33ff327db5e145,0077c4e7f8a0d025289e7665c1d40c11bc7b4be724b0a67c1f3e2e02debbd595,REQUIRED,REQUIRED,1,0,0,BUILDING,BUILDING,1,truth-incomplete,[],[],1,0
cell-us-ky-mount-washington-residential-residential-building-construction-alteration-or-inspection-building,engine,benchmarks/permit_accuracy_v1_1/raw_full_v11/cell-us-ky-mount-washington-residential-residential-building-construction-alteration-or-inspection-building__engine.json,24176f2a47337b95e394535eac019671132c668321cb91e73086683f000ef828,6948c9cc33a73bb606fbe12aedf625517f78d3dbcc86d9f61612df2b3f8f66ac,REQUIRED,REQUIRED,1,0,0,BUILDING,BUILDING,1,truth-incomplete,[],"[{""family"":""ELECTRICAL"",""status"":""REQUIRED""},{""family"":""MECHANICAL"",""status"":""REQUIRED""},{""family"":""PLUMBING"",""status"":""REQUIRED""}]",0,0
cell-us-ky-mount-washington-residential-residential-building-construction-alteration-or-inspection-building,engine_luna,benchmarks/permit_accuracy_v1_1/raw_full_v11/cell-us-ky-mount-washington-residential-residential-building-construction-alteration-or-inspection-building__engine_luna.json,8f0ebd9a670fa37b3e2235671c2a4bcfba873b28d409ef6d3f1590cfc4bc2d93,ff1b6ccb2353ceb5894aec99b509e84ad067f8cde6b1f78bc95060195acb88af,REQUIRED,REQUIRED,1,0,0,BUILDING,BUILDING,1,truth-incomplete,[],"[{""family"":""ELECTRICAL"",""status"":""REQUIRED""},{""family"":""MECHANICAL"",""status"":""REQUIRED""},{""family"":""PLUMBING"",""status"":""REQUIRED""}]",0,0
cell-us-la-acadia-parish-commercial-commercial-tenant-improvement-building,luna,benchmarks/permit_accuracy_v1_1/raw_full_v11/cell-us-la-acadia-parish-commercial-commercial-tenant-improvement-building__luna.json,28c047578675224999f5b9c1e907963a4e6e8b64d4086b9c4b50ec1e947d75f9,826a1f0828e5f43945d73d611993d92ea6f11c60bf224fede9535e67f5566127,REQUIRED,VERIFY,0,1,0,BUILDING,VERIFY,0,truth-incomplete,[],"[{""family"":""BUILDING"",""status"":""VERIFY""},{""family"":""ELECTRICAL"",""status"":""VERIFY""},{""family"":""FIRE_LIFE_SAFETY"",""status"":""VERIFY""},{""family"":""MECHANICAL"",""status"":""VERIFY""},{""family"":""OCCUPANCY_CO"",""status"":""VERIFY""},{""family"":""PLUMBING"",""status"":""VERIFY""},{""family"":""ZONING_PLANNING"",""status"":""VERIFY""}]",0,0
cell-us-la-acadia-parish-commercial-commercial-tenant-improvement-building,grok,benchmarks/permit_accuracy_v1_1/raw_full_v11/cell-us-la-acadia-parish-commercial-commercial-tenant-improvement-building__grok.json,8828ae90b0a7d2892e2da5d812dffc00baa538231c76f12be76d970b997331ad,34927a805134636b6472471ebc4825552c2a18270dedc24da65536364bd02f64,REQUIRED,VERIFY,0,1,0,BUILDING,BUILDING,1,truth-incomplete,[],"[{""family"":""ELECTRICAL"",""status"":""VERIFY""},{""family"":""FIRE_LIFE_SAFETY"",""status"":""VERIFY""},{""family"":""MECHANICAL"",""status"":""VERIFY""},{""family"":""OCCUPANCY_CO"",""status"":""VERIFY""},{""family"":""PLUMBING"",""status"":""VERIFY""},{""family"":""ZONING_PLANNING"",""status"":""VERIFY""}]",0,0
cell-us-la-acadia-parish-commercial-commercial-tenant-improvement-building,gemini,benchmarks/permit_accuracy_v1_1/raw_full_v11/cell-us-la-acadia-parish-commercial-commercial-tenant-improvement-building__gemini.json,c8f0fc7b5fbd88121575e59b684a56d0fc645773c87c851d1847447dde0c5405,e74b499e1cd352fdf690fb14cfa892c392b0b4273d80d25fbc744ddd4569e024,REQUIRED,VERIFY,0,1,0,BUILDING,VERIFY,0,truth-incomplete,[],[],1,0
cell-us-la-acadia-parish-commercial-commercial-tenant-improvement-building,engine,benchmarks/permit_accuracy_v1_1/raw_full_v11/cell-us-la-acadia-parish-commercial-commercial-tenant-improvement-building__engine.json,1cfcd1fbd3389fe9827f3fcf4bc76087a25dd3f97336d34f014bfff6bfedd947,16ac240a8dae97a00872e7727b31264d85b9cd81b1f06463d7bb84c3710cb98c,REQUIRED,REQUIRED,1,0,0,BUILDING,BUILDING,1,truth-incomplete,[],"[{""family"":""ACCESSIBILITY"",""status"":""CONDITIONAL""},{""family"":""ELECTRICAL"",""status"":""REQUIRED""},{""family"":""MECHANICAL"",""status"":""REQUIRED""},{""family"":""OCCUPANCY_CO"",""status"":""CONDITIONAL""},{""family"":""OTHER"",""status"":""VERIFY""},{""family"":""PLUMBING"",""status"":""REQUIRED""},{""family"":""ZONING_PLANNING"",""status"":""REQUIRED""}]",0,0
cell-us-la-acadia-parish-commercial-commercial-tenant-improvement-building,engine_luna,benchmarks/permit_accuracy_v1_1/raw_full_v11/cell-us-la-acadia-parish-commercial-commercial-tenant-improvement-building__engine_luna.json,57e4014504834bc9d566e380190a78e29fa6e16e282c0737967aade0219d0f1a,a358ab7dfb099fc2f2a275ce1b95811b59f5235d0d2a9895ff0f542c31e52e00,REQUIRED,REQUIRED,1,0,0,BUILDING,BUILDING,1,truth-incomplete,[],"[{""family"":""ACCESSIBILITY"",""status"":""CONDITIONAL""},{""family"":""BUILDING"",""status"":""VERIFY""},{""family"":""ELECTRICAL"",""status"":""REQUIRED""},{""family"":""MECHANICAL"",""status"":""REQUIRED""},{""family"":""OCCUPANCY_CO"",""status"":""CONDITIONAL""},{""family"":""OTHER"",""status"":""VERIFY""},{""family"":""PLUMBING"",""status"":""REQUIRED""},{""family"":""ZONING_PLANNING"",""status"":""REQUIRED""}]",0,0
cell-us-la-covington-residential-residential-building-construction-alteration-or-inspection-building,luna,benchmarks/permit_accuracy_v1_1/raw_full_v11/cell-us-la-covington-residential-residential-building-construction-alteration-or-inspection-building__luna.json,b991392b04093ebafa9660b1875e8888ee7403427875ded8ae803825cef09da2,d2c3cb30cf58b11bbcd211363369e10d69a6c7da10cc17c3fc5fc06d9da6d63c,REQUIRED,CONDITIONAL,0,0,0,BUILDING,BUILDING,1,truth-incomplete,[],"[{""family"":""ELECTRICAL"",""status"":""VERIFY""},{""family"":""FIRE_LIFE_SAFETY"",""status"":""VERIFY""},{""family"":""GAS"",""status"":""VERIFY""},{""family"":""MECHANICAL"",""status"":""VERIFY""},{""family"":""PLUMBING"",""status"":""VERIFY""}]",0,0
cell-us-la-covington-residential-residential-building-construction-alteration-or-inspection-building,grok,benchmarks/permit_accuracy_v1_1/raw_full_v11/cell-us-la-covington-residential-residential-building-construction-alteration-or-inspection-building__grok.json,d621a6801acb4eae8724776d714abc2c18a319be9af3ae7520f2e8d8ba5bb7a7,3eab412c8d43fc43180460e74a1b3408aa4f6250b69b4386d8107550b9606d27,REQUIRED,REQUIRED,1,0,0,BUILDING,BUILDING,1,truth-incomplete,[],"[{""family"":""ELECTRICAL"",""status"":""VERIFY""},{""family"":""FIRE_LIFE_SAFETY"",""status"":""VERIFY""},{""family"":""MECHANICAL"",""status"":""VERIFY""},{""family"":""PLUMBING"",""status"":""VERIFY""}]",0,0
cell-us-la-covington-residential-residential-building-construction-alteration-or-inspection-building,gemini,benchmarks/permit_accuracy_v1_1/raw_full_v11/cell-us-la-covington-residential-residential-building-construction-alteration-or-inspection-building__gemini.json,c33053b1b8ea35c3409ca858ea5e6eb2ec8f7d211872570608bb11520414d5a7,7c3d04dd346a0b8897d20b49c4bcf874bba08b7e837b3f619d8253195815798d,REQUIRED,REQUIRED,1,0,0,BUILDING,BUILDING,1,truth-incomplete,[],[],1,0
cell-us-la-covington-residential-residential-building-construction-alteration-or-inspection-building,engine,benchmarks/permit_accuracy_v1_1/raw_full_v11/cell-us-la-covington-residential-residential-building-construction-alteration-or-inspection-building__engine.json,0b1edc9cfa4906f3d55bab636ee38f075132dbff4513a188cb9cf7a4ef60a7b5,1b8c73b510b079201e4b73d70fe4f65b2c50f87121e853d5251cebee3a9eced0,REQUIRED,REQUIRED,1,0,0,BUILDING,BUILDING,1,truth-incomplete,[],"[{""family"":""ELECTRICAL"",""status"":""REQUIRED""},{""family"":""MECHANICAL"",""status"":""REQUIRED""},{""family"":""PLUMBING"",""status"":""REQUIRED""}]",0,0
cell-us-la-covington-residential-residential-building-construction-alteration-or-inspection-building,engine_luna,benchmarks/permit_accuracy_v1_1/raw_full_v11/cell-us-la-covington-residential-residential-building-construction-alteration-or-inspection-building__engine_luna.json,f6ce62686de53392a0fbfdd9cc15e0629482958e1421056b18eabcbf923bb79c,1a81c94de7785af668b99e4713ef174921fb0ec620851c5f018ccf4f02557257,REQUIRED,REQUIRED,1,0,0,BUILDING,BUILDING,1,truth-incomplete,[],"[{""family"":""ELECTRICAL"",""status"":""REQUIRED""},{""family"":""MECHANICAL"",""status"":""REQUIRED""},{""family"":""PLUMBING"",""status"":""REQUIRED""}]",0,0
cell-us-ma-amherst-commercial-commercial-tenant-improvement-building,luna,benchmarks/permit_accuracy_v1_1/raw_full_v11/cell-us-ma-amherst-commercial-commercial-tenant-improvement-building__luna.json,b9e4363046d37df3b2afc7575245f59c54c51ab0eec00ffb033f6129f91fce62,607b351d3c566785e714e774cbd93db1070dcd1724f1d54cef94dbe7dba2ce15,REQUIRED,VERIFY,0,1,0,BUILDING,VERIFY,0,truth-incomplete,[],"[{""family"":""ELECTRICAL"",""status"":""VERIFY""},{""family"":""FIRE_LIFE_SAFETY"",""status"":""VERIFY""},{""family"":""MECHANICAL"",""status"":""VERIFY""},{""family"":""OCCUPANCY_CO"",""status"":""VERIFY""},{""family"":""PLUMBING"",""status"":""VERIFY""},{""family"":""ZONING_PLANNING"",""status"":""VERIFY""}]",0,0
cell-us-ma-amherst-commercial-commercial-tenant-improvement-building,grok,benchmarks/permit_accuracy_v1_1/raw_full_v11/cell-us-ma-amherst-commercial-commercial-tenant-improvement-building__grok.json,b8e7b95ea9fcba34dbd581c60082983c064636a46d3b26793d15c3a348cbdfce,c3b36e3617cfae5214cb495600934bbf7bfccf74cdeefd0bda25804221d12b49,REQUIRED,REQUIRED,1,0,0,BUILDING,BUILDING,1,truth-incomplete,[],"[{""family"":""ELECTRICAL"",""status"":""VERIFY""},{""family"":""FIRE_LIFE_SAFETY"",""status"":""VERIFY""},{""family"":""GAS"",""status"":""VERIFY""},{""family"":""MECHANICAL"",""status"":""VERIFY""},{""family"":""OCCUPANCY_CO"",""status"":""VERIFY""},{""family"":""PLUMBING"",""status"":""VERIFY""},{""family"":""ZONING_PLANNING"",""status"":""VERIFY""}]",0,0
cell-us-ma-amherst-commercial-commercial-tenant-improvement-building,gemini,benchmarks/permit_accuracy_v1_1/raw_full_v11/cell-us-ma-amherst-commercial-commercial-tenant-improvement-building__gemini.json,674d188c5ed8ead00c4d4ab263037c24ffff8341cd537d54d24507f3f3c5d89e,196da463c7c10c4817c687ca169cdfd85e6d3bfebfdc4772fc522c02b6bf30b0,REQUIRED,REQUIRED,1,0,0,BUILDING,BUILDING,1,truth-incomplete,[],"[{""family"":""ELECTRICAL"",""status"":""REQUIRED""},{""family"":""FIRE_LIFE_SAFETY"",""status"":""VERIFY""},{""family"":""GAS"",""status"":""VERIFY""},{""family"":""MECHANICAL"",""status"":""VERIFY""},{""family"":""OCCUPANCY_CO"",""status"":""VERIFY""},{""family"":""PLUMBING"",""status"":""REQUIRED""},{""family"":""ZONING_PLANNING"",""status"":""VERIFY""}]",0,0
cell-us-ma-amherst-commercial-commercial-tenant-improvement-building,engine,benchmarks/permit_accuracy_v1_1/raw_full_v11/cell-us-ma-amherst-commercial-commercial-tenant-improvement-building__engine.json,d36fc8080c40a354ea16d419b5b8ab03036b7af4342ba8d5268ae05194a1f84c,33744545a5a800ef0798ae2f21546623fc3b23de7b6babc7d818792e39b99a63,REQUIRED,REQUIRED,1,0,0,BUILDING,BUILDING,1,truth-incomplete,[],"[{""family"":""ACCESSIBILITY"",""status"":""CONDITIONAL""},{""family"":""ELECTRICAL"",""status"":""REQUIRED""},{""family"":""MECHANICAL"",""status"":""REQUIRED""},{""family"":""OCCUPANCY_CO"",""status"":""CONDITIONAL""},{""family"":""OTHER"",""status"":""VERIFY""},{""family"":""PLUMBING"",""status"":""REQUIRED""},{""family"":""ZONING_PLANNING"",""status"":""REQUIRED""}]",0,0
cell-us-ma-amherst-commercial-commercial-tenant-improvement-building,engine_luna,benchmarks/permit_accuracy_v1_1/raw_full_v11/cell-us-ma-amherst-commercial-commercial-tenant-improvement-building__engine_luna.json,7bdb59739b14cf92038bbb8bb9b2a77ff89076ff9a9100dcf509af001b6ab881,2eee8ac0942dff52a701b82b2226dad40b3b212cd1c1dda13703020460a1646a,REQUIRED,REQUIRED,1,0,0,BUILDING,BUILDING,1,truth-incomplete,[],"[{""family"":""ACCESSIBILITY"",""status"":""CONDITIONAL""},{""family"":""ELECTRICAL"",""status"":""REQUIRED""},{""family"":""MECHANICAL"",""status"":""REQUIRED""},{""family"":""OCCUPANCY_CO"",""status"":""CONDITIONAL""},{""family"":""OTHER"",""status"":""VERIFY""},{""family"":""PLUMBING"",""status"":""REQUIRED""},{""family"":""ZONING_PLANNING"",""status"":""REQUIRED""}]",0,0
cell-us-md-allegany-county-residential-land-use-building-construction-project-land-use-building,luna,benchmarks/permit_accuracy_v1_1/raw_full_v11/cell-us-md-allegany-county-residential-land-use-building-construction-project-land-use-building__luna.json,000f486dcca27f763bfa1303a0d9839428745d4279cbe4b56b1e8ed9add67516,a71d64a4ce689e708cef17f3bcc115ca333193347d7195b2bd939d5540418e80,REQUIRED,VERIFY,0,1,0,BUILDING,BUILDING,1,truth-incomplete,[],"[{""family"":""ELECTRICAL"",""status"":""VERIFY""},{""family"":""MECHANICAL"",""status"":""VERIFY""},{""family"":""PLUMBING"",""status"":""VERIFY""},{""family"":""ZONING_PLANNING"",""status"":""VERIFY""}]",0,0
cell-us-md-allegany-county-residential-land-use-building-construction-project-land-use-building,grok,benchmarks/permit_accuracy_v1_1/raw_full_v11/cell-us-md-allegany-county-residential-land-use-building-construction-project-land-use-building__grok.json,6eb9e42cd60aa77737dfba89333f456e415f9413fff6216c0bfaa1d2d2ce31fb,37d952c01381dd24e6bfdc878ef98af931eeeeaf2b324ef4a614bd8302c3a9e0,REQUIRED,CONDITIONAL,0,0,0,BUILDING,BUILDING,1,truth-incomplete,[],"[{""family"":""ELECTRICAL"",""status"":""VERIFY""},{""family"":""FIRE_LIFE_SAFETY"",""status"":""VERIFY""},{""family"":""MECHANICAL"",""status"":""VERIFY""},{""family"":""PLUMBING"",""status"":""VERIFY""},{""family"":""ZONING_PLANNING"",""status"":""REQUIRED""}]",0,0
cell-us-md-allegany-county-residential-land-use-building-construction-project-land-use-building,gemini,benchmarks/permit_accuracy_v1_1/raw_full_v11/cell-us-md-allegany-county-residential-land-use-building-construction-project-land-use-building__gemini.json,226c657a850fbf0bbb90421b5ad98f6c4e242e24c263395c529e64a96d9c6cdd,5672c1a309203bb1886756769173cf30bbb4918c7adef1c2221771530fe44946,REQUIRED,VERIFY,0,1,0,BUILDING,VERIFY,0,truth-incomplete,[],[],1,0
cell-us-md-allegany-county-residential-land-use-building-construction-project-land-use-building,engine,benchmarks/permit_accuracy_v1_1/raw_full_v11/cell-us-md-allegany-county-residential-land-use-building-construction-project-land-use-building__engine.json,dcb4bb4403823ad517108a43d6ede85573f11d7c8cea035b914dff74be2b2d49,25af4c32bd8cc38b19fbe8d9cf5539d209e3925caae0c7bbbbc4ecbe3bdd2181,REQUIRED,REQUIRED,1,0,0,BUILDING,BUILDING,1,truth-incomplete,[],"[{""family"":""ELECTRICAL"",""status"":""REQUIRED""},{""family"":""MECHANICAL"",""status"":""REQUIRED""},{""family"":""PLUMBING"",""status"":""REQUIRED""}]",0,0
cell-us-md-allegany-county-residential-land-use-building-construction-project-land-use-building,engine_luna,benchmarks/permit_accuracy_v1_1/raw_full_v11/cell-us-md-allegany-county-residential-land-use-building-construction-project-land-use-building__engine_luna.json,aa7ca6ff853aae0148d042b5446a190b5bf105b0cec0ae615ac2e11dd9df8566,34632ecafffcff5a3b228a6524e875372a91d6af505eb304fd043c9ccd6e21ed,REQUIRED,REQUIRED,1,0,0,BUILDING,BUILDING,1,truth-incomplete,[],"[{""family"":""ELECTRICAL"",""status"":""REQUIRED""},{""family"":""MECHANICAL"",""status"":""REQUIRED""},{""family"":""PLUMBING"",""status"":""REQUIRED""},{""family"":""ZONING_PLANNING"",""status"":""CONDITIONAL""}]",0,0
cell-us-md-anne-arundel-county-commercial-commercial-tenant-improvement-building,luna,benchmarks/permit_accuracy_v1_1/raw_full_v11/cell-us-md-anne-arundel-county-commercial-commercial-tenant-improvement-building__luna.json,cdfcd642c72000a8d39d4e3a8778e41f2d98292bf6760684c2ccbc25344e16cd,00fc6c90ade640dc319b0c99d82a0974b5ce2c20fc35b49b79c1212ee0d38242,REQUIRED,VERIFY,0,1,0,BUILDING,BUILDING,1,truth-incomplete,"[{""family"":""ELECTRICAL"",""status"":""REQUIRED""},{""family"":""FIRE_LIFE_SAFETY"",""status"":""REQUIRED""},{""family"":""MECHANICAL"",""status"":""REQUIRED""},{""family"":""OCCUPANCY_CO"",""status"":""REQUIRED""},{""family"":""PLUMBING"",""status"":""REQUIRED""},{""family"":""ZONING_PLANNING"",""status"":""REQUIRED""}]","[{""family"":""ELECTRICAL"",""status"":""VERIFY""},{""family"":""FIRE_LIFE_SAFETY"",""status"":""VERIFY""},{""family"":""MECHANICAL"",""status"":""VERIFY""},{""family"":""OCCUPANCY_CO"",""status"":""VERIFY""},{""family"":""PLUMBING"",""status"":""VERIFY""},{""family"":""ZONING_PLANNING"",""status"":""VERIFY""}]",0,0
cell-us-md-anne-arundel-county-commercial-commercial-tenant-improvement-building,grok,benchmarks/permit_accuracy_v1_1/raw_full_v11/cell-us-md-anne-arundel-county-commercial-commercial-tenant-improvement-building__grok.json,9c27debd9221f20e80d486cb5c75ca9431aaf3ada3b8146e4e80b044067737d2,3832c011101a30ca4f4a28807e1b1db3f17c33ecaa1346008a0b6b8986d919ab,REQUIRED,REQUIRED,1,0,0,BUILDING,BUILDING,1,truth-incomplete,"[{""family"":""ELECTRICAL"",""status"":""REQUIRED""},{""family"":""FIRE_LIFE_SAFETY"",""status"":""REQUIRED""},{""family"":""MECHANICAL"",""status"":""REQUIRED""},{""family"":""OCCUPANCY_CO"",""status"":""REQUIRED""},{""family"":""PLUMBING"",""status"":""REQUIRED""},{""family"":""ZONING_PLANNING"",""status"":""REQUIRED""}]","[{""family"":""ELECTRICAL"",""status"":""REQUIRED""},{""family"":""FIRE_LIFE_SAFETY"",""status"":""REQUIRED""},{""family"":""MECHANICAL"",""status"":""REQUIRED""},{""family"":""OCCUPANCY_CO"",""status"":""REQUIRED""},{""family"":""PLUMBING"",""status"":""REQUIRED""},{""family"":""ZONING_PLANNING"",""status"":""VERIFY""}]",0,0
cell-us-md-anne-arundel-county-commercial-commercial-tenant-improvement-building,gemini,benchmarks/permit_accuracy_v1_1/raw_full_v11/cell-us-md-anne-arundel-county-commercial-commercial-tenant-improvement-building__gemini.json,33b9e1dfcde9d46788d59cd8149df0cca793df01166a19bc60be3f0cc54aec79,158d82aea03f0f01e9ce2db802cf98e8eb5a5263234ee211de7ea5cb473c69d8,REQUIRED,VERIFY,0,1,0,BUILDING,VERIFY,0,truth-incomplete,"[{""family"":""ELECTRICAL"",""status"":""REQUIRED""},{""family"":""FIRE_LIFE_SAFETY"",""status"":""REQUIRED""},{""family"":""MECHANICAL"",""status"":""REQUIRED""},{""family"":""OCCUPANCY_CO"",""status"":""REQUIRED""},{""family"":""PLUMBING"",""status"":""REQUIRED""},{""family"":""ZONING_PLANNING"",""status"":""REQUIRED""}]",[],0,0
cell-us-md-anne-arundel-county-commercial-commercial-tenant-improvement-building,engine,benchmarks/permit_accuracy_v1_1/raw_full_v11/cell-us-md-anne-arundel-county-commercial-commercial-tenant-improvement-building__engine.json,6f59e7edfb3f69770ccad07e921b688bbaac8bfcc6a2018c3d0aaaad2731238e,6aa3a4406a179d71fce66291eeb441ad835065b9ba9ce7645faff9bedd8b7166,REQUIRED,REQUIRED,1,0,0,BUILDING,BUILDING,1,truth-incomplete,"[{""family"":""ELECTRICAL"",""status"":""REQUIRED""},{""family"":""FIRE_LIFE_SAFETY"",""status"":""REQUIRED""},{""family"":""MECHANICAL"",""status"":""REQUIRED""},{""family"":""OCCUPANCY_CO"",""status"":""REQUIRED""},{""family"":""PLUMBING"",""status"":""REQUIRED""},{""family"":""ZONING_PLANNING"",""status"":""REQUIRED""}]","[{""family"":""ACCESSIBILITY"",""status"":""CONDITIONAL""},{""family"":""ELECTRICAL"",""status"":""REQUIRED""},{""family"":""MECHANICAL"",""status"":""REQUIRED""},{""family"":""OCCUPANCY_CO"",""status"":""CONDITIONAL""},{""family"":""OTHER"",""status"":""VERIFY""},{""family"":""PLUMBING"",""status"":""REQUIRED""},{""family"":""ZONING_PLANNING"",""status"":""REQUIRED""}]",0,0
cell-us-md-anne-arundel-county-commercial-commercial-tenant-improvement-building,engine_luna,benchmarks/permit_accuracy_v1_1/raw_full_v11/cell-us-md-anne-arundel-county-commercial-commercial-tenant-improvement-building__engine_luna.json,979bd0ac215311282a92caafbed4f358bc4d530b5b8f97357517d09669d8118e,dc1bafc50fe53710d4ba862d75b0730dfba0588f5258f140a2b5b1aa49d7654e,REQUIRED,REQUIRED,1,0,0,BUILDING,BUILDING,1,truth-incomplete,"[{""family"":""ELECTRICAL"",""status"":""REQUIRED""},{""family"":""FIRE_LIFE_SAFETY"",""status"":""REQUIRED""},{""family"":""MECHANICAL"",""status"":""REQUIRED""},{""family"":""OCCUPANCY_CO"",""status"":""REQUIRED""},{""family"":""PLUMBING"",""status"":""REQUIRED""},{""family"":""ZONING_PLANNING"",""status"":""REQUIRED""}]","[{""family"":""ACCESSIBILITY"",""status"":""CONDITIONAL""},{""family"":""ELECTRICAL"",""status"":""REQUIRED""},{""family"":""MECHANICAL"",""status"":""REQUIRED""},{""family"":""OCCUPANCY_CO"",""status"":""CONDITIONAL""},{""family"":""OTHER"",""status"":""VERIFY""},{""family"":""PLUMBING"",""status"":""REQUIRED""},{""family"":""ZONING_PLANNING"",""status"":""REQUIRED""}]",0,0
cell-us-me-auburn-commercial-commercial-tenant-improvement-building,luna,benchmarks/permit_accuracy_v1_1/raw_full_v11/cell-us-me-auburn-commercial-commercial-tenant-improvement-building__luna.json,5bf6ed32510172f41483ad05920a65e844f411ab66009d6d90b2d9f4d8ecdb62,4495a193d4392a6ae1abb57cd1143e3b4ada0a1ce9e151c9e9ce03134b9b6966,REQUIRED,VERIFY,0,1,0,BUILDING,BUILDING,1,truth-incomplete,[],"[{""family"":""ELECTRICAL"",""status"":""VERIFY""},{""family"":""FIRE_LIFE_SAFETY"",""status"":""VERIFY""},{""family"":""MECHANICAL"",""status"":""VERIFY""},{""family"":""OCCUPANCY_CO"",""status"":""VERIFY""},{""family"":""PLUMBING"",""status"":""VERIFY""},{""family"":""ZONING_PLANNING"",""status"":""VERIFY""}]",0,0
cell-us-me-auburn-commercial-commercial-tenant-improvement-building,grok,benchmarks/permit_accuracy_v1_1/raw_full_v11/cell-us-me-auburn-commercial-commercial-tenant-improvement-building__grok.json,8be107a48302a05463551da459f8c1b59ac865c1101a8eedea2ed4b54eb24ba1,9544b095ddabadd7b73630807475053d91bc7e5758bdcab1e25a912446e0bce3,REQUIRED,VERIFY,0,1,0,BUILDING,BUILDING,1,truth-incomplete,[],"[{""family"":""ELECTRICAL"",""status"":""VERIFY""},{""family"":""FIRE_LIFE_SAFETY"",""status"":""VERIFY""},{""family"":""MECHANICAL"",""status"":""VERIFY""},{""family"":""OCCUPANCY_CO"",""status"":""VERIFY""},{""family"":""PLUMBING"",""status"":""VERIFY""},{""family"":""ZONING_PLANNING"",""status"":""VERIFY""}]",0,0
cell-us-me-auburn-commercial-commercial-tenant-improvement-building,gemini,benchmarks/permit_accuracy_v1_1/raw_full_v11/cell-us-me-auburn-commercial-commercial-tenant-improvement-building__gemini.json,2bd63cbd2db7d10ce8455672273b819e68a41a1370bb51f69b1d692111c78454,7cf2d2e94eae56152ea91968ab57d76da8d8304e6a86b740c1e5b7f746e1d961,REQUIRED,VERIFY,0,1,0,BUILDING,VERIFY,0,truth-incomplete,[],[],1,0
cell-us-me-auburn-commercial-commercial-tenant-improvement-building,engine,benchmarks/permit_accuracy_v1_1/raw_full_v11/cell-us-me-auburn-commercial-commercial-tenant-improvement-building__engine.json,522c7f6de96cf9e757fc44ca02332421f7ffb3f720e21beaf7e206d8a88c53f0,3e306cb4a8fcfbbae16a6024f7787e51d32231c3c591c44c1407c84f7374cdec,REQUIRED,REQUIRED,1,0,0,BUILDING,BUILDING,1,truth-incomplete,[],"[{""family"":""ACCESSIBILITY"",""status"":""CONDITIONAL""},{""family"":""ELECTRICAL"",""status"":""REQUIRED""},{""family"":""MECHANICAL"",""status"":""REQUIRED""},{""family"":""OCCUPANCY_CO"",""status"":""CONDITIONAL""},{""family"":""OTHER"",""status"":""VERIFY""},{""family"":""PLUMBING"",""status"":""REQUIRED""},{""family"":""ZONING_PLANNING"",""status"":""REQUIRED""}]",0,0
cell-us-me-auburn-commercial-commercial-tenant-improvement-building,engine_luna,benchmarks/permit_accuracy_v1_1/raw_full_v11/cell-us-me-auburn-commercial-commercial-tenant-improvement-building__engine_luna.json,1953e5367e08dc6eecf0cc53cf8e226b7935ae505267e57a778b93691a335486,0cdea6fa653beee73be6b9286788651e0a7eb74001507828214e18d27049bd54,REQUIRED,REQUIRED,1,0,0,BUILDING,BUILDING,1,truth-incomplete,[],"[{""family"":""ACCESSIBILITY"",""status"":""CONDITIONAL""},{""family"":""BUILDING"",""status"":""VERIFY""},{""family"":""ELECTRICAL"",""status"":""REQUIRED""},{""family"":""MECHANICAL"",""status"":""REQUIRED""},{""family"":""OCCUPANCY_CO"",""status"":""CONDITIONAL""},{""family"":""OTHER"",""status"":""VERIFY""},{""family"":""PLUMBING"",""status"":""REQUIRED""},{""family"":""ZONING_PLANNING"",""status"":""REQUIRED""}]",0,0
cell-us-mi-battle-creek-commercial-commercial-tenant-improvement-building,luna,benchmarks/permit_accuracy_v1_1/raw_full_v11/cell-us-mi-battle-creek-commercial-commercial-tenant-improvement-building__luna.json,f98afc749d33361292a1a0ea0e9edc3599be3cf5da10d33e376f73a6588f39da,ad808c472e33561b6fb24f556356ad48cb1b18943284748c7ea65787d2165681,REQUIRED,VERIFY,0,1,0,BUILDING,VERIFY,0,truth-incomplete,[],"[{""family"":""BUILDING"",""status"":""VERIFY""},{""family"":""ELECTRICAL"",""status"":""VERIFY""},{""family"":""FIRE_LIFE_SAFETY"",""status"":""VERIFY""},{""family"":""MECHANICAL"",""status"":""VERIFY""},{""family"":""OCCUPANCY_CO"",""status"":""VERIFY""},{""family"":""PLUMBING"",""status"":""VERIFY""},{""family"":""ZONING_PLANNING"",""status"":""VERIFY""}]",0,0
cell-us-mi-battle-creek-commercial-commercial-tenant-improvement-building,grok,benchmarks/permit_accuracy_v1_1/raw_full_v11/cell-us-mi-battle-creek-commercial-commercial-tenant-improvement-building__grok.json,ac17044ac247bfe60049bfcccdd3b19b9179fc5067241968442304021a7f49b5,23ae870f2e8db633461fd0d7768b5e281478f31f225dff3567a0d10aa51c9b1a,REQUIRED,VERIFY,0,1,0,BUILDING,VERIFY,0,truth-incomplete,[],"[{""family"":""BUILDING"",""status"":""VERIFY""},{""family"":""ELECTRICAL"",""status"":""VERIFY""},{""family"":""FIRE_LIFE_SAFETY"",""status"":""VERIFY""},{""family"":""MECHANICAL"",""status"":""VERIFY""},{""family"":""OCCUPANCY_CO"",""status"":""VERIFY""},{""family"":""PLUMBING"",""status"":""VERIFY""},{""family"":""ZONING_PLANNING"",""status"":""VERIFY""}]",0,0
cell-us-mi-battle-creek-commercial-commercial-tenant-improvement-building,gemini,benchmarks/permit_accuracy_v1_1/raw_full_v11/cell-us-mi-battle-creek-commercial-commercial-tenant-improvement-building__gemini.json,4247d3be0d393a34c367819a03ddf71616ac56697c3492fcb243189e4e0aa553,3482d96b9b2e8797d72a75c9594d5239093877583c961bc7452473dd3b9ff021,REQUIRED,VERIFY,0,1,0,BUILDING,VERIFY,0,truth-incomplete,[],[],1,0
cell-us-mi-battle-creek-commercial-commercial-tenant-improvement-building,engine,benchmarks/permit_accuracy_v1_1/raw_full_v11/cell-us-mi-battle-creek-commercial-commercial-tenant-improvement-building__engine.json,3e881e06b26f9de7999c53d2e8f98f5818ceab87968d4fe358b23805298569c1,32bf6eb85fbff4a4b1b9b290069f361d7c78ba29945eb6aecb6121d31f989b1b,REQUIRED,REQUIRED,1,0,0,BUILDING,BUILDING,1,truth-incomplete,[],"[{""family"":""ACCESSIBILITY"",""status"":""CONDITIONAL""},{""family"":""ELECTRICAL"",""status"":""REQUIRED""},{""family"":""MECHANICAL"",""status"":""REQUIRED""},{""family"":""OCCUPANCY_CO"",""status"":""CONDITIONAL""},{""family"":""OTHER"",""status"":""VERIFY""},{""family"":""PLUMBING"",""status"":""REQUIRED""},{""family"":""ZONING_PLANNING"",""status"":""REQUIRED""}]",0,0
cell-us-mi-battle-creek-commercial-commercial-tenant-improvement-building,engine_luna,benchmarks/permit_accuracy_v1_1/raw_full_v11/cell-us-mi-battle-creek-commercial-commercial-tenant-improvement-building__engine_luna.json,e14c915fd7eb18d482776c05adc5e48cf13e7cd12ece1fdb10953b405ff399f2,2ba911ac608c8acd2d23f73ed39505b8b0798a6aa7c4045b50d49e45dd9b0376,REQUIRED,REQUIRED,1,0,0,BUILDING,BUILDING,1,truth-incomplete,[],"[{""family"":""ACCESSIBILITY"",""status"":""CONDITIONAL""},{""family"":""BUILDING"",""status"":""VERIFY""},{""family"":""ELECTRICAL"",""status"":""REQUIRED""},{""family"":""MECHANICAL"",""status"":""REQUIRED""},{""family"":""OCCUPANCY_CO"",""status"":""CONDITIONAL""},{""family"":""OTHER"",""status"":""VERIFY""},{""family"":""PLUMBING"",""status"":""REQUIRED""},{""family"":""ZONING_PLANNING"",""status"":""REQUIRED""}]",0,0
cell-us-mi-sterling-heights-residential-reroof-building,luna,benchmarks/permit_accuracy_v1_1/raw_full_v11/cell-us-mi-sterling-heights-residential-reroof-building__luna.json,499f20485efc6b0173e093292afd498e3ec24966ab8c72ff874d7a018fb06fdf,7f08d32128b0a518b0459d50a90419363ea403a0678a868fc1585764caae5eef,REQUIRED,VERIFY,0,1,0,BUILDING,BUILDING,1,truth-incomplete,[],[],1,0
cell-us-mi-sterling-heights-residential-reroof-building,grok,benchmarks/permit_accuracy_v1_1/raw_full_v11/cell-us-mi-sterling-heights-residential-reroof-building__grok.json,33726b2a9c2c34eb56ed7c30c168bae68ae2fe1072243c24ed014eaa728b2a8f,e1c9056ea781972bed05d8ebd089af5ff703bde29a5a7f6641ec75acef978ad7,REQUIRED,REQUIRED,1,0,0,BUILDING,BUILDING,1,truth-incomplete,[],"[{""family"":""ELECTRICAL"",""status"":""VERIFY""},{""family"":""MECHANICAL"",""status"":""VERIFY""},{""family"":""PLUMBING"",""status"":""VERIFY""}]",0,0
cell-us-mi-sterling-heights-residential-reroof-building,gemini,benchmarks/permit_accuracy_v1_1/raw_full_v11/cell-us-mi-sterling-heights-residential-reroof-building__gemini.json,b8d1e205b17a83cd8a0a182091a7a733ff1dcf6d65c8ec44ac58c2206a4e8203,c0e20efea59b70b5eadb44cbfb668369fd2362ddd3d9a5f4397057b09882ed24,REQUIRED,VERIFY,0,1,0,BUILDING,VERIFY,0,truth-incomplete,[],[],1,0
cell-us-mi-sterling-heights-residential-reroof-building,engine,benchmarks/permit_accuracy_v1_1/raw_full_v11/cell-us-mi-sterling-heights-residential-reroof-building__engine.json,517f6a0ccd11a7b4e6ce9016c8718d9a00c7c4bc4a835afc8d62a23026046810,bd1513a5e46d75769062335752527ecdef199d347e2da8fd97c10cbe1b142d7e,REQUIRED,REQUIRED,1,0,0,BUILDING,BUILDING,1,truth-incomplete,[],[],1,0
cell-us-mi-sterling-heights-residential-reroof-building,engine_luna,benchmarks/permit_accuracy_v1_1/raw_full_v11/cell-us-mi-sterling-heights-residential-reroof-building__engine_luna.json,71e70e45cb2367085686d52d67966f0baeccdddb0f4cc671f030406a2769f873,d9468f2866df2fd9d1df69c232dd1a2dad49f6d86e5c794d1376d67911156493,REQUIRED,REQUIRED,1,0,0,BUILDING,BUILDING,1,truth-incomplete,[],[],1,0
cell-us-mn-anoka-commercial-commercial-tenant-improvement-building,luna,benchmarks/permit_accuracy_v1_1/raw_full_v11/cell-us-mn-anoka-commercial-commercial-tenant-improvement-building__luna.json,aa32707b171bb091ae1047534ad598c8c26b29679d328987463b080034448c58,9c711e92e911fa15d18bd2f868a06661fc06b0db6f34ab5aeb7d1ad514683c22,REQUIRED,VERIFY,0,1,0,BUILDING,VERIFY,0,truth-incomplete,[],"[{""family"":""BUILDING"",""status"":""VERIFY""},{""family"":""ELECTRICAL"",""status"":""VERIFY""},{""family"":""FIRE_LIFE_SAFETY"",""status"":""VERIFY""},{""family"":""MECHANICAL"",""status"":""VERIFY""},{""family"":""OCCUPANCY_CO"",""status"":""VERIFY""},{""family"":""PLUMBING"",""status"":""VERIFY""},{""family"":""ZONING_PLANNING"",""status"":""VERIFY""}]",0,0
cell-us-mn-anoka-commercial-commercial-tenant-improvement-building,grok,benchmarks/permit_accuracy_v1_1/raw_full_v11/cell-us-mn-anoka-commercial-commercial-tenant-improvement-building__grok.json,de10cb62707f572d2187cf9610a3eebda02b4e4c39561b5eeb0b2765c8efaf84,46b5e23962cd1723a237852f783c0a2665f1460364adec0e8757d8ec15350523,REQUIRED,VERIFY,0,1,0,BUILDING,VERIFY,0,truth-incomplete,[],"[{""family"":""BUILDING"",""status"":""VERIFY""},{""family"":""ELECTRICAL"",""status"":""VERIFY""},{""family"":""FIRE_LIFE_SAFETY"",""status"":""VERIFY""},{""family"":""MECHANICAL"",""status"":""VERIFY""},{""family"":""OCCUPANCY_CO"",""status"":""VERIFY""},{""family"":""PLUMBING"",""status"":""VERIFY""},{""family"":""ZONING_PLANNING"",""status"":""VERIFY""}]",0,0
cell-us-mn-anoka-commercial-commercial-tenant-improvement-building,gemini,benchmarks/permit_accuracy_v1_1/raw_full_v11/cell-us-mn-anoka-commercial-commercial-tenant-improvement-building__gemini.json,c633d408135f4491fe58d5a604e06fa6713ddfea6bddb745dd3929bc6dba0c53,5cd7ff8ea3b752d5febc3a8e51edaa4ec212801b4390a31f6ab0d6f96ef9e281,REQUIRED,VERIFY,0,1,0,BUILDING,VERIFY,0,truth-incomplete,[],[],1,0
cell-us-mn-anoka-commercial-commercial-tenant-improvement-building,engine,benchmarks/permit_accuracy_v1_1/raw_full_v11/cell-us-mn-anoka-commercial-commercial-tenant-improvement-building__engine.json,5aaf0aa6c908c643483028bf6aeab83b349380baa2f5b6a0cc88a00ebe5b4428,3ee3b59b07ece6054d1c2a86a98f3c545c8e167959d13ca61c64abbbad3ab7ab,REQUIRED,REQUIRED,1,0,0,BUILDING,BUILDING,1,truth-incomplete,[],"[{""family"":""ACCESSIBILITY"",""status"":""CONDITIONAL""},{""family"":""ELECTRICAL"",""status"":""REQUIRED""},{""family"":""MECHANICAL"",""status"":""REQUIRED""},{""family"":""OCCUPANCY_CO"",""status"":""CONDITIONAL""},{""family"":""OTHER"",""status"":""VERIFY""},{""family"":""PLUMBING"",""status"":""REQUIRED""},{""family"":""ZONING_PLANNING"",""status"":""REQUIRED""}]",0,0
cell-us-mn-anoka-commercial-commercial-tenant-improvement-building,engine_luna,benchmarks/permit_accuracy_v1_1/raw_full_v11/cell-us-mn-anoka-commercial-commercial-tenant-improvement-building__engine_luna.json,e9e803daea2db4ee4a573c8982093feaf65b918f0499b52bba9b1b59d8155f70,b067799dceed6459baf4535f282e6d390fd25a88259a12dfd14a0ffcab419917,REQUIRED,REQUIRED,1,0,0,BUILDING,BUILDING,1,truth-incomplete,[],"[{""family"":""ACCESSIBILITY"",""status"":""CONDITIONAL""},{""family"":""ELECTRICAL"",""status"":""REQUIRED""},{""family"":""MECHANICAL"",""status"":""REQUIRED""},{""family"":""OCCUPANCY_CO"",""status"":""CONDITIONAL""},{""family"":""OTHER"",""status"":""VERIFY""},{""family"":""PLUMBING"",""status"":""REQUIRED""},{""family"":""ZONING_PLANNING"",""status"":""REQUIRED""}]",0,0
cell-us-mo-arnold-commercial-commercial-tenant-improvement-building,luna,benchmarks/permit_accuracy_v1_1/raw_full_v11/cell-us-mo-arnold-commercial-commercial-tenant-improvement-building__luna.json,781eb225c1aacd30654b17a71ae25841a1989554433ec29602d23ece88d23de2,a60178d92a84121c985a9bd288941382302cec86cf265b292b9551bdb01f4cf6,REQUIRED,VERIFY,0,1,0,BUILDING,VERIFY,0,truth-incomplete,[],"[{""family"":""BUILDING"",""status"":""VERIFY""},{""family"":""ELECTRICAL"",""status"":""VERIFY""},{""family"":""FIRE_LIFE_SAFETY"",""status"":""VERIFY""},{""family"":""MECHANICAL"",""status"":""VERIFY""},{""family"":""OCCUPANCY_CO"",""status"":""VERIFY""},{""family"":""PLUMBING"",""status"":""VERIFY""},{""family"":""ZONING_PLANNING"",""status"":""VERIFY""}]",0,0
cell-us-mo-arnold-commercial-commercial-tenant-improvement-building,grok,benchmarks/permit_accuracy_v1_1/raw_full_v11/cell-us-mo-arnold-commercial-commercial-tenant-improvement-building__grok.json,e8b4a58797682a859b5e5970e58e13e98227e78102565e19c3dd6c0d8646470e,b6da8681b4f3f605fa941dee4f33d2f498b82bd1f67b1df500778e1cdffced09,REQUIRED,VERIFY,0,1,0,BUILDING,BUILDING,1,truth-incomplete,[],"[{""family"":""ELECTRICAL"",""status"":""VERIFY""},{""family"":""FIRE_LIFE_SAFETY"",""status"":""VERIFY""},{""family"":""MECHANICAL"",""status"":""VERIFY""},{""family"":""OCCUPANCY_CO"",""status"":""VERIFY""},{""family"":""PLUMBING"",""status"":""VERIFY""},{""family"":""ZONING_PLANNING"",""status"":""VERIFY""}]",0,0
cell-us-mo-arnold-commercial-commercial-tenant-improvement-building,gemini,benchmarks/permit_accuracy_v1_1/raw_full_v11/cell-us-mo-arnold-commercial-commercial-tenant-improvement-building__gemini.json,4ede54f29d081d404390a42d65406ff812bf36e3bed1c7ed63311d57125e196e,177c26cc9fc38a58c68504dc22c553ea57f9e27eab2ed0157349d91ad13ab6f3,REQUIRED,VERIFY,0,1,0,BUILDING,VERIFY,0,truth-incomplete,[],[],1,0
cell-us-mo-arnold-commercial-commercial-tenant-improvement-building,engine,benchmarks/permit_accuracy_v1_1/raw_full_v11/cell-us-mo-arnold-commercial-commercial-tenant-improvement-building__engine.json,05a5c41af858c1d2251e45c3968cc477d8c76c40ba31a7f698bec277eff29776,1c6a97bbbc40cf9a6c664bdeb099ea42d5bf5566b5e9cac7eab7698793bfd235,REQUIRED,REQUIRED,1,0,0,BUILDING,BUILDING,1,truth-incomplete,[],"[{""family"":""ACCESSIBILITY"",""status"":""CONDITIONAL""},{""family"":""ELECTRICAL"",""status"":""REQUIRED""},{""family"":""MECHANICAL"",""status"":""REQUIRED""},{""family"":""OCCUPANCY_CO"",""status"":""CONDITIONAL""},{""family"":""OTHER"",""status"":""VERIFY""},{""family"":""PLUMBING"",""status"":""REQUIRED""},{""family"":""ZONING_PLANNING"",""status"":""REQUIRED""}]",0,0
cell-us-mo-arnold-commercial-commercial-tenant-improvement-building,engine_luna,benchmarks/permit_accuracy_v1_1/raw_full_v11/cell-us-mo-arnold-commercial-commercial-tenant-improvement-building__engine_luna.json,d5665832ce28bc759d3eec62714467cad8a9bce987689199a2fd98f4ae4d4bd7,771b2ecf537caffed613327b47b27a268318d8e1b85ffa78ba1fc90ec451deab,REQUIRED,REQUIRED,1,0,0,BUILDING,BUILDING,1,truth-incomplete,[],"[{""family"":""ACCESSIBILITY"",""status"":""CONDITIONAL""},{""family"":""BUILDING"",""status"":""VERIFY""},{""family"":""ELECTRICAL"",""status"":""REQUIRED""},{""family"":""MECHANICAL"",""status"":""REQUIRED""},{""family"":""OCCUPANCY_CO"",""status"":""CONDITIONAL""},{""family"":""OTHER"",""status"":""VERIFY""},{""family"":""PLUMBING"",""status"":""REQUIRED""},{""family"":""ZONING_PLANNING"",""status"":""REQUIRED""}]",0,0
cell-us-ms-biloxi-city-commercial-commercial-tenant-improvement-building,luna,benchmarks/permit_accuracy_v1_1/raw_full_v11/cell-us-ms-biloxi-city-commercial-commercial-tenant-improvement-building__luna.json,08c2b6192a823ad1527bfea77c779ccf65b6f96042dcd17f4eca6d0bf549ac3a,1d3a39625acdcf0ebc6d3f5931ba2aaea1824e845d739ec1f10050337c459589,REQUIRED,VERIFY,0,1,0,BUILDING,VERIFY,0,truth-incomplete,[],"[{""family"":""BUILDING"",""status"":""VERIFY""},{""family"":""ELECTRICAL"",""status"":""VERIFY""},{""family"":""FIRE_LIFE_SAFETY"",""status"":""VERIFY""},{""family"":""MECHANICAL"",""status"":""VERIFY""},{""family"":""OCCUPANCY_CO"",""status"":""VERIFY""},{""family"":""PLUMBING"",""status"":""VERIFY""},{""family"":""ZONING_PLANNING"",""status"":""VERIFY""}]",0,0
cell-us-ms-biloxi-city-commercial-commercial-tenant-improvement-building,grok,benchmarks/permit_accuracy_v1_1/raw_full_v11/cell-us-ms-biloxi-city-commercial-commercial-tenant-improvement-building__grok.json,f5a5808c7741a11f0f675ca19d0b43ce290ba966a3b1922e28150aa8c3fcb8d2,d268c2303bd22ba31b26f690a72e6b1bb7268e8917451ad683b197fd48838847,REQUIRED,VERIFY,0,1,0,BUILDING,VERIFY,0,truth-incomplete,[],"[{""family"":""BUILDING"",""status"":""VERIFY""},{""family"":""ELECTRICAL"",""status"":""VERIFY""},{""family"":""FIRE_LIFE_SAFETY"",""status"":""VERIFY""},{""family"":""MECHANICAL"",""status"":""VERIFY""},{""family"":""OCCUPANCY_CO"",""status"":""VERIFY""},{""family"":""PLUMBING"",""status"":""VERIFY""},{""family"":""ZONING_PLANNING"",""status"":""VERIFY""}]",0,0
cell-us-ms-biloxi-city-commercial-commercial-tenant-improvement-building,gemini,benchmarks/permit_accuracy_v1_1/raw_full_v11/cell-us-ms-biloxi-city-commercial-commercial-tenant-improvement-building__gemini.json,4030fed25a985594efd58d6a7867d5ff7b6de36108625562914c320fdf217535,efebb53eafe2304565a46798ba41e59c93389b1738332ae4490160da87e50cff,REQUIRED,VERIFY,0,1,0,BUILDING,VERIFY,0,truth-incomplete,[],[],1,0
cell-us-ms-biloxi-city-commercial-commercial-tenant-improvement-building,engine,benchmarks/permit_accuracy_v1_1/raw_full_v11/cell-us-ms-biloxi-city-commercial-commercial-tenant-improvement-building__engine.json,dd9cf2c13a0ee2b172ce4bd64bdb5ce5460a43c6cb4de54c1fcb87aa34a0d8fb,32805867429ee067823d1245d6ae8aa6915826a597edba9e828f7645f996ea3d,REQUIRED,REQUIRED,1,0,0,BUILDING,BUILDING,1,truth-incomplete,[],"[{""family"":""ACCESSIBILITY"",""status"":""CONDITIONAL""},{""family"":""ELECTRICAL"",""status"":""REQUIRED""},{""family"":""MECHANICAL"",""status"":""REQUIRED""},{""family"":""OCCUPANCY_CO"",""status"":""CONDITIONAL""},{""family"":""OTHER"",""status"":""VERIFY""},{""family"":""PLUMBING"",""status"":""REQUIRED""},{""family"":""ZONING_PLANNING"",""status"":""REQUIRED""}]",0,0
cell-us-ms-biloxi-city-commercial-commercial-tenant-improvement-building,engine_luna,benchmarks/permit_accuracy_v1_1/raw_full_v11/cell-us-ms-biloxi-city-commercial-commercial-tenant-improvement-building__engine_luna.json,30d6f2ba9c7b8b730b93d1c5d4ce9cd06133dcf653cd8b64656f1072431a70ef,4e8dad6554555a864be1aaf66be071a7296858c3841e82de4106816f0d9b97d5,REQUIRED,REQUIRED,1,0,0,BUILDING,BUILDING,1,truth-incomplete,[],"[{""family"":""ACCESSIBILITY"",""status"":""CONDITIONAL""},{""family"":""BUILDING"",""status"":""VERIFY""},{""family"":""ELECTRICAL"",""status"":""REQUIRED""},{""family"":""MECHANICAL"",""status"":""REQUIRED""},{""family"":""OCCUPANCY_CO"",""status"":""CONDITIONAL""},{""family"":""OTHER"",""status"":""VERIFY""},{""family"":""PLUMBING"",""status"":""REQUIRED""},{""family"":""ZONING_PLANNING"",""status"":""REQUIRED""}]",0,0
cell-us-mt-anaconda-deer-lodge-commercial-commercial-tenant-improvement-building,luna,benchmarks/permit_accuracy_v1_1/raw_full_v11/cell-us-mt-anaconda-deer-lodge-commercial-commercial-tenant-improvement-building__luna.json,de7cbc7c07453bd703badc34ca53e92ebbc81638779b1b3a9a25176c08a197eb,6d05125baf9ae4b1b13c26a9e0d706855b9fb4ff309ed6341ab69d21d772c1ee,REQUIRED,REQUIRED,1,0,0,BUILDING,BUILDING,1,truth-incomplete,[],"[{""family"":""ELECTRICAL"",""status"":""REQUIRED""},{""family"":""FIRE_LIFE_SAFETY"",""status"":""VERIFY""},{""family"":""MECHANICAL"",""status"":""REQUIRED""},{""family"":""OCCUPANCY_CO"",""status"":""VERIFY""},{""family"":""PLUMBING"",""status"":""REQUIRED""},{""family"":""ZONING_PLANNING"",""status"":""VERIFY""}]",0,0
cell-us-mt-anaconda-deer-lodge-commercial-commercial-tenant-improvement-building,grok,benchmarks/permit_accuracy_v1_1/raw_full_v11/cell-us-mt-anaconda-deer-lodge-commercial-commercial-tenant-improvement-building__grok.json,c6e5c803af28edcd77effe45da2b24269cfdb7740192bb4bba56636e4f980ba2,03dbc124ed261aad4f7e934d705119737bda44f3711f9d0c714365d1576e8edb,REQUIRED,REQUIRED,1,0,0,BUILDING,BUILDING,1,truth-incomplete,[],"[{""family"":""ELECTRICAL"",""status"":""REQUIRED""},{""family"":""FIRE_LIFE_SAFETY"",""status"":""VERIFY""},{""family"":""MECHANICAL"",""status"":""REQUIRED""},{""family"":""OCCUPANCY_CO"",""status"":""VERIFY""},{""family"":""PLUMBING"",""status"":""REQUIRED""},{""family"":""ZONING_PLANNING"",""status"":""VERIFY""}]",0,0
cell-us-mt-anaconda-deer-lodge-commercial-commercial-tenant-improvement-building,gemini,benchmarks/permit_accuracy_v1_1/raw_full_v11/cell-us-mt-anaconda-deer-lodge-commercial-commercial-tenant-improvement-building__gemini.json,b668f17c951713c31c11773690d28311fb6322c4a85cf46100a75115fd30b9d5,e730edd6b1c01f611b7b520482710145c95368fc1a3521db4494dfdaa1725aa6,REQUIRED,REQUIRED,1,0,0,BUILDING,BUILDING,1,truth-incomplete,[],"[{""family"":""ELECTRICAL"",""status"":""VERIFY""},{""family"":""FIRE_LIFE_SAFETY"",""status"":""VERIFY""},{""family"":""MECHANICAL"",""status"":""VERIFY""},{""family"":""OCCUPANCY_CO"",""status"":""VERIFY""},{""family"":""PLUMBING"",""status"":""VERIFY""},{""family"":""ZONING_PLANNING"",""status"":""VERIFY""}]",0,0
cell-us-mt-anaconda-deer-lodge-commercial-commercial-tenant-improvement-building,engine,benchmarks/permit_accuracy_v1_1/raw_full_v11/cell-us-mt-anaconda-deer-lodge-commercial-commercial-tenant-improvement-building__engine.json,04e2dc9c72ec771d64bd5e013f2ccce339fa76542f2c4e752e702efef0f8f3cd,5349a8d89ae3e831e3659b0d0a8a8a2421a9d411ea48ac07db40abbb480ac296,REQUIRED,REQUIRED,1,0,0,BUILDING,BUILDING,1,truth-incomplete,[],"[{""family"":""ACCESSIBILITY"",""status"":""CONDITIONAL""},{""family"":""ELECTRICAL"",""status"":""REQUIRED""},{""family"":""MECHANICAL"",""status"":""REQUIRED""},{""family"":""OCCUPANCY_CO"",""status"":""CONDITIONAL""},{""family"":""OTHER"",""status"":""VERIFY""},{""family"":""PLUMBING"",""status"":""REQUIRED""},{""family"":""ZONING_PLANNING"",""status"":""REQUIRED""}]",0,0
cell-us-mt-anaconda-deer-lodge-commercial-commercial-tenant-improvement-building,engine_luna,benchmarks/permit_accuracy_v1_1/raw_full_v11/cell-us-mt-anaconda-deer-lodge-commercial-commercial-tenant-improvement-building__engine_luna.json,3e4420d89ef704e5ab9b660b4f69a91dcbd4377fd3037d1d9d4d0e897223c96c,6c044c25ff6ba45a25732b72da008d7a577aa74854baf01c6d46cd6207c29c73,REQUIRED,REQUIRED,1,0,0,BUILDING,BUILDING,1,truth-incomplete,[],"[{""family"":""ACCESSIBILITY"",""status"":""CONDITIONAL""},{""family"":""ELECTRICAL"",""status"":""REQUIRED""},{""family"":""FIRE_LIFE_SAFETY"",""status"":""VERIFY""},{""family"":""MECHANICAL"",""status"":""REQUIRED""},{""family"":""OCCUPANCY_CO"",""status"":""CONDITIONAL""},{""family"":""OTHER"",""status"":""VERIFY""},{""family"":""PLUMBING"",""status"":""REQUIRED""},{""family"":""ZONING_PLANNING"",""status"":""REQUIRED""}]",0,0
cell-us-nc-alamance-county-commercial-commercial-tenant-improvement-building,luna,benchmarks/permit_accuracy_v1_1/raw_full_v11/cell-us-nc-alamance-county-commercial-commercial-tenant-improvement-building__luna.json,c3e4768c140f1301357fc473fb12f9f8f56dd43fc0896a37d577cdb31af8513b,695e66249ad54e0e229d2f20a7e2a57fc13517bb5181a868607e9e3822dd632c,REQUIRED,REQUIRED,1,0,0,BUILDING,BUILDING,1,truth-incomplete,[],"[{""family"":""ELECTRICAL"",""status"":""CONDITIONAL""},{""family"":""FIRE_LIFE_SAFETY"",""status"":""CONDITIONAL""},{""family"":""MECHANICAL"",""status"":""CONDITIONAL""},{""family"":""OCCUPANCY_CO"",""status"":""CONDITIONAL""},{""family"":""PLUMBING"",""status"":""CONDITIONAL""},{""family"":""ZONING_PLANNING"",""status"":""CONDITIONAL""}]",0,0
cell-us-nc-alamance-county-commercial-commercial-tenant-improvement-building,grok,benchmarks/permit_accuracy_v1_1/raw_full_v11/cell-us-nc-alamance-county-commercial-commercial-tenant-improvement-building__grok.json,9f25b51a13ee84351cb985c31a0b997fe65f5dfb5db1d268729e6815df7bf9d3,2e3e2d3ebcc8e8af6de4bb49b5ca899225d138e919b5912b431576707d812c5e,REQUIRED,REQUIRED,1,0,0,BUILDING,BUILDING,1,truth-incomplete,[],"[{""family"":""ELECTRICAL"",""status"":""VERIFY""},{""family"":""FIRE_LIFE_SAFETY"",""status"":""VERIFY""},{""family"":""MECHANICAL"",""status"":""VERIFY""},{""family"":""OCCUPANCY_CO"",""status"":""VERIFY""},{""family"":""PLUMBING"",""status"":""VERIFY""},{""family"":""ZONING_PLANNING"",""status"":""VERIFY""}]",0,0
cell-us-nc-alamance-county-commercial-commercial-tenant-improvement-building,gemini,benchmarks/permit_accuracy_v1_1/raw_full_v11/cell-us-nc-alamance-county-commercial-commercial-tenant-improvement-building__gemini.json,bef10d208394f6e040f55b2dba0cdeaf27923abb960197c1c8cd7f298e8a5a23,2630d4439fc31730bc50a2803ebeb4da3adfc2805fcb5c8bdbcc0ce1fcb26e9e,REQUIRED,REQUIRED,1,0,0,BUILDING,BUILDING,1,truth-incomplete,[],"[{""family"":""ELECTRICAL"",""status"":""VERIFY""},{""family"":""FIRE_LIFE_SAFETY"",""status"":""VERIFY""},{""family"":""MECHANICAL"",""status"":""VERIFY""},{""family"":""OCCUPANCY_CO"",""status"":""VERIFY""},{""family"":""PLUMBING"",""status"":""VERIFY""},{""family"":""ZONING_PLANNING"",""status"":""VERIFY""}]",0,0
cell-us-nc-alamance-county-commercial-commercial-tenant-improvement-building,engine,benchmarks/permit_accuracy_v1_1/raw_full_v11/cell-us-nc-alamance-county-commercial-commercial-tenant-improvement-building__engine.json,21900a52c06ba477cad0136f14f88cafc4f8c69701c52be1b8b21b065f724ade,71bdc9864b61c5734db3c15b1743078e902286a60dc5539315be32d0ab66bf9d,REQUIRED,REQUIRED,1,0,0,BUILDING,BUILDING,1,truth-incomplete,[],"[{""family"":""ACCESSIBILITY"",""status"":""CONDITIONAL""},{""family"":""ELECTRICAL"",""status"":""REQUIRED""},{""family"":""MECHANICAL"",""status"":""REQUIRED""},{""family"":""OCCUPANCY_CO"",""status"":""CONDITIONAL""},{""family"":""OTHER"",""status"":""VERIFY""},{""family"":""PLUMBING"",""status"":""REQUIRED""},{""family"":""ZONING_PLANNING"",""status"":""REQUIRED""}]",0,0
cell-us-nc-alamance-county-commercial-commercial-tenant-improvement-building,engine_luna,benchmarks/permit_accuracy_v1_1/raw_full_v11/cell-us-nc-alamance-county-commercial-commercial-tenant-improvement-building__engine_luna.json,c5e1c1f7f9d00b9e07f0077fe6bce64b29517543efb1f3306e88b660800b8f58,ce908cca725d4f72e9f501c13a199f589208cb2431deb2421b98618645ebb535,REQUIRED,REQUIRED,1,0,0,BUILDING,BUILDING,1,truth-incomplete,[],"[{""family"":""ACCESSIBILITY"",""status"":""CONDITIONAL""},{""family"":""ELECTRICAL"",""status"":""REQUIRED""},{""family"":""MECHANICAL"",""status"":""REQUIRED""},{""family"":""OCCUPANCY_CO"",""status"":""CONDITIONAL""},{""family"":""OTHER"",""status"":""VERIFY""},{""family"":""PLUMBING"",""status"":""REQUIRED""},{""family"":""ZONING_PLANNING"",""status"":""REQUIRED""}]",0,0
cell-us-nd-beulah-commercial-commercial-tenant-improvement-building,luna,benchmarks/permit_accuracy_v1_1/raw_full_v11/cell-us-nd-beulah-commercial-commercial-tenant-improvement-building__luna.json,8023a1d8973a8cbbf914f2e90c0a4c9a0f8173f56d3ae5f352c7ac60b2a538af,fe0dc4f305659ea843662cde713e67a813ed2596dee52a8fbf605590f757e8ad,REQUIRED,VERIFY,0,1,0,BUILDING,BUILDING,1,truth-incomplete,[],"[{""family"":""ELECTRICAL"",""status"":""VERIFY""},{""family"":""FIRE_LIFE_SAFETY"",""status"":""VERIFY""},{""family"":""MECHANICAL"",""status"":""VERIFY""},{""family"":""OCCUPANCY_CO"",""status"":""VERIFY""},{""family"":""PLUMBING"",""status"":""VERIFY""},{""family"":""ZONING_PLANNING"",""status"":""VERIFY""}]",0,0
cell-us-nd-beulah-commercial-commercial-tenant-improvement-building,grok,benchmarks/permit_accuracy_v1_1/raw_full_v11/cell-us-nd-beulah-commercial-commercial-tenant-improvement-building__grok.json,9dcb37f57e4bc2731602af575da3cef1f0a83517ddfb1a2faa304f0d389258b4,d1237da16b4a7e87e83b69ba1f1a93fb4e406d6e5542026d2be0ab8d9882707b,REQUIRED,REQUIRED,1,0,0,BUILDING,BUILDING,1,truth-incomplete,[],"[{""family"":""ELECTRICAL"",""status"":""VERIFY""},{""family"":""FIRE_LIFE_SAFETY"",""status"":""VERIFY""},{""family"":""MECHANICAL"",""status"":""VERIFY""},{""family"":""OCCUPANCY_CO"",""status"":""VERIFY""},{""family"":""PLUMBING"",""status"":""VERIFY""},{""family"":""ZONING_PLANNING"",""status"":""CONDITIONAL""}]",0,0
cell-us-nd-beulah-commercial-commercial-tenant-improvement-building,gemini,benchmarks/permit_accuracy_v1_1/raw_full_v11/cell-us-nd-beulah-commercial-commercial-tenant-improvement-building__gemini.json,2f6867dee66d4b914b5218654333dbf1ee927d7c89bd5326b2d312c1f91d4060,ddc863419261fbd3266fa69d2263c1e5d5b2808ac4141f24d23e72ac8368894f,REQUIRED,REQUIRED,1,0,0,BUILDING,BUILDING,1,truth-incomplete,[],"[{""family"":""ELECTRICAL"",""status"":""VERIFY""},{""family"":""FIRE_LIFE_SAFETY"",""status"":""VERIFY""},{""family"":""MECHANICAL"",""status"":""VERIFY""},{""family"":""OCCUPANCY_CO"",""status"":""VERIFY""},{""family"":""PLUMBING"",""status"":""VERIFY""},{""family"":""ZONING_PLANNING"",""status"":""CONDITIONAL""}]",0,0
cell-us-nd-beulah-commercial-commercial-tenant-improvement-building,engine,benchmarks/permit_accuracy_v1_1/raw_full_v11/cell-us-nd-beulah-commercial-commercial-tenant-improvement-building__engine.json,396addb59d6d1d95062e0cbceca6202b86fd93999692ef6b73a46dbfabf9125c,371bba3c02e129062272e21df47d078ce58930e4c8299a0c20933d11895a9905,REQUIRED,REQUIRED,1,0,0,BUILDING,BUILDING,1,truth-incomplete,[],"[{""family"":""ACCESSIBILITY"",""status"":""CONDITIONAL""},{""family"":""ELECTRICAL"",""status"":""REQUIRED""},{""family"":""MECHANICAL"",""status"":""REQUIRED""},{""family"":""OCCUPANCY_CO"",""status"":""CONDITIONAL""},{""family"":""OTHER"",""status"":""VERIFY""},{""family"":""PLUMBING"",""status"":""REQUIRED""},{""family"":""ZONING_PLANNING"",""status"":""REQUIRED""}]",0,0
cell-us-nd-beulah-commercial-commercial-tenant-improvement-building,engine_luna,benchmarks/permit_accuracy_v1_1/raw_full_v11/cell-us-nd-beulah-commercial-commercial-tenant-improvement-building__engine_luna.json,1f53209c2f7b1073d933ecd86018e01376f9ae187b0d4dcd5ebcb9986d0f0376,ec74da9490bc41c5a9cc721cdbdc74cfd898fcbff8d1df045412886734d49284,REQUIRED,REQUIRED,1,0,0,BUILDING,BUILDING,1,truth-incomplete,[],"[{""family"":""ACCESSIBILITY"",""status"":""CONDITIONAL""},{""family"":""ELECTRICAL"",""status"":""REQUIRED""},{""family"":""MECHANICAL"",""status"":""REQUIRED""},{""family"":""OCCUPANCY_CO"",""status"":""CONDITIONAL""},{""family"":""OTHER"",""status"":""VERIFY""},{""family"":""PLUMBING"",""status"":""REQUIRED""},{""family"":""ZONING_PLANNING"",""status"":""REQUIRED""}]",0,0
cell-us-ne-atkinson-commercial-commercial-tenant-improvement-building,luna,benchmarks/permit_accuracy_v1_1/raw_full_v11/cell-us-ne-atkinson-commercial-commercial-tenant-improvement-building__luna.json,f1569e143ffcd4318ab55e28e0d7048748168b6896749c59ae180b814a61dafb,dd1e6f00f3f521cf036fab7c27c2e49b2416556a4de6eab1b36e3d952e82749b,REQUIRED,VERIFY,0,1,0,BUILDING,VERIFY,0,truth-incomplete,[],"[{""family"":""ELECTRICAL"",""status"":""VERIFY""},{""family"":""FIRE_LIFE_SAFETY"",""status"":""VERIFY""},{""family"":""MECHANICAL"",""status"":""VERIFY""},{""family"":""OCCUPANCY_CO"",""status"":""VERIFY""},{""family"":""PLUMBING"",""status"":""VERIFY""},{""family"":""ZONING_PLANNING"",""status"":""VERIFY""}]",0,0
cell-us-ne-atkinson-commercial-commercial-tenant-improvement-building,grok,benchmarks/permit_accuracy_v1_1/raw_full_v11/cell-us-ne-atkinson-commercial-commercial-tenant-improvement-building__grok.json,89a437d93a204f7075434c1a9eb39ce1c442dcf943ad2efdfe5e37695714e64f,9728986e3d9a335824deeff8398abc14af1c41c0ca861d7247d247ddf0c857dc,REQUIRED,VERIFY,0,1,0,BUILDING,VERIFY,0,truth-incomplete,[],"[{""family"":""BUILDING"",""status"":""VERIFY""},{""family"":""ELECTRICAL"",""status"":""VERIFY""},{""family"":""FIRE_LIFE_SAFETY"",""status"":""VERIFY""},{""family"":""MECHANICAL"",""status"":""VERIFY""},{""family"":""OCCUPANCY_CO"",""status"":""VERIFY""},{""family"":""PLUMBING"",""status"":""VERIFY""},{""family"":""ZONING_PLANNING"",""status"":""VERIFY""}]",0,0
cell-us-ne-atkinson-commercial-commercial-tenant-improvement-building,gemini,benchmarks/permit_accuracy_v1_1/raw_full_v11/cell-us-ne-atkinson-commercial-commercial-tenant-improvement-building__gemini.json,99b70835a85bceb7998196cd0dd8983527f3f1797bb17685faf3f2349d97c9e4,c37cb00e49efba2744ea057859ef504f483f9e45e88e1ecd5db23328a4aa8359,REQUIRED,VERIFY,0,1,0,BUILDING,VERIFY,0,truth-incomplete,[],[],1,0
cell-us-ne-atkinson-commercial-commercial-tenant-improvement-building,engine,benchmarks/permit_accuracy_v1_1/raw_full_v11/cell-us-ne-atkinson-commercial-commercial-tenant-improvement-building__engine.json,746cb97a75ef1ddc4bcaf8b11274d9fb2569bf7382be6f7e875e142fb4beb731,5a63f2fcd912af7974abceb0a3dfa79b229cda1cc49c29b56b23c348647033e3,REQUIRED,REQUIRED,1,0,0,BUILDING,BUILDING,1,truth-incomplete,[],"[{""family"":""ACCESSIBILITY"",""status"":""CONDITIONAL""},{""family"":""ELECTRICAL"",""status"":""REQUIRED""},{""family"":""MECHANICAL"",""status"":""REQUIRED""},{""family"":""OCCUPANCY_CO"",""status"":""CONDITIONAL""},{""family"":""OTHER"",""status"":""VERIFY""},{""family"":""PLUMBING"",""status"":""REQUIRED""},{""family"":""ZONING_PLANNING"",""status"":""REQUIRED""}]",0,0
cell-us-ne-atkinson-commercial-commercial-tenant-improvement-building,engine_luna,benchmarks/permit_accuracy_v1_1/raw_full_v11/cell-us-ne-atkinson-commercial-commercial-tenant-improvement-building__engine_luna.json,8b788cb96c72eba37cb2c465890618b256bc8a8601d30f2a80d07d332833439d,0a557e0a5f2eae08444bae4fd71be8ffff94c9287f89d85e1bc1957fb0759b5b,REQUIRED,REQUIRED,1,0,0,BUILDING,BUILDING,1,truth-incomplete,[],"[{""family"":""ACCESSIBILITY"",""status"":""CONDITIONAL""},{""family"":""ELECTRICAL"",""status"":""REQUIRED""},{""family"":""MECHANICAL"",""status"":""REQUIRED""},{""family"":""OCCUPANCY_CO"",""status"":""CONDITIONAL""},{""family"":""OTHER"",""status"":""VERIFY""},{""family"":""PLUMBING"",""status"":""REQUIRED""},{""family"":""ZONING_PLANNING"",""status"":""REQUIRED""}]",0,0
cell-us-nh-amherst-commercial-commercial-tenant-improvement-building,luna,benchmarks/permit_accuracy_v1_1/raw_full_v11/cell-us-nh-amherst-commercial-commercial-tenant-improvement-building__luna.json,96fc84c8d1778de86af1360c1f724af3ec35f182fa341665ad27fd2b972adc72,ddba73562dbf602dc5d2eab9cb6d8ee0437c182af81520850ebf5c4cdacfc568,REQUIRED,VERIFY,0,1,0,BUILDING,VERIFY,0,truth-incomplete,[],"[{""family"":""BUILDING"",""status"":""VERIFY""},{""family"":""ELECTRICAL"",""status"":""VERIFY""},{""family"":""FIRE_LIFE_SAFETY"",""status"":""VERIFY""},{""family"":""MECHANICAL"",""status"":""VERIFY""},{""family"":""OCCUPANCY_CO"",""status"":""VERIFY""},{""family"":""PLUMBING"",""status"":""VERIFY""},{""family"":""ZONING_PLANNING"",""status"":""VERIFY""}]",0,0
cell-us-nh-amherst-commercial-commercial-tenant-improvement-building,grok,benchmarks/permit_accuracy_v1_1/raw_full_v11/cell-us-nh-amherst-commercial-commercial-tenant-improvement-building__grok.json,3759d407f98cf100169f5f80aacd4b86c8a0a229d23d7152c9ff9913ae71bd21,2fc79e412b28fc5e43646f43f24da3b458ae115b3b79de6afd3042e1916a3db4,REQUIRED,VERIFY,0,1,0,BUILDING,BUILDING,1,truth-incomplete,[],"[{""family"":""ELECTRICAL"",""status"":""VERIFY""},{""family"":""FIRE_LIFE_SAFETY"",""status"":""VERIFY""},{""family"":""MECHANICAL"",""status"":""VERIFY""},{""family"":""OCCUPANCY_CO"",""status"":""VERIFY""},{""family"":""PLUMBING"",""status"":""VERIFY""},{""family"":""ZONING_PLANNING"",""status"":""VERIFY""}]",0,0
cell-us-nh-amherst-commercial-commercial-tenant-improvement-building,gemini,benchmarks/permit_accuracy_v1_1/raw_full_v11/cell-us-nh-amherst-commercial-commercial-tenant-improvement-building__gemini.json,88272e000431f618d188a54413093e48525bc1ae01a8b0edae045eb5c08bcea3,e42fbbf927498cc55826161fa01becd0374a40054da64503f8e777a1908b8ec7,REQUIRED,VERIFY,0,1,0,BUILDING,VERIFY,0,truth-incomplete,[],[],1,0
cell-us-nh-amherst-commercial-commercial-tenant-improvement-building,engine,benchmarks/permit_accuracy_v1_1/raw_full_v11/cell-us-nh-amherst-commercial-commercial-tenant-improvement-building__engine.json,74e740ea511ec0832595764d5751680efdbbce8cdecf88904302e3d94ef9bf48,0e34d2157c7c69274b6264afb4435d37b4d3218bb4a9d7f9b984c51bbe587288,REQUIRED,REQUIRED,1,0,0,BUILDING,BUILDING,1,truth-incomplete,[],"[{""family"":""ACCESSIBILITY"",""status"":""CONDITIONAL""},{""family"":""ELECTRICAL"",""status"":""REQUIRED""},{""family"":""MECHANICAL"",""status"":""REQUIRED""},{""family"":""OCCUPANCY_CO"",""status"":""CONDITIONAL""},{""family"":""OTHER"",""status"":""VERIFY""},{""family"":""PLUMBING"",""status"":""REQUIRED""},{""family"":""ZONING_PLANNING"",""status"":""REQUIRED""}]",0,0
cell-us-nh-amherst-commercial-commercial-tenant-improvement-building,engine_luna,benchmarks/permit_accuracy_v1_1/raw_full_v11/cell-us-nh-amherst-commercial-commercial-tenant-improvement-building__engine_luna.json,8a946a420bc2a03bae383901659c6df5e2a02042b5ea32d75eadf09f9154b17b,61012e5558b3a653ad81903bb11b73b59729f430cb526275607ac6d456d6fe85,REQUIRED,REQUIRED,1,0,0,BUILDING,BUILDING,1,truth-incomplete,[],"[{""family"":""ACCESSIBILITY"",""status"":""CONDITIONAL""},{""family"":""ELECTRICAL"",""status"":""REQUIRED""},{""family"":""MECHANICAL"",""status"":""REQUIRED""},{""family"":""OCCUPANCY_CO"",""status"":""CONDITIONAL""},{""family"":""OTHER"",""status"":""VERIFY""},{""family"":""PLUMBING"",""status"":""REQUIRED""},{""family"":""ZONING_PLANNING"",""status"":""REQUIRED""}]",0,0
cell-us-nj-bayonne-city-commercial-commercial-tenant-improvement-building,luna,benchmarks/permit_accuracy_v1_1/raw_full_v11/cell-us-nj-bayonne-city-commercial-commercial-tenant-improvement-building__luna.json,0be3763017abbaad58af0dcff4113af91ee9971c3832befbb316936789d27783,0d06c24be47896a425f66c6554a8adef43465e2e3abb4fa1e1c2209f82d0a6c2,REQUIRED,VERIFY,0,1,0,BUILDING,VERIFY,0,truth-incomplete,[],"[{""family"":""ELECTRICAL"",""status"":""VERIFY""},{""family"":""FIRE_LIFE_SAFETY"",""status"":""VERIFY""},{""family"":""MECHANICAL"",""status"":""VERIFY""},{""family"":""OCCUPANCY_CO"",""status"":""VERIFY""},{""family"":""PLUMBING"",""status"":""VERIFY""},{""family"":""ZONING_PLANNING"",""status"":""VERIFY""}]",0,0
cell-us-nj-bayonne-city-commercial-commercial-tenant-improvement-building,grok,benchmarks/permit_accuracy_v1_1/raw_full_v11/cell-us-nj-bayonne-city-commercial-commercial-tenant-improvement-building__grok.json,05bde42f7308fe57de8f2df760557e23980db5b6e0146ef2ac3170b416b1cabf,d6179e4219f894befbbcf6d71b745a3c61d2ffb9c7941c807b0c16f873ff0b6b,REQUIRED,REQUIRED,1,0,0,BUILDING,BUILDING,1,truth-incomplete,[],"[{""family"":""ELECTRICAL"",""status"":""REQUIRED""},{""family"":""FIRE_LIFE_SAFETY"",""status"":""REQUIRED""},{""family"":""MECHANICAL"",""status"":""REQUIRED""},{""family"":""OCCUPANCY_CO"",""status"":""REQUIRED""},{""family"":""PLUMBING"",""status"":""REQUIRED""},{""family"":""ZONING_PLANNING"",""status"":""CONDITIONAL""}]",0,0
cell-us-nj-bayonne-city-commercial-commercial-tenant-improvement-building,gemini,benchmarks/permit_accuracy_v1_1/raw_full_v11/cell-us-nj-bayonne-city-commercial-commercial-tenant-improvement-building__gemini.json,b8fa779f910ddbd98c5947e6d28f6b1b37a0f5b7b5d2f54ddb9db170ce78c85e,a18cd723c22a6125dd93fdcb920905851d307034b5c55342ac512f5e3f2abdf4,REQUIRED,VERIFY,0,1,0,BUILDING,VERIFY,0,truth-incomplete,[],[],1,0
cell-us-nj-bayonne-city-commercial-commercial-tenant-improvement-building,engine,benchmarks/permit_accuracy_v1_1/raw_full_v11/cell-us-nj-bayonne-city-commercial-commercial-tenant-improvement-building__engine.json,293d5c47997a14b74b8b2a7018ecc0a59a93d15dc0f5e44f640cc26e9de747f7,39a05131c7f0c9aa2b6b91d13a85752a8a7247f1a197ff3d6c9645085765071c,REQUIRED,REQUIRED,1,0,0,BUILDING,BUILDING,1,truth-incomplete,[],"[{""family"":""ACCESSIBILITY"",""status"":""CONDITIONAL""},{""family"":""ELECTRICAL"",""status"":""REQUIRED""},{""family"":""MECHANICAL"",""status"":""REQUIRED""},{""family"":""OCCUPANCY_CO"",""status"":""CONDITIONAL""},{""family"":""OTHER"",""status"":""VERIFY""},{""family"":""PLUMBING"",""status"":""REQUIRED""},{""family"":""ZONING_PLANNING"",""status"":""REQUIRED""}]",0,0
cell-us-nj-bayonne-city-commercial-commercial-tenant-improvement-building,engine_luna,benchmarks/permit_accuracy_v1_1/raw_full_v11/cell-us-nj-bayonne-city-commercial-commercial-tenant-improvement-building__engine_luna.json,c13a2b342df73d7bfc60a899530a1883433a923e1dd36b22b29850a08ed57322,a0a2bb75f3523578cd5e950c8de2fd7ca9e2c3e0df00bf3ab6beb03d2d382c5f,REQUIRED,REQUIRED,1,0,0,BUILDING,BUILDING,1,truth-incomplete,[],"[{""family"":""ACCESSIBILITY"",""status"":""CONDITIONAL""},{""family"":""ELECTRICAL"",""status"":""REQUIRED""},{""family"":""MECHANICAL"",""status"":""REQUIRED""},{""family"":""OCCUPANCY_CO"",""status"":""CONDITIONAL""},{""family"":""OTHER"",""status"":""VERIFY""},{""family"":""PLUMBING"",""status"":""REQUIRED""},{""family"":""ZONING_PLANNING"",""status"":""REQUIRED""}]",0,0
cell-us-nj-berkeley-twp-residential-building-construction-permit,luna,benchmarks/permit_accuracy_v1_1/raw_full_v11/cell-us-nj-berkeley-twp-residential-building-construction-permit__luna.json,9c52eb9ffc709ba37599a9c48c298d5494638acbf6b25ddda142825400b39088,45f6295a39d0ea5a949b4f9efe5a32d717ce89e3b8faa6b7f4e1b5ff1aa7d77e,REQUIRED,VERIFY,0,1,0,BUILDING,VERIFY,0,truth-incomplete,[],"[{""family"":""BUILDING"",""status"":""VERIFY""},{""family"":""ELECTRICAL"",""status"":""VERIFY""},{""family"":""MECHANICAL"",""status"":""VERIFY""},{""family"":""PLUMBING"",""status"":""VERIFY""}]",0,0
cell-us-nj-berkeley-twp-residential-building-construction-permit,grok,benchmarks/permit_accuracy_v1_1/raw_full_v11/cell-us-nj-berkeley-twp-residential-building-construction-permit__grok.json,760b5033b9e561805b52438d895224cf93daf092df540ec584ae2698b1751897,1f88d25250410e17ad654d28e18dc09b3747cb11b66aefe5de7d020bec0ae897,REQUIRED,VERIFY,0,1,0,BUILDING,VERIFY,0,truth-incomplete,[],"[{""family"":""BUILDING"",""status"":""VERIFY""},{""family"":""ELECTRICAL"",""status"":""VERIFY""},{""family"":""MECHANICAL"",""status"":""VERIFY""},{""family"":""PLUMBING"",""status"":""VERIFY""}]",0,0
cell-us-nj-berkeley-twp-residential-building-construction-permit,gemini,benchmarks/permit_accuracy_v1_1/raw_full_v11/cell-us-nj-berkeley-twp-residential-building-construction-permit__gemini.json,08b4ec98bbb7a4afb565953c81215f643fd13f339178ab5b99338c0e478bf248,e3149e723975e4b4d3d64a1179989cb027620430b354293776daf1d844d11026,REQUIRED,VERIFY,0,1,0,BUILDING,VERIFY,0,truth-incomplete,[],[],1,0
cell-us-nj-berkeley-twp-residential-building-construction-permit,engine,benchmarks/permit_accuracy_v1_1/raw_full_v11/cell-us-nj-berkeley-twp-residential-building-construction-permit__engine.json,2cc45590f1e55f6bf367c4df3a09c90196b8c835d12b94071c820b8575b5ee63,5865089946a58a6cee4d4274edb3ae14ad0ee0f0a53783d2cb0593edc8da75b2,REQUIRED,REQUIRED,1,0,0,BUILDING,BUILDING,1,truth-incomplete,[],"[{""family"":""ELECTRICAL"",""status"":""REQUIRED""},{""family"":""MECHANICAL"",""status"":""REQUIRED""},{""family"":""PLUMBING"",""status"":""REQUIRED""}]",0,0
cell-us-nj-berkeley-twp-residential-building-construction-permit,engine_luna,benchmarks/permit_accuracy_v1_1/raw_full_v11/cell-us-nj-berkeley-twp-residential-building-construction-permit__engine_luna.json,ad9d3a91900f5d808f903460ff7a8ff972a5eb2de82ddfdf1dea32767b19d70d,1853c9667cf0d152cee0d24089ab7672369c1b180fb018d0a1cefda90f425ac8,REQUIRED,REQUIRED,1,0,0,BUILDING,BUILDING,1,truth-incomplete,[],"[{""family"":""BUILDING"",""status"":""VERIFY""},{""family"":""ELECTRICAL"",""status"":""REQUIRED""},{""family"":""MECHANICAL"",""status"":""REQUIRED""},{""family"":""PLUMBING"",""status"":""REQUIRED""}]",0,0
cell-us-nm-alamogordo-commercial-commercial-tenant-improvement-building,luna,benchmarks/permit_accuracy_v1_1/raw_full_v11/cell-us-nm-alamogordo-commercial-commercial-tenant-improvement-building__luna.json,39eb4b5b15a7f224c66a26220d3c29fa0e64238216ae932d7860717600f3042a,c9804220cd65fee72f82a5f3a76cdb1379e931cc8ba5eed432d70cdb40db1fec,REQUIRED,REQUIRED,1,0,0,BUILDING,BUILDING,1,truth-incomplete,[],"[{""family"":""ELECTRICAL"",""status"":""REQUIRED""},{""family"":""FIRE_LIFE_SAFETY"",""status"":""CONDITIONAL""},{""family"":""GAS"",""status"":""VERIFY""},{""family"":""MECHANICAL"",""status"":""REQUIRED""},{""family"":""OCCUPANCY_CO"",""status"":""CONDITIONAL""},{""family"":""PLUMBING"",""status"":""REQUIRED""},{""family"":""ZONING_PLANNING"",""status"":""CONDITIONAL""}]",0,0
cell-us-nm-alamogordo-commercial-commercial-tenant-improvement-building,grok,benchmarks/permit_accuracy_v1_1/raw_full_v11/cell-us-nm-alamogordo-commercial-commercial-tenant-improvement-building__grok.json,f11ed83a3d6fb8bf6a7dac8f527084be8dac2419baa408ada82d2e4d3fea72f2,409a55b1f7ba8dee9510bc401f072314f07b4149c00eea5be090d5452bc0974e,REQUIRED,REQUIRED,1,0,0,BUILDING,BUILDING,1,truth-incomplete,[],"[{""family"":""ELECTRICAL"",""status"":""REQUIRED""},{""family"":""FIRE_LIFE_SAFETY"",""status"":""VERIFY""},{""family"":""GAS"",""status"":""VERIFY""},{""family"":""MECHANICAL"",""status"":""REQUIRED""},{""family"":""OCCUPANCY_CO"",""status"":""VERIFY""},{""family"":""PLUMBING"",""status"":""REQUIRED""},{""family"":""ZONING_PLANNING"",""status"":""VERIFY""}]",0,0
cell-us-nm-alamogordo-commercial-commercial-tenant-improvement-building,gemini,benchmarks/permit_accuracy_v1_1/raw_full_v11/cell-us-nm-alamogordo-commercial-commercial-tenant-improvement-building__gemini.json,8866482e2d4ccc664dba165a0b35c5de9e756938df928cb275ff91c63b6a27bb,c4a7fffc2bf04c798ee48e120b0f480ad011a14f88a213efe18caa3e752b1bf5,REQUIRED,REQUIRED,1,0,0,BUILDING,BUILDING,1,truth-incomplete,[],"[{""family"":""ELECTRICAL"",""status"":""REQUIRED""},{""family"":""FIRE_LIFE_SAFETY"",""status"":""VERIFY""},{""family"":""MECHANICAL"",""status"":""REQUIRED""},{""family"":""OCCUPANCY_CO"",""status"":""VERIFY""},{""family"":""PLUMBING"",""status"":""REQUIRED""},{""family"":""ZONING_PLANNING"",""status"":""VERIFY""}]",0,0
cell-us-nm-alamogordo-commercial-commercial-tenant-improvement-building,engine,benchmarks/permit_accuracy_v1_1/raw_full_v11/cell-us-nm-alamogordo-commercial-commercial-tenant-improvement-building__engine.json,8f918e715a89c98685e0396433681d59db62626a60d1cd7ae00c036ad86129c1,853f29839cdec66fd7bc5032ee23d0faed61b6b600847e782328b68584df2198,REQUIRED,REQUIRED,1,0,0,BUILDING,BUILDING,1,truth-incomplete,[],"[{""family"":""ACCESSIBILITY"",""status"":""CONDITIONAL""},{""family"":""ELECTRICAL"",""status"":""REQUIRED""},{""family"":""MECHANICAL"",""status"":""REQUIRED""},{""family"":""OCCUPANCY_CO"",""status"":""CONDITIONAL""},{""family"":""OTHER"",""status"":""VERIFY""},{""family"":""PLUMBING"",""status"":""REQUIRED""},{""family"":""ZONING_PLANNING"",""status"":""REQUIRED""}]",0,0
cell-us-nm-alamogordo-commercial-commercial-tenant-improvement-building,engine_luna,benchmarks/permit_accuracy_v1_1/raw_full_v11/cell-us-nm-alamogordo-commercial-commercial-tenant-improvement-building__engine_luna.json,52530abe450309d9bfd0aa2916a57e91ffc93ca942187954c943061ae8b74bc6,1d469a620582a44219c5e01cb45f5f51aa950a8241158cf4697aa97d17a525ff,REQUIRED,REQUIRED,1,0,0,BUILDING,BUILDING,1,truth-incomplete,[],"[{""family"":""ACCESSIBILITY"",""status"":""CONDITIONAL""},{""family"":""ELECTRICAL"",""status"":""REQUIRED""},{""family"":""FIRE_LIFE_SAFETY"",""status"":""VERIFY""},{""family"":""MECHANICAL"",""status"":""REQUIRED""},{""family"":""OCCUPANCY_CO"",""status"":""CONDITIONAL""},{""family"":""OTHER"",""status"":""VERIFY""},{""family"":""PLUMBING"",""status"":""REQUIRED""},{""family"":""ZONING_PLANNING"",""status"":""REQUIRED""}]",0,0
cell-us-nv-boulder-city-commercial-commercial-tenant-improvement-building,luna,benchmarks/permit_accuracy_v1_1/raw_full_v11/cell-us-nv-boulder-city-commercial-commercial-tenant-improvement-building__luna.json,d3b34a3388a250aa27cfdba896ceb7fa390d782bca73714ce51f7b5909af5f1a,95c25784d3eb8b4cebf2464d2cb21ab72136037e1a553a34df1b385ad81823c8,REQUIRED,REQUIRED,1,0,0,BUILDING,BUILDING,1,truth-incomplete,[],"[{""family"":""ELECTRICAL"",""status"":""VERIFY""},{""family"":""FIRE_LIFE_SAFETY"",""status"":""VERIFY""},{""family"":""MECHANICAL"",""status"":""VERIFY""},{""family"":""OCCUPANCY_CO"",""status"":""VERIFY""},{""family"":""PLUMBING"",""status"":""VERIFY""},{""family"":""ZONING_PLANNING"",""status"":""VERIFY""}]",0,0
cell-us-nv-boulder-city-commercial-commercial-tenant-improvement-building,grok,benchmarks/permit_accuracy_v1_1/raw_full_v11/cell-us-nv-boulder-city-commercial-commercial-tenant-improvement-building__grok.json,4a5ada45e9b2a9ca7914454611b72e64d07aca826ae84ce7f7c2efcab15d8ae9,e4b61030b79bfc0ae29064a4283575b4ce1651c4f67cf859b7a150ce578d89f8,REQUIRED,REQUIRED,1,0,0,BUILDING,BUILDING,1,truth-incomplete,[],"[{""family"":""ELECTRICAL"",""status"":""CONDITIONAL""},{""family"":""FIRE_LIFE_SAFETY"",""status"":""CONDITIONAL""},{""family"":""MECHANICAL"",""status"":""CONDITIONAL""},{""family"":""OCCUPANCY_CO"",""status"":""VERIFY""},{""family"":""PLUMBING"",""status"":""CONDITIONAL""},{""family"":""ZONING_PLANNING"",""status"":""VERIFY""}]",0,0
cell-us-nv-boulder-city-commercial-commercial-tenant-improvement-building,gemini,benchmarks/permit_accuracy_v1_1/raw_full_v11/cell-us-nv-boulder-city-commercial-commercial-tenant-improvement-building__gemini.json,789952568f57879826dd245ffe0db098d05e3ebc01b90335751351b7a5ac05aa,44a36f15b853c90d8ccc47f988b1c59d4f2939f4031816b6e33e3e06b61c4ecb,REQUIRED,REQUIRED,1,0,0,BUILDING,BUILDING,1,truth-incomplete,[],"[{""family"":""ELECTRICAL"",""status"":""REQUIRED""},{""family"":""FIRE_LIFE_SAFETY"",""status"":""REQUIRED""},{""family"":""MECHANICAL"",""status"":""VERIFY""},{""family"":""OCCUPANCY_CO"",""status"":""VERIFY""},{""family"":""PLUMBING"",""status"":""VERIFY""},{""family"":""ZONING_PLANNING"",""status"":""VERIFY""}]",0,0
cell-us-nv-boulder-city-commercial-commercial-tenant-improvement-building,engine,benchmarks/permit_accuracy_v1_1/raw_full_v11/cell-us-nv-boulder-city-commercial-commercial-tenant-improvement-building__engine.json,e5b17e6e53bf7366a373e2ecf79ba6644b9efbcf1a46d00b86b10b5b59c9d38c,3dab0c5926348c82f3d815c8cb4d2a172ede2582153c6835071f17ae37f1456d,REQUIRED,REQUIRED,1,0,0,BUILDING,BUILDING,1,truth-incomplete,[],"[{""family"":""ACCESSIBILITY"",""status"":""CONDITIONAL""},{""family"":""ELECTRICAL"",""status"":""REQUIRED""},{""family"":""MECHANICAL"",""status"":""REQUIRED""},{""family"":""OCCUPANCY_CO"",""status"":""CONDITIONAL""},{""family"":""OTHER"",""status"":""VERIFY""},{""family"":""PLUMBING"",""status"":""REQUIRED""},{""family"":""ZONING_PLANNING"",""status"":""REQUIRED""}]",0,0
cell-us-nv-boulder-city-commercial-commercial-tenant-improvement-building,engine_luna,benchmarks/permit_accuracy_v1_1/raw_full_v11/cell-us-nv-boulder-city-commercial-commercial-tenant-improvement-building__engine_luna.json,3fe76b6593668636b8cc80a6e302b01ead58a9adad27ed810aea7bd2cc0324e0,d77d0a5c0067906ada4851e195b8199d63fac9245be609e22668a4bbb87d610a,REQUIRED,REQUIRED,1,0,0,BUILDING,BUILDING,1,truth-incomplete,[],"[{""family"":""ACCESSIBILITY"",""status"":""CONDITIONAL""},{""family"":""ELECTRICAL"",""status"":""REQUIRED""},{""family"":""MECHANICAL"",""status"":""REQUIRED""},{""family"":""OCCUPANCY_CO"",""status"":""CONDITIONAL""},{""family"":""OTHER"",""status"":""VERIFY""},{""family"":""PLUMBING"",""status"":""REQUIRED""},{""family"":""ZONING_PLANNING"",""status"":""REQUIRED""}]",0,0
cell-us-nv-churchill-county-commercial-county-residential-commercial-building-work-building-v231,luna,benchmarks/permit_accuracy_v1_1/raw_full_v11/cell-us-nv-churchill-county-commercial-county-residential-commercial-building-work-building-v231__luna.json,8a91bfbfcb2dd68ab1c8c9d7b68efe9e7ec544a56bcac5a77ab69386c8eac973,edb9a76c331193a7e2e54d4cc873ab2dcab3f245dfc994920f4fe314ef71b6d4,REQUIRED,CONDITIONAL,0,0,0,BUILDING,BUILDING,1,truth-incomplete,[],"[{""family"":""ELECTRICAL"",""status"":""VERIFY""},{""family"":""MECHANICAL"",""status"":""VERIFY""},{""family"":""PLUMBING"",""status"":""VERIFY""}]",0,0
cell-us-nv-churchill-county-commercial-county-residential-commercial-building-work-building-v231,grok,benchmarks/permit_accuracy_v1_1/raw_full_v11/cell-us-nv-churchill-county-commercial-county-residential-commercial-building-work-building-v231__grok.json,29283330450844044717b0579295fdb865d2334d37e080c8daf33ca5ff1becc7,33c28cdc5a3c0ad7912eac3ed77fd54e1cd7ac50a6094d3f1ce838d52d1d0a93,REQUIRED,VERIFY,0,1,0,BUILDING,BUILDING,1,truth-incomplete,[],"[{""family"":""ELECTRICAL"",""status"":""VERIFY""},{""family"":""FIRE_LIFE_SAFETY"",""status"":""VERIFY""},{""family"":""MECHANICAL"",""status"":""VERIFY""},{""family"":""PLUMBING"",""status"":""VERIFY""}]",0,0
cell-us-nv-churchill-county-commercial-county-residential-commercial-building-work-building-v231,gemini,benchmarks/permit_accuracy_v1_1/raw_full_v11/cell-us-nv-churchill-county-commercial-county-residential-commercial-building-work-building-v231__gemini.json,8ceb8c6d675320eae5789b85c9d4a927980723622044c2ad270ab2a325092ae2,0662e043eb46a7078cd6552258cc21b1e2e29b58d14b477a21843cf7404fd9ac,REQUIRED,VERIFY,0,1,0,BUILDING,VERIFY,0,truth-incomplete,[],[],1,0
cell-us-nv-churchill-county-commercial-county-residential-commercial-building-work-building-v231,engine,benchmarks/permit_accuracy_v1_1/raw_full_v11/cell-us-nv-churchill-county-commercial-county-residential-commercial-building-work-building-v231__engine.json,fac318cd5af09f25eced00de01133c4d3e7bdc3db4a948ded6c9568e63aecb55,593cbe268ada1fb162126f201e9b528e31cc2de5305388139db84fbb27934a58,REQUIRED,REQUIRED,1,0,0,BUILDING,BUILDING,1,truth-incomplete,[],"[{""family"":""ELECTRICAL"",""status"":""REQUIRED""},{""family"":""MECHANICAL"",""status"":""REQUIRED""},{""family"":""PLUMBING"",""status"":""REQUIRED""}]",0,0
cell-us-nv-churchill-county-commercial-county-residential-commercial-building-work-building-v231,engine_luna,benchmarks/permit_accuracy_v1_1/raw_full_v11/cell-us-nv-churchill-county-commercial-county-residential-commercial-building-work-building-v231__engine_luna.json,87a0b29a361e88c3f2a225f4d097e33f55fec491910b786ea143034ae5115dce,37f886ba11ef76d55fedb40feb3252d88468b5c2c862f1b420d2ab02252f18c8,REQUIRED,REQUIRED,1,0,0,BUILDING,BUILDING,1,truth-incomplete,[],"[{""family"":""BUILDING"",""status"":""VERIFY""},{""family"":""ELECTRICAL"",""status"":""REQUIRED""},{""family"":""MECHANICAL"",""status"":""REQUIRED""},{""family"":""PLUMBING"",""status"":""REQUIRED""}]",0,0
cell-us-ny-albany-commercial-commercial-tenant-improvement-building,luna,benchmarks/permit_accuracy_v1_1/raw_full_v11/cell-us-ny-albany-commercial-commercial-tenant-improvement-building__luna.json,21ad3b4a4c7d7ff6aaf43ba25905c3e952ec0d37768d2effbb4ace42c977cef6,a09ca3076715afcf1221b23cf0f454e5355a033cd338347c3be639cda101d3cf,REQUIRED,VERIFY,0,1,0,BUILDING,VERIFY,0,truth-incomplete,[],"[{""family"":""ELECTRICAL"",""status"":""VERIFY""},{""family"":""FIRE_LIFE_SAFETY"",""status"":""VERIFY""},{""family"":""MECHANICAL"",""status"":""VERIFY""},{""family"":""OCCUPANCY_CO"",""status"":""VERIFY""},{""family"":""PLUMBING"",""status"":""VERIFY""},{""family"":""ZONING_PLANNING"",""status"":""VERIFY""}]",0,0
cell-us-ny-albany-commercial-commercial-tenant-improvement-building,grok,benchmarks/permit_accuracy_v1_1/raw_full_v11/cell-us-ny-albany-commercial-commercial-tenant-improvement-building__grok.json,7b9578fd0ef36442ee2f9739a9f2a6a61d4eb421a543d33c5dc89b315d01506b,f2072867e538eb4acc8bb837e4bf097f16c8f86337dd7289693f8800756eb8aa,REQUIRED,VERIFY,0,1,0,BUILDING,BUILDING,1,truth-incomplete,[],"[{""family"":""ELECTRICAL"",""status"":""VERIFY""},{""family"":""FIRE_LIFE_SAFETY"",""status"":""VERIFY""},{""family"":""MECHANICAL"",""status"":""VERIFY""},{""family"":""OCCUPANCY_CO"",""status"":""VERIFY""},{""family"":""PLUMBING"",""status"":""VERIFY""},{""family"":""ZONING_PLANNING"",""status"":""VERIFY""}]",0,0
cell-us-ny-albany-commercial-commercial-tenant-improvement-building,gemini,benchmarks/permit_accuracy_v1_1/raw_full_v11/cell-us-ny-albany-commercial-commercial-tenant-improvement-building__gemini.json,c0dc6bfa1bc797dad9a86a8f2587333efa966c5bf72751385de03678ee3ea5bc,6c84c9ba53fe87a89337d6a80f27354650b97c60ba1351ea17bd2d6d6b599ee1,REQUIRED,VERIFY,0,1,0,BUILDING,VERIFY,0,truth-incomplete,[],[],1,0
cell-us-ny-albany-commercial-commercial-tenant-improvement-building,engine,benchmarks/permit_accuracy_v1_1/raw_full_v11/cell-us-ny-albany-commercial-commercial-tenant-improvement-building__engine.json,a4c805592cb18bd6ffa8aedae2855544fe97e6184c16c7018f2765f322338081,e2f5e0c3653f098138253b4bee8643d511cffb9d921f8045c3706092f06efba0,REQUIRED,REQUIRED,1,0,0,BUILDING,BUILDING,1,truth-incomplete,[],"[{""family"":""ACCESSIBILITY"",""status"":""CONDITIONAL""},{""family"":""ELECTRICAL"",""status"":""REQUIRED""},{""family"":""MECHANICAL"",""status"":""REQUIRED""},{""family"":""OCCUPANCY_CO"",""status"":""CONDITIONAL""},{""family"":""OTHER"",""status"":""VERIFY""},{""family"":""PLUMBING"",""status"":""REQUIRED""},{""family"":""ZONING_PLANNING"",""status"":""REQUIRED""}]",0,0
cell-us-ny-albany-commercial-commercial-tenant-improvement-building,engine_luna,benchmarks/permit_accuracy_v1_1/raw_full_v11/cell-us-ny-albany-commercial-commercial-tenant-improvement-building__engine_luna.json,657655c14f19e99325f36e7f2634051026e47e47a9c4995b746e6b4ae80a7554,8b68d16d6165f173b2a9a7e5c46b7b300379980eb3487f21957e13a77711f09c,REQUIRED,REQUIRED,1,0,0,BUILDING,BUILDING,1,truth-incomplete,[],"[{""family"":""ACCESSIBILITY"",""status"":""CONDITIONAL""},{""family"":""ELECTRICAL"",""status"":""REQUIRED""},{""family"":""MECHANICAL"",""status"":""REQUIRED""},{""family"":""OCCUPANCY_CO"",""status"":""CONDITIONAL""},{""family"":""OTHER"",""status"":""VERIFY""},{""family"":""PLUMBING"",""status"":""REQUIRED""},{""family"":""ZONING_PLANNING"",""status"":""REQUIRED""}]",0,0
cell-us-oh-akron-commercial-commercial-tenant-improvement-building,luna,benchmarks/permit_accuracy_v1_1/raw_full_v11/cell-us-oh-akron-commercial-commercial-tenant-improvement-building__luna.json,597a265f53303e0e8a5cf1f6044aac6d5c693d48a518074156e13879a5932aa6,dd816a52630edbc6826ed9522d1b65d39857db71baa8db4cb8760e69a234269e,REQUIRED,VERIFY,0,1,0,BUILDING,VERIFY,0,truth-incomplete,[],"[{""family"":""BUILDING"",""status"":""VERIFY""},{""family"":""ELECTRICAL"",""status"":""VERIFY""},{""family"":""FIRE_LIFE_SAFETY"",""status"":""VERIFY""},{""family"":""MECHANICAL"",""status"":""VERIFY""},{""family"":""OCCUPANCY_CO"",""status"":""VERIFY""},{""family"":""PLUMBING"",""status"":""VERIFY""},{""family"":""ZONING_PLANNING"",""status"":""VERIFY""}]",0,0
cell-us-oh-akron-commercial-commercial-tenant-improvement-building,grok,benchmarks/permit_accuracy_v1_1/raw_full_v11/cell-us-oh-akron-commercial-commercial-tenant-improvement-building__grok.json,f75f3a0ced2bfd28dfd909fd55e6634b7a1adcd1d24a868dc9e66cb79c51ab44,e8621a26fae04c2817ea033c021e3d6baeed92cf6f319d5d6ba4ed6a361e2e15,REQUIRED,REQUIRED,1,0,0,BUILDING,BUILDING,1,truth-incomplete,[],"[{""family"":""ELECTRICAL"",""status"":""REQUIRED""},{""family"":""FIRE_LIFE_SAFETY"",""status"":""REQUIRED""},{""family"":""MECHANICAL"",""status"":""REQUIRED""},{""family"":""OCCUPANCY_CO"",""status"":""REQUIRED""},{""family"":""PLUMBING"",""status"":""REQUIRED""},{""family"":""ZONING_PLANNING"",""status"":""CONDITIONAL""}]",0,0
cell-us-oh-akron-commercial-commercial-tenant-improvement-building,gemini,benchmarks/permit_accuracy_v1_1/raw_full_v11/cell-us-oh-akron-commercial-commercial-tenant-improvement-building__gemini.json,545f1096c27964a67024325bff769c42893870fbf48d45167f8e59c345d83330,0d46ca2f2726cde778e1645a7e8b88124d9c6d929f459a4b903cead84f854f47,REQUIRED,REQUIRED,1,0,0,BUILDING,BUILDING,1,truth-incomplete,[],"[{""family"":""ELECTRICAL"",""status"":""VERIFY""},{""family"":""FIRE_LIFE_SAFETY"",""status"":""VERIFY""},{""family"":""MECHANICAL"",""status"":""VERIFY""},{""family"":""OCCUPANCY_CO"",""status"":""VERIFY""},{""family"":""PLUMBING"",""status"":""VERIFY""},{""family"":""ZONING_PLANNING"",""status"":""VERIFY""}]",0,0
cell-us-oh-akron-commercial-commercial-tenant-improvement-building,engine,benchmarks/permit_accuracy_v1_1/raw_full_v11/cell-us-oh-akron-commercial-commercial-tenant-improvement-building__engine.json,c5a6f1d7b86f32459255556bc21817d56225bcc58fc480faf24820bf242b2c2d,30dc4791c8e0dacd4f2b9ff4c6681eefa2b553f17f6cbcf70e5c22ab3e773c93,REQUIRED,REQUIRED,1,0,0,BUILDING,BUILDING,1,truth-incomplete,[],"[{""family"":""ACCESSIBILITY"",""status"":""CONDITIONAL""},{""family"":""ELECTRICAL"",""status"":""REQUIRED""},{""family"":""MECHANICAL"",""status"":""REQUIRED""},{""family"":""OCCUPANCY_CO"",""status"":""CONDITIONAL""},{""family"":""OTHER"",""status"":""VERIFY""},{""family"":""PLUMBING"",""status"":""REQUIRED""},{""family"":""ZONING_PLANNING"",""status"":""REQUIRED""}]",0,0
cell-us-oh-akron-commercial-commercial-tenant-improvement-building,engine_luna,benchmarks/permit_accuracy_v1_1/raw_full_v11/cell-us-oh-akron-commercial-commercial-tenant-improvement-building__engine_luna.json,759720d2161335511430b23a0047488ae26d25b31adc754ae1edaaed7fb9a971,3cd1d262255fa52e83ba377988b13eca2d2d720a6c0c6d1d2425b96fbaade7f2,REQUIRED,REQUIRED,1,0,0,BUILDING,BUILDING,1,truth-incomplete,[],"[{""family"":""ACCESSIBILITY"",""status"":""CONDITIONAL""},{""family"":""ELECTRICAL"",""status"":""REQUIRED""},{""family"":""MECHANICAL"",""status"":""REQUIRED""},{""family"":""OCCUPANCY_CO"",""status"":""CONDITIONAL""},{""family"":""OTHER"",""status"":""VERIFY""},{""family"":""PLUMBING"",""status"":""REQUIRED""},{""family"":""ZONING_PLANNING"",""status"":""REQUIRED""}]",0,0
cell-us-ok-altus-commercial-commercial-tenant-improvement-building,luna,benchmarks/permit_accuracy_v1_1/raw_full_v11/cell-us-ok-altus-commercial-commercial-tenant-improvement-building__luna.json,50179b1ba278310f93db94fec12154475079f4727602b3882ec397f27cbf6dee,499795bf9ada8aa1e5c4154d8bceae0f3bc0cd71e954b388332c935601366090,REQUIRED,VERIFY,0,1,0,BUILDING,VERIFY,0,truth-incomplete,[],[],1,0
cell-us-ok-altus-commercial-commercial-tenant-improvement-building,grok,benchmarks/permit_accuracy_v1_1/raw_full_v11/cell-us-ok-altus-commercial-commercial-tenant-improvement-building__grok.json,e323c483a9596fa93cc8c300b7dd8d16508081ad6c2895d40dd32a47dc3e30e1,a5af06d9f70464fe85a5a3252e0dad362dcf2abaa01bb71fd40de4d40020dea4,REQUIRED,VERIFY,0,1,0,BUILDING,BUILDING,1,truth-incomplete,[],"[{""family"":""ELECTRICAL"",""status"":""VERIFY""},{""family"":""FIRE_LIFE_SAFETY"",""status"":""VERIFY""},{""family"":""MECHANICAL"",""status"":""VERIFY""},{""family"":""OCCUPANCY_CO"",""status"":""VERIFY""},{""family"":""PLUMBING"",""status"":""VERIFY""},{""family"":""ZONING_PLANNING"",""status"":""VERIFY""}]",0,0
cell-us-ok-altus-commercial-commercial-tenant-improvement-building,gemini,benchmarks/permit_accuracy_v1_1/raw_full_v11/cell-us-ok-altus-commercial-commercial-tenant-improvement-building__gemini.json,14741e9b2a78782cb005d5b69942e14ee5e117a98f0b9940b191e8b7ec59a00b,c7e8b4a0cfeec48469101d815739d29aa5f1ab8571905e2baecb7873efc4f5e9,REQUIRED,VERIFY,0,1,0,BUILDING,VERIFY,0,truth-incomplete,[],[],1,0
cell-us-ok-altus-commercial-commercial-tenant-improvement-building,engine,benchmarks/permit_accuracy_v1_1/raw_full_v11/cell-us-ok-altus-commercial-commercial-tenant-improvement-building__engine.json,82b60ac70d922d014f04a93194a2b0d6a9881c8d510b97f04cdb169754911ed2,eeb1503bb8a3d37feeb999800d7b5d04b4cd1a967502bb7ea2e627fea268a2fd,REQUIRED,REQUIRED,1,0,0,BUILDING,BUILDING,1,truth-incomplete,[],"[{""family"":""ACCESSIBILITY"",""status"":""CONDITIONAL""},{""family"":""ELECTRICAL"",""status"":""REQUIRED""},{""family"":""MECHANICAL"",""status"":""REQUIRED""},{""family"":""OCCUPANCY_CO"",""status"":""CONDITIONAL""},{""family"":""OTHER"",""status"":""VERIFY""},{""family"":""PLUMBING"",""status"":""REQUIRED""},{""family"":""ZONING_PLANNING"",""status"":""REQUIRED""}]",0,0
cell-us-ok-altus-commercial-commercial-tenant-improvement-building,engine_luna,benchmarks/permit_accuracy_v1_1/raw_full_v11/cell-us-ok-altus-commercial-commercial-tenant-improvement-building__engine_luna.json,d0bd8576afdb648c1d02b6142be08ea60c46d71891113bd6dcf1d4ba92589da6,cc6208db983ef5e3c48d055524eb12fcb1a1f68c462b499196c74ed484b637b6,REQUIRED,REQUIRED,1,0,0,BUILDING,BUILDING,1,truth-incomplete,[],"[{""family"":""ACCESSIBILITY"",""status"":""CONDITIONAL""},{""family"":""ELECTRICAL"",""status"":""REQUIRED""},{""family"":""MECHANICAL"",""status"":""REQUIRED""},{""family"":""OCCUPANCY_CO"",""status"":""CONDITIONAL""},{""family"":""OTHER"",""status"":""VERIFY""},{""family"":""PLUMBING"",""status"":""REQUIRED""},{""family"":""ZONING_PLANNING"",""status"":""REQUIRED""}]",0,0
cell-us-ok-bixby-residential-residential-building-construction-alteration-or-inspection-building,luna,benchmarks/permit_accuracy_v1_1/raw_full_v11/cell-us-ok-bixby-residential-residential-building-construction-alteration-or-inspection-building__luna.json,2731040be42b9988cda0652a97e791419a9d434cbac812ca85e40c9e3c1645ca,2ac842cdf35a48033cda36f33b2db0b29279ad2a9cef7128aa2e940076a8cd7a,REQUIRED,VERIFY,0,1,0,BUILDING,BUILDING,1,truth-incomplete,[],"[{""family"":""ELECTRICAL"",""status"":""VERIFY""},{""family"":""MECHANICAL"",""status"":""VERIFY""},{""family"":""PLUMBING"",""status"":""VERIFY""}]",0,0
cell-us-ok-bixby-residential-residential-building-construction-alteration-or-inspection-building,grok,benchmarks/permit_accuracy_v1_1/raw_full_v11/cell-us-ok-bixby-residential-residential-building-construction-alteration-or-inspection-building__grok.json,14b86ebc097d41af0c492a5253c2afcdb9e8fcd523c8e942ae7040e35ec94232,e94142fc535e62bb888a0d79c7ef0749bbdc59df32f51a1d00d9c0a579b6023d,REQUIRED,REQUIRED,1,0,0,BUILDING,BUILDING,1,truth-incomplete,[],"[{""family"":""ELECTRICAL"",""status"":""VERIFY""},{""family"":""FIRE_LIFE_SAFETY"",""status"":""VERIFY""},{""family"":""MECHANICAL"",""status"":""VERIFY""},{""family"":""PLUMBING"",""status"":""VERIFY""}]",0,0
cell-us-ok-bixby-residential-residential-building-construction-alteration-or-inspection-building,gemini,benchmarks/permit_accuracy_v1_1/raw_full_v11/cell-us-ok-bixby-residential-residential-building-construction-alteration-or-inspection-building__gemini.json,67c10955e472b9c631fcd014a1e89a5a77616b280efd7200999c689dae1afb94,deaad83bfed8f734fd57b76813256b3854587d85653f092a7519593625357365,REQUIRED,VERIFY,0,1,0,BUILDING,BUILDING,1,truth-incomplete,[],[],1,0
cell-us-ok-bixby-residential-residential-building-construction-alteration-or-inspection-building,engine,benchmarks/permit_accuracy_v1_1/raw_full_v11/cell-us-ok-bixby-residential-residential-building-construction-alteration-or-inspection-building__engine.json,9203faa993544abcf91dc693ff4b4789af55d23741b87ebb0eab960240824c76,a1444f708453257e20195ab717453b6287b2cc64b2bd57cd9d246329dddb4042,REQUIRED,REQUIRED,1,0,0,BUILDING,BUILDING,1,truth-incomplete,[],"[{""family"":""ELECTRICAL"",""status"":""REQUIRED""},{""family"":""MECHANICAL"",""status"":""REQUIRED""},{""family"":""PLUMBING"",""status"":""REQUIRED""}]",0,0
cell-us-ok-bixby-residential-residential-building-construction-alteration-or-inspection-building,engine_luna,benchmarks/permit_accuracy_v1_1/raw_full_v11/cell-us-ok-bixby-residential-residential-building-construction-alteration-or-inspection-building__engine_luna.json,f737bd8886ad42e45af53b9881fe748429a44f7286ae3e706756af1ab1306c0d,4731b2041704f40d98210f247cf26e81c01879d6c93e7160b5dfc194392a32e2,REQUIRED,REQUIRED,1,0,0,BUILDING,BUILDING,1,truth-incomplete,[],"[{""family"":""ELECTRICAL"",""status"":""REQUIRED""},{""family"":""MECHANICAL"",""status"":""REQUIRED""},{""family"":""PLUMBING"",""status"":""REQUIRED""}]",0,0
cell-us-or-albany-commercial-commercial-tenant-improvement-building,luna,benchmarks/permit_accuracy_v1_1/raw_full_v11/cell-us-or-albany-commercial-commercial-tenant-improvement-building__luna.json,4cd08b477c4d51ff2bb1016a5d98df17ba1736ce7c811db484346b9c66e8eacd,b099c682d53b62c33458116f42e46901aa15435f25d157fc936b41c0ce600667,REQUIRED,VERIFY,0,1,0,BUILDING,VERIFY,0,truth-incomplete,[],"[{""family"":""ELECTRICAL"",""status"":""VERIFY""},{""family"":""FIRE_LIFE_SAFETY"",""status"":""VERIFY""},{""family"":""MECHANICAL"",""status"":""VERIFY""},{""family"":""OCCUPANCY_CO"",""status"":""VERIFY""},{""family"":""PLUMBING"",""status"":""VERIFY""},{""family"":""ZONING_PLANNING"",""status"":""VERIFY""}]",0,0
cell-us-or-albany-commercial-commercial-tenant-improvement-building,grok,benchmarks/permit_accuracy_v1_1/raw_full_v11/cell-us-or-albany-commercial-commercial-tenant-improvement-building__grok.json,8e49cd7641ca932c398ff8298fc7d23f449cd8444ef117a46abca0fdf9595091,2778ecf1c8940b88728d9b1ad24401f5545ec7448226ba98d94a5ef00cec0af8,REQUIRED,VERIFY,0,1,0,BUILDING,BUILDING,1,truth-incomplete,[],"[{""family"":""ELECTRICAL"",""status"":""VERIFY""},{""family"":""FIRE_LIFE_SAFETY"",""status"":""VERIFY""},{""family"":""MECHANICAL"",""status"":""VERIFY""},{""family"":""OCCUPANCY_CO"",""status"":""VERIFY""},{""family"":""PLUMBING"",""status"":""VERIFY""},{""family"":""ZONING_PLANNING"",""status"":""VERIFY""}]",0,0
cell-us-or-albany-commercial-commercial-tenant-improvement-building,gemini,benchmarks/permit_accuracy_v1_1/raw_full_v11/cell-us-or-albany-commercial-commercial-tenant-improvement-building__gemini.json,0ad13492f0533440765a97fca55a12837a56e39ce19d428f0e0148b68b01e40a,02f8a7969d027a7e74b109f7f11573a0c830a2c60a2553aef8f8efc03e43eac7,REQUIRED,VERIFY,0,1,0,BUILDING,VERIFY,0,truth-incomplete,[],[],1,0
cell-us-or-albany-commercial-commercial-tenant-improvement-building,engine,benchmarks/permit_accuracy_v1_1/raw_full_v11/cell-us-or-albany-commercial-commercial-tenant-improvement-building__engine.json,e0361cf5a927778f317b1245a5ea8093acc6f68e93630b5ede21fd2c0b84b26d,906d0172cc9c23723216f4cf67abc700c1ac17df614587805d27412ac4d4e82c,REQUIRED,REQUIRED,1,0,0,BUILDING,BUILDING,1,truth-incomplete,[],"[{""family"":""ACCESSIBILITY"",""status"":""CONDITIONAL""},{""family"":""ELECTRICAL"",""status"":""REQUIRED""},{""family"":""MECHANICAL"",""status"":""REQUIRED""},{""family"":""OCCUPANCY_CO"",""status"":""CONDITIONAL""},{""family"":""OTHER"",""status"":""VERIFY""},{""family"":""PLUMBING"",""status"":""REQUIRED""},{""family"":""ZONING_PLANNING"",""status"":""REQUIRED""}]",0,0
cell-us-or-albany-commercial-commercial-tenant-improvement-building,engine_luna,benchmarks/permit_accuracy_v1_1/raw_full_v11/cell-us-or-albany-commercial-commercial-tenant-improvement-building__engine_luna.json,e79879aa217c9c199c007ea0cd247eaaa517d26c3f9b9a096523f18a7e268fd3,18d52548f409e637cab9477edefcdd720b510e5c6bf4e90e197299a5d57b1491,REQUIRED,REQUIRED,1,0,0,BUILDING,BUILDING,1,truth-incomplete,[],"[{""family"":""ACCESSIBILITY"",""status"":""CONDITIONAL""},{""family"":""BUILDING"",""status"":""VERIFY""},{""family"":""ELECTRICAL"",""status"":""REQUIRED""},{""family"":""MECHANICAL"",""status"":""REQUIRED""},{""family"":""OCCUPANCY_CO"",""status"":""CONDITIONAL""},{""family"":""OTHER"",""status"":""VERIFY""},{""family"":""PLUMBING"",""status"":""REQUIRED""},{""family"":""ZONING_PLANNING"",""status"":""REQUIRED""}]",0,0
cell-us-or-benton-county-residential-residential-building-construction-alteration-or-inspection-building,luna,benchmarks/permit_accuracy_v1_1/raw_full_v11/cell-us-or-benton-county-residential-residential-building-construction-alteration-or-inspection-building__luna.json,7e712de6091926a945c550b47f027ef073b23621aa78ca77619eac23927b9e35,03328994f41f09cb84dd6e7e1bb5fca9ed0c95f8a4be1aca413b176f85dfccb3,REQUIRED,VERIFY,0,1,0,BUILDING,VERIFY,0,truth-incomplete,[],"[{""family"":""ELECTRICAL"",""status"":""VERIFY""},{""family"":""MECHANICAL"",""status"":""VERIFY""},{""family"":""PLUMBING"",""status"":""VERIFY""}]",0,0
cell-us-or-benton-county-residential-residential-building-construction-alteration-or-inspection-building,grok,benchmarks/permit_accuracy_v1_1/raw_full_v11/cell-us-or-benton-county-residential-residential-building-construction-alteration-or-inspection-building__grok.json,368ca4262e37ef6e2e01221a002d9647e53bd9e0c41791ea6ffe1b6e6424693a,81796faad75c12208fbdeb7404898e52c2e68fbfd75b08590220c1f45e9c2041,REQUIRED,REQUIRED,1,0,0,BUILDING,BUILDING,1,truth-incomplete,[],"[{""family"":""ELECTRICAL"",""status"":""CONDITIONAL""},{""family"":""MECHANICAL"",""status"":""CONDITIONAL""},{""family"":""PLUMBING"",""status"":""CONDITIONAL""}]",0,0
cell-us-or-benton-county-residential-residential-building-construction-alteration-or-inspection-building,gemini,benchmarks/permit_accuracy_v1_1/raw_full_v11/cell-us-or-benton-county-residential-residential-building-construction-alteration-or-inspection-building__gemini.json,201f5abc367f45ad14291c755d40069a97b443e5a6a7baa061d52581dff1994d,375d73f48986c4749454f352996a144bb980e72a2d5baf0be7ff39854c241624,REQUIRED,VERIFY,0,1,0,BUILDING,VERIFY,0,truth-incomplete,[],[],1,0
cell-us-or-benton-county-residential-residential-building-construction-alteration-or-inspection-building,engine,benchmarks/permit_accuracy_v1_1/raw_full_v11/cell-us-or-benton-county-residential-residential-building-construction-alteration-or-inspection-building__engine.json,6a65ca2009f9599a15691f1fc807411e7565adbe8b0c6cc706c5289560ea3af1,d318e4cbb8186fd18802c1246ec3029adde94f4fd545613d4c64bdbe89e2919c,REQUIRED,REQUIRED,1,0,0,BUILDING,BUILDING,1,truth-incomplete,[],"[{""family"":""ELECTRICAL"",""status"":""REQUIRED""},{""family"":""MECHANICAL"",""status"":""REQUIRED""},{""family"":""PLUMBING"",""status"":""REQUIRED""}]",0,0
cell-us-or-benton-county-residential-residential-building-construction-alteration-or-inspection-building,engine_luna,benchmarks/permit_accuracy_v1_1/raw_full_v11/cell-us-or-benton-county-residential-residential-building-construction-alteration-or-inspection-building__engine_luna.json,00cf93e71f276d3311c68fe1a38a55d8ccf3e64e4e53248ec24c23371644b141,b1977d0053306081a827c479e883a144a8a2630fbb9330fb7ede8e35f648430e,REQUIRED,REQUIRED,1,0,0,BUILDING,BUILDING,1,truth-incomplete,[],"[{""family"":""ELECTRICAL"",""status"":""REQUIRED""},{""family"":""MECHANICAL"",""status"":""REQUIRED""},{""family"":""PLUMBING"",""status"":""REQUIRED""}]",0,0
cell-us-pa-abington-twp-residential-kitchen-bath-remodel-building,luna,benchmarks/permit_accuracy_v1_1/raw_full_v11/cell-us-pa-abington-twp-residential-kitchen-bath-remodel-building__luna.json,0d0f8e709240ae413505e1a8cbceb3672736c9e6fa26b0d31aed0826652ad58e,a844535b21ca3bbc3821f4f1b186d589be98d86999ba008d45c3e9a03112ed14,REQUIRED,REQUIRED,1,0,0,BUILDING,BUILDING,1,truth-incomplete,[],"[{""family"":""ELECTRICAL"",""status"":""VERIFY""},{""family"":""MECHANICAL"",""status"":""VERIFY""},{""family"":""PLUMBING"",""status"":""VERIFY""}]",0,0
cell-us-pa-abington-twp-residential-kitchen-bath-remodel-building,grok,benchmarks/permit_accuracy_v1_1/raw_full_v11/cell-us-pa-abington-twp-residential-kitchen-bath-remodel-building__grok.json,ad455746b6e2ac66d8e5c33b1001408af8f7cd16a5d12e387fff9dcf5af365e1,5ee213d010e5b01bf66d63136235535814a0fc78b5bd68cefa93cbc1868408bf,REQUIRED,REQUIRED,1,0,0,BUILDING,BUILDING,1,truth-incomplete,[],"[{""family"":""ELECTRICAL"",""status"":""VERIFY""},{""family"":""FIRE_LIFE_SAFETY"",""status"":""VERIFY""},{""family"":""MECHANICAL"",""status"":""VERIFY""},{""family"":""PLUMBING"",""status"":""VERIFY""}]",0,0
cell-us-pa-abington-twp-residential-kitchen-bath-remodel-building,gemini,benchmarks/permit_accuracy_v1_1/raw_full_v11/cell-us-pa-abington-twp-residential-kitchen-bath-remodel-building__gemini.json,b772bcf871c2f4492a42ab8b50d2ae616769c457f3d4ae712b09bf0cd1e7c9dd,be68bbb253d1d52049c5b1ffb5ecefbeab581c7fdf875a9e99912586154e4c2b,REQUIRED,REQUIRED,1,0,0,BUILDING,BUILDING,1,truth-incomplete,[],[],1,0
cell-us-pa-abington-twp-residential-kitchen-bath-remodel-building,engine,benchmarks/permit_accuracy_v1_1/raw_full_v11/cell-us-pa-abington-twp-residential-kitchen-bath-remodel-building__engine.json,9c87cb8283cc9841b0fcea6019b2ce7a99a0d423d1e4f62d437b8f82536d6297,cf0e2da60080eb5135fee6b8c4cd97f90c2e68c9836fc9bb3ad99566732d7053,REQUIRED,REQUIRED,1,0,0,BUILDING,BUILDING,1,truth-incomplete,[],"[{""family"":""BUILDING"",""status"":""REQUIRED""},{""family"":""ELECTRICAL"",""status"":""REQUIRED""},{""family"":""MECHANICAL"",""status"":""REQUIRED""},{""family"":""PLUMBING"",""status"":""REQUIRED""}]",0,0
cell-us-pa-abington-twp-residential-kitchen-bath-remodel-building,engine_luna,benchmarks/permit_accuracy_v1_1/raw_full_v11/cell-us-pa-abington-twp-residential-kitchen-bath-remodel-building__engine_luna.json,c8bcbb92a473cea6ef9f7555455c38b663a44864c728f0f4cefbb2990cc76495,5717787b0564074230b62376e7d7190d3f39788125d54749949d4d2c5624b02c,REQUIRED,REQUIRED,1,0,0,BUILDING,BUILDING,1,truth-incomplete,[],"[{""family"":""BUILDING"",""status"":""REQUIRED""},{""family"":""ELECTRICAL"",""status"":""REQUIRED""},{""family"":""MECHANICAL"",""status"":""REQUIRED""},{""family"":""PLUMBING"",""status"":""REQUIRED""}]",0,0
cell-us-pa-allentown-commercial-commercial-tenant-improvement-building,luna,benchmarks/permit_accuracy_v1_1/raw_full_v11/cell-us-pa-allentown-commercial-commercial-tenant-improvement-building__luna.json,34f3a027aa7f8e17eac2530eb0f84deaacf1c5ae56324fca5b9a4b481cc57add,0d172177d4bf380af92800ac91e76bcc3591abdad7fd3e82fa595af019a0c22c,REQUIRED,REQUIRED,1,0,0,BUILDING,BUILDING,1,truth-incomplete,[],"[{""family"":""ELECTRICAL"",""status"":""VERIFY""},{""family"":""FIRE_LIFE_SAFETY"",""status"":""VERIFY""},{""family"":""MECHANICAL"",""status"":""VERIFY""},{""family"":""OCCUPANCY_CO"",""status"":""VERIFY""},{""family"":""PLUMBING"",""status"":""VERIFY""},{""family"":""ZONING_PLANNING"",""status"":""VERIFY""}]",0,0
cell-us-pa-allentown-commercial-commercial-tenant-improvement-building,grok,benchmarks/permit_accuracy_v1_1/raw_full_v11/cell-us-pa-allentown-commercial-commercial-tenant-improvement-building__grok.json,98c3f791ea3aba11537f982583d8846f8ca930db7b377306a0f5d1dd11a8e57c,afc1ac3401953046075c778c1d26241fc7dcdfd94f87c2fbddc8ddcdd4631f38,REQUIRED,REQUIRED,1,0,0,BUILDING,BUILDING,1,truth-incomplete,[],"[{""family"":""ELECTRICAL"",""status"":""VERIFY""},{""family"":""FIRE_LIFE_SAFETY"",""status"":""VERIFY""},{""family"":""MECHANICAL"",""status"":""VERIFY""},{""family"":""OCCUPANCY_CO"",""status"":""VERIFY""},{""family"":""PLUMBING"",""status"":""VERIFY""},{""family"":""ZONING_PLANNING"",""status"":""VERIFY""}]",0,0
cell-us-pa-allentown-commercial-commercial-tenant-improvement-building,gemini,benchmarks/permit_accuracy_v1_1/raw_full_v11/cell-us-pa-allentown-commercial-commercial-tenant-improvement-building__gemini.json,8750a87aad8131c627eb5b54e11e26741f5dfdb726dd3f8831894dcb0191159a,37b14e70a265ce258561285296b5c13a00fec79002ab0acaeb1afa1c88ec9ed2,REQUIRED,REQUIRED,1,0,0,BUILDING,BUILDING,1,truth-incomplete,[],[],1,0
cell-us-pa-allentown-commercial-commercial-tenant-improvement-building,engine,benchmarks/permit_accuracy_v1_1/raw_full_v11/cell-us-pa-allentown-commercial-commercial-tenant-improvement-building__engine.json,3ce73551d2965a18836a9dd48e46119a626ca2f4d50d8c9b1bcb4d77abeada34,3b86f064a06f80e0804285edd2a67348d2b3452f1257745720f716d23dfab74b,REQUIRED,REQUIRED,1,0,0,BUILDING,BUILDING,1,truth-incomplete,[],"[{""family"":""ACCESSIBILITY"",""status"":""CONDITIONAL""},{""family"":""ELECTRICAL"",""status"":""REQUIRED""},{""family"":""MECHANICAL"",""status"":""REQUIRED""},{""family"":""OCCUPANCY_CO"",""status"":""CONDITIONAL""},{""family"":""OTHER"",""status"":""VERIFY""},{""family"":""PLUMBING"",""status"":""REQUIRED""},{""family"":""ZONING_PLANNING"",""status"":""REQUIRED""}]",0,0
cell-us-pa-allentown-commercial-commercial-tenant-improvement-building,engine_luna,benchmarks/permit_accuracy_v1_1/raw_full_v11/cell-us-pa-allentown-commercial-commercial-tenant-improvement-building__engine_luna.json,a18ffa3e54b8e4cff9df7dba4ad594cf380419112664ff55c31a987efcfb73d7,f658551da087557957babd8f7037f1827eb8cb55e5383803a995fc8d3ba8220b,REQUIRED,REQUIRED,1,0,0,BUILDING,BUILDING,1,truth-incomplete,[],"[{""family"":""ACCESSIBILITY"",""status"":""CONDITIONAL""},{""family"":""ELECTRICAL"",""status"":""REQUIRED""},{""family"":""MECHANICAL"",""status"":""REQUIRED""},{""family"":""OCCUPANCY_CO"",""status"":""CONDITIONAL""},{""family"":""OTHER"",""status"":""VERIFY""},{""family"":""PLUMBING"",""status"":""REQUIRED""},{""family"":""ZONING_PLANNING"",""status"":""REQUIRED""}]",0,0
cell-us-ri-barrington-commercial-commercial-tenant-improvement-building,luna,benchmarks/permit_accuracy_v1_1/raw_full_v11/cell-us-ri-barrington-commercial-commercial-tenant-improvement-building__luna.json,29187451bc796c331aa9dda84e748795cd92e7e57bc982b2b510b1791504847b,20c86ef3417493a2ba62d769452a2197e0d5c8f91aeb27816fae7425a1d62bfc,REQUIRED,REQUIRED,1,0,0,BUILDING,BUILDING,1,truth-incomplete,[],"[{""family"":""ELECTRICAL"",""status"":""VERIFY""},{""family"":""FIRE_LIFE_SAFETY"",""status"":""VERIFY""},{""family"":""MECHANICAL"",""status"":""VERIFY""},{""family"":""OCCUPANCY_CO"",""status"":""VERIFY""},{""family"":""PLUMBING"",""status"":""VERIFY""},{""family"":""ZONING_PLANNING"",""status"":""VERIFY""}]",0,0
cell-us-ri-barrington-commercial-commercial-tenant-improvement-building,grok,benchmarks/permit_accuracy_v1_1/raw_full_v11/cell-us-ri-barrington-commercial-commercial-tenant-improvement-building__grok.json,1ccff06b2cd5d636f5a13bd9b6a043383a54c420f725681c2671c53e26b9f038,e8ea4d2520c845656d0a471bd90895573caa582b426b261216ac5d9da0f8b7af,REQUIRED,REQUIRED,1,0,0,BUILDING,BUILDING,1,truth-incomplete,[],"[{""family"":""ELECTRICAL"",""status"":""REQUIRED""},{""family"":""FIRE_LIFE_SAFETY"",""status"":""CONDITIONAL""},{""family"":""MECHANICAL"",""status"":""REQUIRED""},{""family"":""OCCUPANCY_CO"",""status"":""VERIFY""},{""family"":""PLUMBING"",""status"":""REQUIRED""},{""family"":""ZONING_PLANNING"",""status"":""VERIFY""}]",0,0
cell-us-ri-barrington-commercial-commercial-tenant-improvement-building,gemini,benchmarks/permit_accuracy_v1_1/raw_full_v11/cell-us-ri-barrington-commercial-commercial-tenant-improvement-building__gemini.json,ff8d27dd1c896b026d76b716b6f6ad1734c37c8156816de83381234301aa801c,e33cbe9dd4a4d5718a1e3e74212cb2005285271ba3f329a67e978dd508bd821d,REQUIRED,VERIFY,0,1,0,BUILDING,VERIFY,0,truth-incomplete,[],[],1,0
cell-us-ri-barrington-commercial-commercial-tenant-improvement-building,engine,benchmarks/permit_accuracy_v1_1/raw_full_v11/cell-us-ri-barrington-commercial-commercial-tenant-improvement-building__engine.json,7bb2891f198397986083baaf4513f1f8559dca9a9fa531cc1bf0816349b03235,41b0597ef4915e99bf0079ac8da9ccbd3a5825443b545acaf6b94355f6a569ed,REQUIRED,REQUIRED,1,0,0,BUILDING,BUILDING,1,truth-incomplete,[],"[{""family"":""ACCESSIBILITY"",""status"":""CONDITIONAL""},{""family"":""ELECTRICAL"",""status"":""REQUIRED""},{""family"":""MECHANICAL"",""status"":""REQUIRED""},{""family"":""OCCUPANCY_CO"",""status"":""CONDITIONAL""},{""family"":""OTHER"",""status"":""VERIFY""},{""family"":""PLUMBING"",""status"":""REQUIRED""},{""family"":""ZONING_PLANNING"",""status"":""REQUIRED""}]",0,0
cell-us-ri-barrington-commercial-commercial-tenant-improvement-building,engine_luna,benchmarks/permit_accuracy_v1_1/raw_full_v11/cell-us-ri-barrington-commercial-commercial-tenant-improvement-building__engine_luna.json,356ed933580032fb7f1b6ebb60296061ad6723ec9a10bdb9bab483d089367375,2c38bfba66853c46cbd062bae8bf6f7c9bcecc728dc91c856a9f5f72f8087d4e,REQUIRED,REQUIRED,1,0,0,BUILDING,BUILDING,1,truth-incomplete,[],"[{""family"":""ACCESSIBILITY"",""status"":""CONDITIONAL""},{""family"":""ELECTRICAL"",""status"":""REQUIRED""},{""family"":""MECHANICAL"",""status"":""REQUIRED""},{""family"":""OCCUPANCY_CO"",""status"":""CONDITIONAL""},{""family"":""OTHER"",""status"":""VERIFY""},{""family"":""PLUMBING"",""status"":""REQUIRED""},{""family"":""ZONING_PLANNING"",""status"":""REQUIRED""}]",0,0
cell-us-sc-aiken-city-commercial-commercial-tenant-improvement-building,luna,benchmarks/permit_accuracy_v1_1/raw_full_v11/cell-us-sc-aiken-city-commercial-commercial-tenant-improvement-building__luna.json,fcd7ad2581f26f2d864c05cfbdcdd0608a94db9f7d4e2490de647ec47307dd40,e47ba76345b16351cdb444747fefee14b573dcfa1802a09acc2b330ae54dce0b,REQUIRED,REQUIRED,1,0,0,BUILDING,BUILDING,1,truth-incomplete,[],"[{""family"":""ELECTRICAL"",""status"":""VERIFY""},{""family"":""FIRE_LIFE_SAFETY"",""status"":""VERIFY""},{""family"":""MECHANICAL"",""status"":""VERIFY""},{""family"":""OCCUPANCY_CO"",""status"":""VERIFY""},{""family"":""PLUMBING"",""status"":""VERIFY""},{""family"":""ZONING_PLANNING"",""status"":""VERIFY""}]",0,0
cell-us-sc-aiken-city-commercial-commercial-tenant-improvement-building,grok,benchmarks/permit_accuracy_v1_1/raw_full_v11/cell-us-sc-aiken-city-commercial-commercial-tenant-improvement-building__grok.json,87dc0f75040e8e034c73fa6bd3568bc67abcabba12b891c6fb8e83cb3acd741e,27f60724964a316897ef5c163854b5aba375da6ad4cb932fafb4cf8886c3933a,REQUIRED,REQUIRED,1,0,0,BUILDING,BUILDING,1,truth-incomplete,[],"[{""family"":""ELECTRICAL"",""status"":""VERIFY""},{""family"":""FIRE_LIFE_SAFETY"",""status"":""VERIFY""},{""family"":""MECHANICAL"",""status"":""VERIFY""},{""family"":""OCCUPANCY_CO"",""status"":""VERIFY""},{""family"":""PLUMBING"",""status"":""VERIFY""},{""family"":""ZONING_PLANNING"",""status"":""VERIFY""}]",0,0
cell-us-sc-aiken-city-commercial-commercial-tenant-improvement-building,gemini,benchmarks/permit_accuracy_v1_1/raw_full_v11/cell-us-sc-aiken-city-commercial-commercial-tenant-improvement-building__gemini.json,03a780e388e9c7c15bcc995d3ddb7b4e2b76885598b7315168665eb49a30ebc3,2c3d4139e629347f7a99141343b3dd92c6201142dc44d681ddb40be9c53c8de8,REQUIRED,REQUIRED,1,0,0,BUILDING,BUILDING,1,truth-incomplete,[],[],1,0
cell-us-sc-aiken-city-commercial-commercial-tenant-improvement-building,engine,benchmarks/permit_accuracy_v1_1/raw_full_v11/cell-us-sc-aiken-city-commercial-commercial-tenant-improvement-building__engine.json,f9c1fa808337b5e48e54544e3c37435acc74afb70b7f13797bdcec783d900a58,7ea1c55efa190510c8999054dfbe14b177c5d2670d56240163c8f5688a7c70de,REQUIRED,REQUIRED,1,0,0,BUILDING,BUILDING,1,truth-incomplete,[],"[{""family"":""ACCESSIBILITY"",""status"":""CONDITIONAL""},{""family"":""ELECTRICAL"",""status"":""REQUIRED""},{""family"":""MECHANICAL"",""status"":""REQUIRED""},{""family"":""OCCUPANCY_CO"",""status"":""CONDITIONAL""},{""family"":""OTHER"",""status"":""VERIFY""},{""family"":""PLUMBING"",""status"":""REQUIRED""},{""family"":""ZONING_PLANNING"",""status"":""REQUIRED""}]",0,0
cell-us-sc-aiken-city-commercial-commercial-tenant-improvement-building,engine_luna,benchmarks/permit_accuracy_v1_1/raw_full_v11/cell-us-sc-aiken-city-commercial-commercial-tenant-improvement-building__engine_luna.json,12071ccae1bffe1e4012a47d51a5e22692a5f6d32279e5d664bd61230998a8d9,e34ff7f23432c1d784d6c9d665de02a1fd32112ae6fa146fce85a8cb6592fe76,REQUIRED,REQUIRED,1,0,0,BUILDING,BUILDING,1,truth-incomplete,[],"[{""family"":""ACCESSIBILITY"",""status"":""CONDITIONAL""},{""family"":""ELECTRICAL"",""status"":""REQUIRED""},{""family"":""MECHANICAL"",""status"":""REQUIRED""},{""family"":""OCCUPANCY_CO"",""status"":""CONDITIONAL""},{""family"":""OTHER"",""status"":""VERIFY""},{""family"":""PLUMBING"",""status"":""REQUIRED""},{""family"":""ZONING_PLANNING"",""status"":""REQUIRED""}]",0,0
cell-us-sc-anderson-county-residential-residential-building-construction-alteration-or-inspection-building,luna,benchmarks/permit_accuracy_v1_1/raw_full_v11/cell-us-sc-anderson-county-residential-residential-building-construction-alteration-or-inspection-building__luna.json,c5cefaeedb44e1a71acb45ed2661bd4552f337300198f6d1d2830f16b8876403,4ee58edad62fc1549dc5b3271c83846262f51aa4387bc92ff71d1e8babda6596,REQUIRED,VERIFY,0,1,0,BUILDING,VERIFY,0,metric-eligible,"[{""family"":""ELECTRICAL"",""status"":""CONDITIONAL""},{""family"":""MECHANICAL"",""status"":""CONDITIONAL""},{""family"":""PLUMBING"",""status"":""CONDITIONAL""}]","[{""family"":""ELECTRICAL"",""status"":""VERIFY""},{""family"":""MECHANICAL"",""status"":""VERIFY""},{""family"":""PLUMBING"",""status"":""VERIFY""}]",0,1
cell-us-sc-anderson-county-residential-residential-building-construction-alteration-or-inspection-building,grok,benchmarks/permit_accuracy_v1_1/raw_full_v11/cell-us-sc-anderson-county-residential-residential-building-construction-alteration-or-inspection-building__grok.json,e91e4e356762f0c313f5324a99297f69620b9af0494cc63b37e2a4bd0f242f6b,936e50dfb074628f12840af9b5d0bd6b12125e33c4fc0c9c7a64b558344990a5,REQUIRED,VERIFY,0,1,0,BUILDING,BUILDING,1,metric-eligible,"[{""family"":""ELECTRICAL"",""status"":""CONDITIONAL""},{""family"":""MECHANICAL"",""status"":""CONDITIONAL""},{""family"":""PLUMBING"",""status"":""CONDITIONAL""}]","[{""family"":""ELECTRICAL"",""status"":""VERIFY""},{""family"":""MECHANICAL"",""status"":""VERIFY""},{""family"":""PLUMBING"",""status"":""VERIFY""}]",0,1
cell-us-sc-anderson-county-residential-residential-building-construction-alteration-or-inspection-building,gemini,benchmarks/permit_accuracy_v1_1/raw_full_v11/cell-us-sc-anderson-county-residential-residential-building-construction-alteration-or-inspection-building__gemini.json,dd06f85328d0c71bdd77fe7b98687b0f2846422a8d1292cbbaaa8d8fb79eefdd,334b4b69a451bc43ad5df13ebec5c6e91a1a1cc696a54867a4a6db90b8f809c4,REQUIRED,VERIFY,0,1,0,BUILDING,BUILDING,1,metric-eligible,"[{""family"":""ELECTRICAL"",""status"":""CONDITIONAL""},{""family"":""MECHANICAL"",""status"":""CONDITIONAL""},{""family"":""PLUMBING"",""status"":""CONDITIONAL""}]","[{""family"":""ELECTRICAL"",""status"":""VERIFY""},{""family"":""MECHANICAL"",""status"":""VERIFY""},{""family"":""PLUMBING"",""status"":""VERIFY""}]",0,1
cell-us-sc-anderson-county-residential-residential-building-construction-alteration-or-inspection-building,engine,benchmarks/permit_accuracy_v1_1/raw_full_v11/cell-us-sc-anderson-county-residential-residential-building-construction-alteration-or-inspection-building__engine.json,b39c87edd8516ca45abcd0bef5d1e3529910eada0aebbb3a59dd7db421c5d1a5,1c72f94844b48575e75a92d7e23c2293591effe896387e0bb263140c9b63ca14,REQUIRED,REQUIRED,1,0,0,BUILDING,BUILDING,1,metric-eligible,"[{""family"":""ELECTRICAL"",""status"":""CONDITIONAL""},{""family"":""MECHANICAL"",""status"":""CONDITIONAL""},{""family"":""PLUMBING"",""status"":""CONDITIONAL""}]","[{""family"":""ELECTRICAL"",""status"":""REQUIRED""},{""family"":""MECHANICAL"",""status"":""REQUIRED""},{""family"":""PLUMBING"",""status"":""REQUIRED""}]",0,1
cell-us-sc-anderson-county-residential-residential-building-construction-alteration-or-inspection-building,engine_luna,benchmarks/permit_accuracy_v1_1/raw_full_v11/cell-us-sc-anderson-county-residential-residential-building-construction-alteration-or-inspection-building__engine_luna.json,1588fc02290af58d042b53f2ee22e048f78d03c703b70c35e8c4c7fe7bb96761,2483ac5ffce0a929bbfda816c13b41a167182758bbdfb116969214ffb87286d5,REQUIRED,REQUIRED,1,0,0,BUILDING,BUILDING,1,metric-eligible,"[{""family"":""ELECTRICAL"",""status"":""CONDITIONAL""},{""family"":""MECHANICAL"",""status"":""CONDITIONAL""},{""family"":""PLUMBING"",""status"":""CONDITIONAL""}]","[{""family"":""ELECTRICAL"",""status"":""REQUIRED""},{""family"":""MECHANICAL"",""status"":""REQUIRED""},{""family"":""PLUMBING"",""status"":""REQUIRED""}]",0,1
cell-us-sd-belle-fourche-commercial-commercial-tenant-improvement-building,luna,benchmarks/permit_accuracy_v1_1/raw_full_v11/cell-us-sd-belle-fourche-commercial-commercial-tenant-improvement-building__luna.json,b5c601ff4035a41aa824619138a56b716f9ec5a2efc9fb7bc3aed2f1d03c2a9e,f3626de3e830f24565c312245c4451165e2438226b2a16a8dc6f9ddbbdc37ad8,REQUIRED,VERIFY,0,1,0,BUILDING,VERIFY,0,truth-incomplete,[],"[{""family"":""ELECTRICAL"",""status"":""VERIFY""},{""family"":""FIRE_LIFE_SAFETY"",""status"":""VERIFY""},{""family"":""MECHANICAL"",""status"":""VERIFY""},{""family"":""OCCUPANCY_CO"",""status"":""VERIFY""},{""family"":""PLUMBING"",""status"":""VERIFY""},{""family"":""ZONING_PLANNING"",""status"":""VERIFY""}]",0,0
cell-us-sd-belle-fourche-commercial-commercial-tenant-improvement-building,grok,benchmarks/permit_accuracy_v1_1/raw_full_v11/cell-us-sd-belle-fourche-commercial-commercial-tenant-improvement-building__grok.json,63abfae6178662c30b93a93d8f06b3c22ce313756f8b34c44d06b933f802a590,11e0161436bcec42721215353d6a1fe2247c89c26b87ea51c574e7c27db77e9a,REQUIRED,VERIFY,0,1,0,BUILDING,VERIFY,0,truth-incomplete,[],"[{""family"":""BUILDING"",""status"":""VERIFY""},{""family"":""ELECTRICAL"",""status"":""VERIFY""},{""family"":""FIRE_LIFE_SAFETY"",""status"":""VERIFY""},{""family"":""MECHANICAL"",""status"":""VERIFY""},{""family"":""OCCUPANCY_CO"",""status"":""VERIFY""},{""family"":""PLUMBING"",""status"":""VERIFY""},{""family"":""ZONING_PLANNING"",""status"":""VERIFY""}]",0,0
cell-us-sd-belle-fourche-commercial-commercial-tenant-improvement-building,gemini,benchmarks/permit_accuracy_v1_1/raw_full_v11/cell-us-sd-belle-fourche-commercial-commercial-tenant-improvement-building__gemini.json,f5fe73317c5b5b1a34cd890088d7a410e035052ff870391aa7e6d5bbca625235,4b9fef67a2a4fc75f7ae0e5a9b81e4862e0f6f4a696f3e707ecd7cc833bc74c8,REQUIRED,VERIFY,0,1,0,BUILDING,VERIFY,0,truth-incomplete,[],[],1,0
cell-us-sd-belle-fourche-commercial-commercial-tenant-improvement-building,engine,benchmarks/permit_accuracy_v1_1/raw_full_v11/cell-us-sd-belle-fourche-commercial-commercial-tenant-improvement-building__engine.json,f3b9c1f771e4f39d4b13eafa2b8bf5e38f1ff048598f95d95946d3fb7448ad32,38a43f16bcaab263a3b7d585b31aa93a27ed0c9aa8b23f38007e7b35a627aef3,REQUIRED,REQUIRED,1,0,0,BUILDING,BUILDING,1,truth-incomplete,[],"[{""family"":""ACCESSIBILITY"",""status"":""CONDITIONAL""},{""family"":""ELECTRICAL"",""status"":""REQUIRED""},{""family"":""MECHANICAL"",""status"":""REQUIRED""},{""family"":""OCCUPANCY_CO"",""status"":""CONDITIONAL""},{""family"":""OTHER"",""status"":""VERIFY""},{""family"":""PLUMBING"",""status"":""REQUIRED""},{""family"":""ZONING_PLANNING"",""status"":""REQUIRED""}]",0,0
cell-us-sd-belle-fourche-commercial-commercial-tenant-improvement-building,engine_luna,benchmarks/permit_accuracy_v1_1/raw_full_v11/cell-us-sd-belle-fourche-commercial-commercial-tenant-improvement-building__engine_luna.json,0cafecf46a2ad286dfd0efbaead262068191411292dd89391eb1e1792bed3c31,20b051fb68f9eae905aaffac3cf8dcba497918209e090bbcbea766b89518b6c2,REQUIRED,REQUIRED,1,0,0,BUILDING,BUILDING,1,truth-incomplete,[],"[{""family"":""ACCESSIBILITY"",""status"":""CONDITIONAL""},{""family"":""BUILDING"",""status"":""VERIFY""},{""family"":""ELECTRICAL"",""status"":""REQUIRED""},{""family"":""MECHANICAL"",""status"":""REQUIRED""},{""family"":""OCCUPANCY_CO"",""status"":""CONDITIONAL""},{""family"":""OTHER"",""status"":""VERIFY""},{""family"":""PLUMBING"",""status"":""REQUIRED""},{""family"":""ZONING_PLANNING"",""status"":""REQUIRED""}]",0,0
cell-us-sd-huron--new-construction-structural-change-or-remodel--building,luna,benchmarks/permit_accuracy_v1_1/raw_full_v11/cell-us-sd-huron--new-construction-structural-change-or-remodel--building__luna.json,5e1539f888d0f23e191746902661392aeca6e366d5eaea1663059662f26897ce,02d2ea48dcbb387a3506140b0b352e6c73980b75caa67552b7b67e8afd8d8174,REQUIRED,REQUIRED,1,0,0,BUILDING,BUILDING,1,truth-incomplete,[],[],1,0
cell-us-sd-huron--new-construction-structural-change-or-remodel--building,grok,benchmarks/permit_accuracy_v1_1/raw_full_v11/cell-us-sd-huron--new-construction-structural-change-or-remodel--building__grok.json,38cd45baddc70edd889e0eab795606c1cd8ff4bd4a254f9359e559e135dcf040,74978de8c1acad5ddfaddf16094eff82e916002b81a9744e2a7c0ac3a8c3c95d,REQUIRED,REQUIRED,1,0,0,BUILDING,BUILDING,1,truth-incomplete,[],[],1,0
cell-us-sd-huron--new-construction-structural-change-or-remodel--building,gemini,benchmarks/permit_accuracy_v1_1/raw_full_v11/cell-us-sd-huron--new-construction-structural-change-or-remodel--building__gemini.json,7b854311172464dd7e306fc4f97fb758f4eba5395c162710f522ef17de9ae804,42c30b840c94791628939587a3fb46194f3d9d8a1fd20b58f65503d8a83e2091,REQUIRED,REQUIRED,1,0,0,BUILDING,BUILDING,1,truth-incomplete,[],[],1,0
cell-us-sd-huron--new-construction-structural-change-or-remodel--building,engine,benchmarks/permit_accuracy_v1_1/raw_full_v11/cell-us-sd-huron--new-construction-structural-change-or-remodel--building__engine.json,9018713d38e11dc5102a2c7ca5dea616d42cbed4bd95c8b9a6630f181574c75b,7e36c3c014e2766934ff738bf28fd9625df19deb2fa979c176a248e6d1516078,REQUIRED,REQUIRED,1,0,0,BUILDING,BUILDING,1,truth-incomplete,[],[],1,0
cell-us-sd-huron--new-construction-structural-change-or-remodel--building,engine_luna,benchmarks/permit_accuracy_v1_1/raw_full_v11/cell-us-sd-huron--new-construction-structural-change-or-remodel--building__engine_luna.json,8db10ce105c48e22d01382b6701ccee9896bb8c387a3f6b2bf562a58af20f895,2d09ae64eb51a142f957953dd8c3afec752f69f3d9ffb40a1f5b160baac5b537,REQUIRED,REQUIRED,1,0,0,BUILDING,BUILDING,1,truth-incomplete,[],[],1,0
cell-us-sd-milbank--building-or-site-work--building,luna,benchmarks/permit_accuracy_v1_1/raw_full_v11/cell-us-sd-milbank--building-or-site-work--building__luna.json,ccb43110815e7747b6faca4079c00fd60eb6981d3b8afbf4e6abde9cfea7a54c,203962acd75a0a82bed98979bb118e75c05b91925f5b7c3c99a8902332c7da9b,REQUIRED,REQUIRED,1,0,0,BUILDING,BUILDING,1,truth-incomplete,[],[],1,0
cell-us-sd-milbank--building-or-site-work--building,grok,benchmarks/permit_accuracy_v1_1/raw_full_v11/cell-us-sd-milbank--building-or-site-work--building__grok.json,c11849771a71da5019b639ac8cdccf113c5de42424fb05fc31e69444acd8f175,797a81fe81b12352a635bd3b7e92868bd5d977432d2818de3396865c7ed2a0dd,REQUIRED,REQUIRED,1,0,0,BUILDING,BUILDING,1,truth-incomplete,[],[],1,0
cell-us-sd-milbank--building-or-site-work--building,gemini,benchmarks/permit_accuracy_v1_1/raw_full_v11/cell-us-sd-milbank--building-or-site-work--building__gemini.json,2999cb5e84d2c7fde1bd6a1d0c94819c3fe11c04b457c6bac2408baabc012aec,58cc155ab55f98b6993526154c81ad255f60912ba6b6c494b77291fbead80a19,REQUIRED,REQUIRED,1,0,0,BUILDING,BUILDING,1,truth-incomplete,[],[],1,0
cell-us-sd-milbank--building-or-site-work--building,engine,benchmarks/permit_accuracy_v1_1/raw_full_v11/cell-us-sd-milbank--building-or-site-work--building__engine.json,f3a137ef0cbbb475e406110286da70dcf048775e08771dac9cc027889f7df750,f975383b4206e81e8774fcc6cd801e6c1aa5ab8d9c54f82cf48294822e072b4a,REQUIRED,REQUIRED,1,0,0,BUILDING,BUILDING,1,truth-incomplete,[],[],1,0
cell-us-sd-milbank--building-or-site-work--building,engine_luna,benchmarks/permit_accuracy_v1_1/raw_full_v11/cell-us-sd-milbank--building-or-site-work--building__engine_luna.json,0949c7401996f2fc1fb62da24f5e660b73b60ec98095eb8a4a90a1102d64b61f,e22830dfc22d5c4554f11fa20fdb751502f37b2aea9327a6f1ff1e6f07abd11e,REQUIRED,REQUIRED,1,0,0,BUILDING,BUILDING,1,truth-incomplete,[],[],1,0
cell-us-sd-north-sioux-city--building-project-or-renovation--building,luna,benchmarks/permit_accuracy_v1_1/raw_full_v11/cell-us-sd-north-sioux-city--building-project-or-renovation--building__luna.json,016e4bfa437e54a7d90cb77690e8d4f9e494065071ad1467e889e7df36016e55,af5451e39c0fdbc4ca54427aefb2fe02ffc18c78aa859e3af80a5a18ab548271,REQUIRED,REQUIRED,1,0,0,BUILDING,BUILDING,1,truth-incomplete,[],"[{""family"":""ELECTRICAL"",""status"":""VERIFY""},{""family"":""MECHANICAL"",""status"":""VERIFY""},{""family"":""OTHER"",""status"":""VERIFY""},{""family"":""PLUMBING"",""status"":""VERIFY""}]",0,0
cell-us-sd-north-sioux-city--building-project-or-renovation--building,grok,benchmarks/permit_accuracy_v1_1/raw_full_v11/cell-us-sd-north-sioux-city--building-project-or-renovation--building__grok.json,676f5205986b6bf557db84f6ac7b22912b695e97c55fd4f9f986f7d5ea5db551,a3caf9270d02ee7b24c3d9944161585d012e877777a16724e96af0d325cdf60f,REQUIRED,REQUIRED,1,0,0,BUILDING,BUILDING,1,truth-incomplete,[],"[{""family"":""ELECTRICAL"",""status"":""VERIFY""},{""family"":""FIRE_LIFE_SAFETY"",""status"":""VERIFY""},{""family"":""MECHANICAL"",""status"":""VERIFY""},{""family"":""PLUMBING"",""status"":""VERIFY""}]",0,0
cell-us-sd-north-sioux-city--building-project-or-renovation--building,gemini,benchmarks/permit_accuracy_v1_1/raw_full_v11/cell-us-sd-north-sioux-city--building-project-or-renovation--building__gemini.json,4a94683a45ea9473e8c7bfc097c097701a102767db2ba326030ab20be00978f1,8fa81052186722d7a9ddb69fd0f4dd55845d948487ae0d5e2dbf0c08b5f65cf1,REQUIRED,REQUIRED,1,0,0,BUILDING,BUILDING,1,truth-incomplete,[],"[{""family"":""ELECTRICAL"",""status"":""VERIFY""},{""family"":""MECHANICAL"",""status"":""VERIFY""},{""family"":""PLUMBING"",""status"":""VERIFY""}]",0,0
cell-us-sd-north-sioux-city--building-project-or-renovation--building,engine,benchmarks/permit_accuracy_v1_1/raw_full_v11/cell-us-sd-north-sioux-city--building-project-or-renovation--building__engine.json,67a6d60f4a38dbe6c2900806fc2e37d98ffab0f259deda0c4440d5a6b44dbbc1,848ea153c80d456147ce22630239b7e2da739b1b4e435719857c96f7a917da4f,REQUIRED,REQUIRED,1,0,0,BUILDING,BUILDING,1,truth-incomplete,[],"[{""family"":""BUILDING"",""status"":""REQUIRED""},{""family"":""ELECTRICAL"",""status"":""REQUIRED""},{""family"":""MECHANICAL"",""status"":""REQUIRED""},{""family"":""PLUMBING"",""status"":""REQUIRED""}]",0,0
cell-us-sd-north-sioux-city--building-project-or-renovation--building,engine_luna,benchmarks/permit_accuracy_v1_1/raw_full_v11/cell-us-sd-north-sioux-city--building-project-or-renovation--building__engine_luna.json,7bf1865cb6a637b246c2aa178f19139b10c5ce79b159503a6ad55aa1605d8186,6110bc76dfea5185fc05a51dee0e785b45d059a39ba3b475ade1f8088226ef3b,REQUIRED,REQUIRED,1,0,0,BUILDING,BUILDING,1,truth-incomplete,[],"[{""family"":""BUILDING"",""status"":""REQUIRED""},{""family"":""ELECTRICAL"",""status"":""REQUIRED""},{""family"":""MECHANICAL"",""status"":""REQUIRED""},{""family"":""PLUMBING"",""status"":""REQUIRED""}]",0,0
cell-us-sd-vermillion--building-or-remodel-work--building,luna,benchmarks/permit_accuracy_v1_1/raw_full_v11/cell-us-sd-vermillion--building-or-remodel-work--building__luna.json,e0a1641429c71b37da50520a9cef2c5c3257cae3482ef335074617b2a437bc5f,3f3c2ad921ec4f82da3bd5630308f7bfb2a04f173953dd5074c4929280d89b19,REQUIRED,REQUIRED,1,0,0,BUILDING,BUILDING,1,truth-incomplete,[],[],1,0
cell-us-sd-vermillion--building-or-remodel-work--building,grok,benchmarks/permit_accuracy_v1_1/raw_full_v11/cell-us-sd-vermillion--building-or-remodel-work--building__grok.json,316389b005c96959eabf0b0f2ba54ede362bc4bce3a29cf21207eaf98805895c,413afb662189a9c2754867613cdc9d4c1b05f555309bc16dc8cfda3c8d1b13b3,REQUIRED,REQUIRED,1,0,0,BUILDING,BUILDING,1,truth-incomplete,[],[],1,0
cell-us-sd-vermillion--building-or-remodel-work--building,gemini,benchmarks/permit_accuracy_v1_1/raw_full_v11/cell-us-sd-vermillion--building-or-remodel-work--building__gemini.json,0d4d0e1c8c8040e15ab130af4d00808f9dc05928741ebd2e6d5757a1032c33b5,156f0dee09f5b6c0eff70a8f0a45a75fb83616a2c2a4b90d9ac5d4283b276236,REQUIRED,REQUIRED,1,0,0,BUILDING,BUILDING,1,truth-incomplete,[],[],1,0
cell-us-sd-vermillion--building-or-remodel-work--building,engine,benchmarks/permit_accuracy_v1_1/raw_full_v11/cell-us-sd-vermillion--building-or-remodel-work--building__engine.json,fb06a43fa47b5430f265d0a0e39da5b3ec9ded503b842ca1bfd646b715f1e7f7,781d71529fd88d81252bf8d160b67402e286baf97e8df18614aa6b10d3c6f123,REQUIRED,REQUIRED,1,0,0,BUILDING,BUILDING,1,truth-incomplete,[],[],1,0
cell-us-sd-vermillion--building-or-remodel-work--building,engine_luna,benchmarks/permit_accuracy_v1_1/raw_full_v11/cell-us-sd-vermillion--building-or-remodel-work--building__engine_luna.json,f1b38095c67ecd3df60044e064a1f8bd5115ee8bd0449be5c8c53ffcc0ae327e,4d89651483c5e2867a126fe40965666487fe7fa6cd2135eaa9613e667601eaa5,REQUIRED,REQUIRED,1,0,0,BUILDING,BUILDING,1,truth-incomplete,[],[],1,0
cell-us-sd-volga--building-or-remodel-project--building,luna,benchmarks/permit_accuracy_v1_1/raw_full_v11/cell-us-sd-volga--building-or-remodel-project--building__luna.json,ed6611846d9c99f26d0e9a2730fec1cb12ce43935ea0badcb33c3b0fe74d4a4e,9ac4c978c83c5a42bb5b83ee55176dcdb5706dbd05e74d28467d43be6c61f651,REQUIRED,REQUIRED,1,0,0,BUILDING,BUILDING,1,truth-incomplete,[],[],1,0
cell-us-sd-volga--building-or-remodel-project--building,grok,benchmarks/permit_accuracy_v1_1/raw_full_v11/cell-us-sd-volga--building-or-remodel-project--building__grok.json,0af4cbc1d90013a165bdaefb5fc51d52d8405389e1f3fcf79d98dd68ff99b690,8890e51e5855e6d9ebd30b5909e394b2e3e3a4ffec0cffc6a34079dabc4badc4,REQUIRED,REQUIRED,1,0,0,BUILDING,BUILDING,1,truth-incomplete,[],[],1,0
cell-us-sd-volga--building-or-remodel-project--building,gemini,benchmarks/permit_accuracy_v1_1/raw_full_v11/cell-us-sd-volga--building-or-remodel-project--building__gemini.json,1bdcfbc301c508eaa067de11f9db23fab21a86e355abc1caf06df0f37494dcfb,2cbc5e06a9999b04e00e0170278f4e1973f857d407dd3ded49db8f508b384c06,REQUIRED,REQUIRED,1,0,0,BUILDING,BUILDING,1,truth-incomplete,[],[],1,0
cell-us-sd-volga--building-or-remodel-project--building,engine,benchmarks/permit_accuracy_v1_1/raw_full_v11/cell-us-sd-volga--building-or-remodel-project--building__engine.json,f4e5467464eb2458e0a6540418cafde6ccafdeb6685186694bb21c1d64373eb1,422462fc762d32db5ba6156457fbb3a9573c8cb41accf169d4f9221282b239df,REQUIRED,REQUIRED,1,0,0,BUILDING,BUILDING,1,truth-incomplete,[],[],1,0
cell-us-sd-volga--building-or-remodel-project--building,engine_luna,benchmarks/permit_accuracy_v1_1/raw_full_v11/cell-us-sd-volga--building-or-remodel-project--building__engine_luna.json,5443a8f85b5e55adda7a25077607481fda7035bd9b9dc290093172bfe0a8ed0d,6a6ca489980f3b92f1271fba9878d7e1169d9617f6fb92873a407adebd13c549,REQUIRED,REQUIRED,1,0,0,BUILDING,BUILDING,1,truth-incomplete,[],[],1,0
cell-us-tn-anderson-county-commercial-commercial-tenant-improvement-building,luna,benchmarks/permit_accuracy_v1_1/raw_full_v11/cell-us-tn-anderson-county-commercial-commercial-tenant-improvement-building__luna.json,aa3e06b27ea26ef94b234f63e9810826c29af6f627dd0210d27b7d476a92b07b,6bc8450001e6c9400bf354ec7761b4596cc1f1e796c8d3fceaa9fbe437567748,REQUIRED,REQUIRED,1,0,0,BUILDING,BUILDING,1,truth-incomplete,[],"[{""family"":""ELECTRICAL"",""status"":""VERIFY""},{""family"":""FIRE_LIFE_SAFETY"",""status"":""VERIFY""},{""family"":""MECHANICAL"",""status"":""VERIFY""},{""family"":""OCCUPANCY_CO"",""status"":""VERIFY""},{""family"":""PLUMBING"",""status"":""VERIFY""},{""family"":""ZONING_PLANNING"",""status"":""VERIFY""}]",0,0
cell-us-tn-anderson-county-commercial-commercial-tenant-improvement-building,grok,benchmarks/permit_accuracy_v1_1/raw_full_v11/cell-us-tn-anderson-county-commercial-commercial-tenant-improvement-building__grok.json,0cce26080f08facbec3c95cf8fb9e13f2c2d9b0eaf67fe793573b5db68329913,5d3057dd87363897ab1dcabe7d6df3171cf28c13e1660282b747bf23845be0d5,REQUIRED,REQUIRED,1,0,0,BUILDING,BUILDING,1,truth-incomplete,[],"[{""family"":""ELECTRICAL"",""status"":""VERIFY""},{""family"":""FIRE_LIFE_SAFETY"",""status"":""VERIFY""},{""family"":""MECHANICAL"",""status"":""VERIFY""},{""family"":""OCCUPANCY_CO"",""status"":""VERIFY""},{""family"":""PLUMBING"",""status"":""VERIFY""},{""family"":""ZONING_PLANNING"",""status"":""VERIFY""}]",0,0
cell-us-tn-anderson-county-commercial-commercial-tenant-improvement-building,gemini,benchmarks/permit_accuracy_v1_1/raw_full_v11/cell-us-tn-anderson-county-commercial-commercial-tenant-improvement-building__gemini.json,bbafebb37f8eba51418c0374f9fb33af8adf01e1ef3fa869e4f6b6017ba8b755,95cd686360be7d412476ed53e9e3b08032e908548964e8f0c776f5b64c70a037,REQUIRED,REQUIRED,1,0,0,BUILDING,BUILDING,1,truth-incomplete,[],[],1,0
cell-us-tn-anderson-county-commercial-commercial-tenant-improvement-building,engine,benchmarks/permit_accuracy_v1_1/raw_full_v11/cell-us-tn-anderson-county-commercial-commercial-tenant-improvement-building__engine.json,9dff73d102b9ae77b8ab4d2d2c504113248b590fb675250a7a3bd9c7967836d2,73526254c0080ff039c4247f5b2b283a77d517494600f76c5d7537a04230f30e,REQUIRED,REQUIRED,1,0,0,BUILDING,BUILDING,1,truth-incomplete,[],"[{""family"":""ACCESSIBILITY"",""status"":""CONDITIONAL""},{""family"":""ELECTRICAL"",""status"":""REQUIRED""},{""family"":""MECHANICAL"",""status"":""REQUIRED""},{""family"":""OCCUPANCY_CO"",""status"":""CONDITIONAL""},{""family"":""OTHER"",""status"":""VERIFY""},{""family"":""PLUMBING"",""status"":""REQUIRED""},{""family"":""ZONING_PLANNING"",""status"":""REQUIRED""}]",0,0
cell-us-tn-anderson-county-commercial-commercial-tenant-improvement-building,engine_luna,benchmarks/permit_accuracy_v1_1/raw_full_v11/cell-us-tn-anderson-county-commercial-commercial-tenant-improvement-building__engine_luna.json,4c106de517ed892b864495f8476b1d633eaf2491cad15cfe26f503d2391d98bf,53f3b9cc8c22d64d50610b8af4bbd05ed67d1c796b3241fe19bd05138c1ac0fb,REQUIRED,REQUIRED,1,0,0,BUILDING,BUILDING,1,truth-incomplete,[],"[{""family"":""ACCESSIBILITY"",""status"":""CONDITIONAL""},{""family"":""ELECTRICAL"",""status"":""REQUIRED""},{""family"":""MECHANICAL"",""status"":""REQUIRED""},{""family"":""OCCUPANCY_CO"",""status"":""CONDITIONAL""},{""family"":""OTHER"",""status"":""VERIFY""},{""family"":""PLUMBING"",""status"":""REQUIRED""},{""family"":""ZONING_PLANNING"",""status"":""REQUIRED""}]",0,0
cell-us-tx-abilene-residential-residential-structure-building,luna,benchmarks/permit_accuracy_v1_1/raw_full_v11/cell-us-tx-abilene-residential-residential-structure-building__luna.json,67255005717dedb33d0465523f443e33a5bf07313af9242694d005298326ad53,220be5e672b02597960437dd0f82a71cec2a3efd26d5533e1200032add303077,REQUIRED,VERIFY,0,1,0,BUILDING,BUILDING,1,truth-incomplete,[],"[{""family"":""ELECTRICAL"",""status"":""VERIFY""},{""family"":""FIRE_LIFE_SAFETY"",""status"":""VERIFY""},{""family"":""GAS"",""status"":""VERIFY""},{""family"":""MECHANICAL"",""status"":""VERIFY""},{""family"":""OCCUPANCY_CO"",""status"":""VERIFY""},{""family"":""PLUMBING"",""status"":""VERIFY""},{""family"":""ZONING_PLANNING"",""status"":""VERIFY""}]",0,0
cell-us-tx-abilene-residential-residential-structure-building,grok,benchmarks/permit_accuracy_v1_1/raw_full_v11/cell-us-tx-abilene-residential-residential-structure-building__grok.json,46f10f480237daf32d02c4ea4db2e2954a64b04be768e934e6e9ba2488133c8d,d3ec46544ce3a5eaa8ef0b788e7c924e7fc19fea01436995eb7345f6977ff960,REQUIRED,VERIFY,0,1,0,BUILDING,BUILDING,1,truth-incomplete,[],"[{""family"":""BUILDING"",""status"":""VERIFY""},{""family"":""ELECTRICAL"",""status"":""VERIFY""},{""family"":""MECHANICAL"",""status"":""VERIFY""},{""family"":""PLUMBING"",""status"":""VERIFY""}]",0,0
cell-us-tx-abilene-residential-residential-structure-building,gemini,benchmarks/permit_accuracy_v1_1/raw_full_v11/cell-us-tx-abilene-residential-residential-structure-building__gemini.json,3d24d147f23c41afa21057d44dce6593c111276bf7d5fb4425153e0ba664a574,aada140032c89cc4655c8fbbeb432efdff936301546c0d2d59a1db32c0bfe073,REQUIRED,VERIFY,0,1,0,BUILDING,VERIFY,0,truth-incomplete,[],[],1,0
cell-us-tx-abilene-residential-residential-structure-building,engine,benchmarks/permit_accuracy_v1_1/raw_full_v11/cell-us-tx-abilene-residential-residential-structure-building__engine.json,5dac2c6135c406f731466c22893b5180d0692031f8929eada1ddc72eeae4107c,7142bdc9032e0bac80b334ff2712f3c876fb432767a1604f07c21bf21feadead,REQUIRED,REQUIRED,1,0,0,BUILDING,BUILDING,1,truth-incomplete,[],"[{""family"":""ELECTRICAL"",""status"":""REQUIRED""},{""family"":""MECHANICAL"",""status"":""REQUIRED""},{""family"":""PLUMBING"",""status"":""REQUIRED""}]",0,0
cell-us-tx-abilene-residential-residential-structure-building,engine_luna,benchmarks/permit_accuracy_v1_1/raw_full_v11/cell-us-tx-abilene-residential-residential-structure-building__engine_luna.json,38781f05aedcaa89037a1f552f4977cda4edd17ac22c1ee9cb3c0e18007f2555,f1a3bd30e7dc4143341a14da731d03c86006b3a9377086c5ebe8e13ba5b40132,REQUIRED,REQUIRED,1,0,0,BUILDING,BUILDING,1,truth-incomplete,[],"[{""family"":""ELECTRICAL"",""status"":""REQUIRED""},{""family"":""MECHANICAL"",""status"":""REQUIRED""},{""family"":""PLUMBING"",""status"":""REQUIRED""}]",0,0
cell-us-tx-amarillo-commercial-commercial-tenant-improvement-building,luna,benchmarks/permit_accuracy_v1_1/raw_full_v11/cell-us-tx-amarillo-commercial-commercial-tenant-improvement-building__luna.json,39820564575eeb465c2ae1c4b823549541525f9fd3b950d0f95ce12ed3490ed0,c6c09daa8dd2dbea5db5be37a4ce80b1981f25fbc2076ef782ad7f2250da582e,REQUIRED,REQUIRED,1,0,0,BUILDING,BUILDING,1,truth-incomplete,[],"[{""family"":""ELECTRICAL"",""status"":""VERIFY""},{""family"":""FIRE_LIFE_SAFETY"",""status"":""VERIFY""},{""family"":""MECHANICAL"",""status"":""VERIFY""},{""family"":""OCCUPANCY_CO"",""status"":""VERIFY""},{""family"":""PLUMBING"",""status"":""VERIFY""},{""family"":""ZONING_PLANNING"",""status"":""VERIFY""}]",0,0
cell-us-tx-amarillo-commercial-commercial-tenant-improvement-building,grok,benchmarks/permit_accuracy_v1_1/raw_full_v11/cell-us-tx-amarillo-commercial-commercial-tenant-improvement-building__grok.json,d4b3289b38aaab001790a21f2b83d4daea1394077ed4254bff3dd163a834cae4,8a939254494e1d2ec08aa8ffd21fc731832702a8e65244c172c4b7e440c944db,REQUIRED,REQUIRED,1,0,0,BUILDING,BUILDING,1,truth-incomplete,[],"[{""family"":""ELECTRICAL"",""status"":""VERIFY""},{""family"":""FIRE_LIFE_SAFETY"",""status"":""VERIFY""},{""family"":""MECHANICAL"",""status"":""VERIFY""},{""family"":""OCCUPANCY_CO"",""status"":""REQUIRED""},{""family"":""PLUMBING"",""status"":""VERIFY""},{""family"":""ZONING_PLANNING"",""status"":""VERIFY""}]",0,0
cell-us-tx-amarillo-commercial-commercial-tenant-improvement-building,gemini,benchmarks/permit_accuracy_v1_1/raw_full_v11/cell-us-tx-amarillo-commercial-commercial-tenant-improvement-building__gemini.json,5fc7a5fd424d810f746370151017760a5de3b6cb4f5bb3d83159ab97deb444c4,c78303d34fa82138f5ab370b9e3be44440779f5f7ce6187eca2f1e463305a30d,REQUIRED,REQUIRED,1,0,0,BUILDING,BUILDING,1,truth-incomplete,[],"[{""family"":""ELECTRICAL"",""status"":""VERIFY""},{""family"":""FIRE_LIFE_SAFETY"",""status"":""VERIFY""},{""family"":""MECHANICAL"",""status"":""VERIFY""},{""family"":""OCCUPANCY_CO"",""status"":""VERIFY""},{""family"":""PLUMBING"",""status"":""VERIFY""},{""family"":""ZONING_PLANNING"",""status"":""VERIFY""}]",0,0
cell-us-tx-amarillo-commercial-commercial-tenant-improvement-building,engine,benchmarks/permit_accuracy_v1_1/raw_full_v11/cell-us-tx-amarillo-commercial-commercial-tenant-improvement-building__engine.json,15e5e03275fa001d58c1765dc5d6a4ff6e551201f8257833457516567a3e3cd8,ae91e4b2c770ec27778d914f8c9bb5b4f904c33e738caa1e6c6c6d69ef615dc0,REQUIRED,REQUIRED,1,0,0,BUILDING,BUILDING,1,truth-incomplete,[],"[{""family"":""ACCESSIBILITY"",""status"":""CONDITIONAL""},{""family"":""ELECTRICAL"",""status"":""REQUIRED""},{""family"":""MECHANICAL"",""status"":""REQUIRED""},{""family"":""OCCUPANCY_CO"",""status"":""CONDITIONAL""},{""family"":""OTHER"",""status"":""VERIFY""},{""family"":""PLUMBING"",""status"":""REQUIRED""},{""family"":""ZONING_PLANNING"",""status"":""REQUIRED""}]",0,0
cell-us-tx-amarillo-commercial-commercial-tenant-improvement-building,engine_luna,benchmarks/permit_accuracy_v1_1/raw_full_v11/cell-us-tx-amarillo-commercial-commercial-tenant-improvement-building__engine_luna.json,256251d0870ac7c5f7acc5d76f327763aa254613dfd43a36acf5e3a6268ee1d8,d33de92e0641ce8c0de9e0f65b3c0108fc861063c3360b9d2ade5716d137a4bf,REQUIRED,REQUIRED,1,0,0,BUILDING,BUILDING,1,truth-incomplete,[],"[{""family"":""ACCESSIBILITY"",""status"":""CONDITIONAL""},{""family"":""ELECTRICAL"",""status"":""REQUIRED""},{""family"":""MECHANICAL"",""status"":""REQUIRED""},{""family"":""OCCUPANCY_CO"",""status"":""CONDITIONAL""},{""family"":""OTHER"",""status"":""VERIFY""},{""family"":""PLUMBING"",""status"":""REQUIRED""},{""family"":""ZONING_PLANNING"",""status"":""REQUIRED""}]",0,0
cell-us-ut-american-fork-commercial-commercial-tenant-improvement-building,luna,benchmarks/permit_accuracy_v1_1/raw_full_v11/cell-us-ut-american-fork-commercial-commercial-tenant-improvement-building__luna.json,767fd12fef4001235952c1bb2419ff2382f7d01d5a668a83bc13fd71f7315f27,4f62bb676d2645a0ada008da72b165d391bf54723744b4d11e2496fff01b1cbb,REQUIRED,VERIFY,0,1,0,BUILDING,VERIFY,0,truth-incomplete,[],"[{""family"":""ELECTRICAL"",""status"":""VERIFY""},{""family"":""FIRE_LIFE_SAFETY"",""status"":""VERIFY""},{""family"":""MECHANICAL"",""status"":""VERIFY""},{""family"":""OCCUPANCY_CO"",""status"":""VERIFY""},{""family"":""PLUMBING"",""status"":""VERIFY""},{""family"":""ZONING_PLANNING"",""status"":""VERIFY""}]",0,0
cell-us-ut-american-fork-commercial-commercial-tenant-improvement-building,grok,benchmarks/permit_accuracy_v1_1/raw_full_v11/cell-us-ut-american-fork-commercial-commercial-tenant-improvement-building__grok.json,31d9bb3c4fd0d8b4aa12af6a6e1c45b70fc101ead0672f9418f88481c91803a6,09364340abcad99f5f0d29b8cf68668dc9445582df983a7cece781aa4148c4b2,REQUIRED,REQUIRED,1,0,0,BUILDING,BUILDING,1,truth-incomplete,[],"[{""family"":""ELECTRICAL"",""status"":""VERIFY""},{""family"":""FIRE_LIFE_SAFETY"",""status"":""VERIFY""},{""family"":""MECHANICAL"",""status"":""VERIFY""},{""family"":""OCCUPANCY_CO"",""status"":""VERIFY""},{""family"":""PLUMBING"",""status"":""VERIFY""},{""family"":""ZONING_PLANNING"",""status"":""VERIFY""}]",0,0
cell-us-ut-american-fork-commercial-commercial-tenant-improvement-building,gemini,benchmarks/permit_accuracy_v1_1/raw_full_v11/cell-us-ut-american-fork-commercial-commercial-tenant-improvement-building__gemini.json,396ac1bb6b89fc29e8b8b9e5dde29856160ac67b79375a213d28bcb0d0b91204,b4d2dd65bb51c461766c6b21823bd86ab6dfcc4a40a8daca6a12397ee8cdb588,REQUIRED,VERIFY,0,1,0,BUILDING,VERIFY,0,truth-incomplete,[],[],1,0
cell-us-ut-american-fork-commercial-commercial-tenant-improvement-building,engine,benchmarks/permit_accuracy_v1_1/raw_full_v11/cell-us-ut-american-fork-commercial-commercial-tenant-improvement-building__engine.json,737c99fa8a6be515cf6be6093013f6bd3820389d8f260a8dcf590f2d290452b4,6a82b58f8ae3960bfe8fc3aa68007f3fa1a922c85523f4a301dc11136c70cd30,REQUIRED,REQUIRED,1,0,0,BUILDING,BUILDING,1,truth-incomplete,[],"[{""family"":""ACCESSIBILITY"",""status"":""CONDITIONAL""},{""family"":""ELECTRICAL"",""status"":""REQUIRED""},{""family"":""MECHANICAL"",""status"":""REQUIRED""},{""family"":""OCCUPANCY_CO"",""status"":""CONDITIONAL""},{""family"":""OTHER"",""status"":""VERIFY""},{""family"":""PLUMBING"",""status"":""REQUIRED""},{""family"":""ZONING_PLANNING"",""status"":""REQUIRED""}]",0,0
cell-us-ut-american-fork-commercial-commercial-tenant-improvement-building,engine_luna,benchmarks/permit_accuracy_v1_1/raw_full_v11/cell-us-ut-american-fork-commercial-commercial-tenant-improvement-building__engine_luna.json,3e7c0c6e291910f3fe7aa4896b9add687a3653f77896f6952149733bb250a595,e2b76ad42cba12a12dccf847797701e8482212bb52aa3655d1b8c27d5036010d,REQUIRED,REQUIRED,1,0,0,BUILDING,BUILDING,1,truth-incomplete,[],"[{""family"":""ACCESSIBILITY"",""status"":""CONDITIONAL""},{""family"":""ELECTRICAL"",""status"":""REQUIRED""},{""family"":""MECHANICAL"",""status"":""REQUIRED""},{""family"":""OCCUPANCY_CO"",""status"":""CONDITIONAL""},{""family"":""OTHER"",""status"":""VERIFY""},{""family"":""PLUMBING"",""status"":""REQUIRED""},{""family"":""ZONING_PLANNING"",""status"":""REQUIRED""}]",0,0
cell-us-ut-cache-county-residential-residential-remodel-building,luna,benchmarks/permit_accuracy_v1_1/raw_full_v11/cell-us-ut-cache-county-residential-residential-remodel-building__luna.json,352d9f622d961ce1128de0858ee7a8beff6067c9f456b11d74b0011f9d2e2f85,b544225053f60caaff554d10ad4b8ff48aa53228d56d718068964e8efb35abf6,REQUIRED,REQUIRED,1,0,0,BUILDING,BUILDING,1,truth-incomplete,[],"[{""family"":""ELECTRICAL"",""status"":""VERIFY""},{""family"":""MECHANICAL"",""status"":""VERIFY""},{""family"":""PLUMBING"",""status"":""VERIFY""},{""family"":""ZONING_PLANNING"",""status"":""REQUIRED""}]",0,0
cell-us-ut-cache-county-residential-residential-remodel-building,grok,benchmarks/permit_accuracy_v1_1/raw_full_v11/cell-us-ut-cache-county-residential-residential-remodel-building__grok.json,b3ef9acb5ae84b1e15e402d57949c1dcd4fba234166c4e33a0fb2fa22a3b89bc,74dc79fad28b0e0bcd3a096ce30e339608d7684774a86271bfcc636160696bac,REQUIRED,REQUIRED,1,0,0,BUILDING,BUILDING,1,truth-incomplete,[],"[{""family"":""ELECTRICAL"",""status"":""VERIFY""},{""family"":""MECHANICAL"",""status"":""VERIFY""},{""family"":""PLUMBING"",""status"":""VERIFY""},{""family"":""ZONING_PLANNING"",""status"":""REQUIRED""}]",0,0
cell-us-ut-cache-county-residential-residential-remodel-building,gemini,benchmarks/permit_accuracy_v1_1/raw_full_v11/cell-us-ut-cache-county-residential-residential-remodel-building__gemini.json,2239198f8e488f7d3f137b2623167c58848943397d15539d87715cf71d78d2e1,fdf62a23c0ac2d5550fc494fe5dbd7ef34949bf2f83b18cd9bb240fbed94e5c4,REQUIRED,VERIFY,0,1,0,BUILDING,VERIFY,0,truth-incomplete,[],[],1,0
cell-us-ut-cache-county-residential-residential-remodel-building,engine,benchmarks/permit_accuracy_v1_1/raw_full_v11/cell-us-ut-cache-county-residential-residential-remodel-building__engine.json,937a4abb0b9d2a745b81d6ba113b94f44367c0c8a491175d1abf4dd106773886,44706bba9a7a2bb7112fef1a4a4203f00539109260c1a96ead189b845a255ee9,REQUIRED,REQUIRED,1,0,0,BUILDING,BUILDING,1,truth-incomplete,[],"[{""family"":""ELECTRICAL"",""status"":""REQUIRED""},{""family"":""MECHANICAL"",""status"":""REQUIRED""},{""family"":""PLUMBING"",""status"":""REQUIRED""}]",0,0
cell-us-ut-cache-county-residential-residential-remodel-building,engine_luna,benchmarks/permit_accuracy_v1_1/raw_full_v11/cell-us-ut-cache-county-residential-residential-remodel-building__engine_luna.json,faa9621fd8cae54f722a0a79463e121b228da676b52d75136e3f826a2d3a5af5,b6774a2fe874e2c9e7552bde42c9e6bd77bad659033175f2c6209fc93e891f79,REQUIRED,REQUIRED,1,0,0,BUILDING,BUILDING,1,truth-incomplete,[],"[{""family"":""ELECTRICAL"",""status"":""REQUIRED""},{""family"":""MECHANICAL"",""status"":""REQUIRED""},{""family"":""PLUMBING"",""status"":""REQUIRED""},{""family"":""ZONING_PLANNING"",""status"":""CONDITIONAL""}]",0,0
cell-us-va-albemarle-county-commercial-commercial-tenant-improvement-building,luna,benchmarks/permit_accuracy_v1_1/raw_full_v11/cell-us-va-albemarle-county-commercial-commercial-tenant-improvement-building__luna.json,38c9ab5247a9d278d50a68093f6aeed447f69e7885f1971b74a5185e4415e45a,ee1cded284805f3f1750564cb69102b4f247138f2dce902bc882e3ac183524aa,REQUIRED,REQUIRED,1,0,0,BUILDING,BUILDING,1,truth-incomplete,[],"[{""family"":""ELECTRICAL"",""status"":""VERIFY""},{""family"":""FIRE_LIFE_SAFETY"",""status"":""VERIFY""},{""family"":""MECHANICAL"",""status"":""VERIFY""},{""family"":""OCCUPANCY_CO"",""status"":""VERIFY""},{""family"":""PLUMBING"",""status"":""VERIFY""},{""family"":""ZONING_PLANNING"",""status"":""VERIFY""}]",0,0
cell-us-va-albemarle-county-commercial-commercial-tenant-improvement-building,grok,benchmarks/permit_accuracy_v1_1/raw_full_v11/cell-us-va-albemarle-county-commercial-commercial-tenant-improvement-building__grok.json,32b94f5d4c2ede3904d2820a376cf3b5f82d19681d81b3880e2ff89ae14c9cee,5dacb8e9d55c0b8ac138189dca20c30b1232851ee348dd3fdb683f8f9b6921a9,REQUIRED,REQUIRED,1,0,0,BUILDING,BUILDING,1,truth-incomplete,[],"[{""family"":""ELECTRICAL"",""status"":""REQUIRED""},{""family"":""FIRE_LIFE_SAFETY"",""status"":""VERIFY""},{""family"":""MECHANICAL"",""status"":""REQUIRED""},{""family"":""OCCUPANCY_CO"",""status"":""VERIFY""},{""family"":""PLUMBING"",""status"":""REQUIRED""},{""family"":""ZONING_PLANNING"",""status"":""VERIFY""}]",0,0
cell-us-va-albemarle-county-commercial-commercial-tenant-improvement-building,gemini,benchmarks/permit_accuracy_v1_1/raw_full_v11/cell-us-va-albemarle-county-commercial-commercial-tenant-improvement-building__gemini.json,dd7e883ec358794cc2622dc262d40c871b09320445ecda293371e3ee7d23779f,2a7ca61092b4456e816193010d4fadeb2a62e14ffd0855b1e882ee28334d10be,REQUIRED,REQUIRED,1,0,0,BUILDING,BUILDING,1,truth-incomplete,[],"[{""family"":""ELECTRICAL"",""status"":""REQUIRED""},{""family"":""FIRE_LIFE_SAFETY"",""status"":""VERIFY""},{""family"":""MECHANICAL"",""status"":""REQUIRED""},{""family"":""OCCUPANCY_CO"",""status"":""VERIFY""},{""family"":""PLUMBING"",""status"":""REQUIRED""},{""family"":""ZONING_PLANNING"",""status"":""VERIFY""}]",0,0
cell-us-va-albemarle-county-commercial-commercial-tenant-improvement-building,engine,benchmarks/permit_accuracy_v1_1/raw_full_v11/cell-us-va-albemarle-county-commercial-commercial-tenant-improvement-building__engine.json,5cce507f4e3fa75582f6ccedbac6e6ea757fe27779cb2d14be888120e1a8dd97,ca8492682783a0ba41b487a79a2218e190abf88185c0a5ad94c74864c8ab5388,REQUIRED,REQUIRED,1,0,0,BUILDING,BUILDING,1,truth-incomplete,[],"[{""family"":""ACCESSIBILITY"",""status"":""CONDITIONAL""},{""family"":""ELECTRICAL"",""status"":""REQUIRED""},{""family"":""MECHANICAL"",""status"":""REQUIRED""},{""family"":""OCCUPANCY_CO"",""status"":""CONDITIONAL""},{""family"":""OTHER"",""status"":""VERIFY""},{""family"":""PLUMBING"",""status"":""REQUIRED""},{""family"":""ZONING_PLANNING"",""status"":""REQUIRED""}]",0,0
cell-us-va-albemarle-county-commercial-commercial-tenant-improvement-building,engine_luna,benchmarks/permit_accuracy_v1_1/raw_full_v11/cell-us-va-albemarle-county-commercial-commercial-tenant-improvement-building__engine_luna.json,ef91b508731fea316ae254cc18b77cec2940577839312475de2624b2b3ea657f,3e6a00a445d7d198854857c958545a4f03abcd9ff03bf0da35a14a220ac513a6,REQUIRED,REQUIRED,1,0,0,BUILDING,BUILDING,1,truth-incomplete,[],"[{""family"":""ACCESSIBILITY"",""status"":""CONDITIONAL""},{""family"":""ELECTRICAL"",""status"":""REQUIRED""},{""family"":""MECHANICAL"",""status"":""REQUIRED""},{""family"":""OCCUPANCY_CO"",""status"":""CONDITIONAL""},{""family"":""OTHER"",""status"":""VERIFY""},{""family"":""PLUMBING"",""status"":""REQUIRED""},{""family"":""ZONING_PLANNING"",""status"":""REQUIRED""}]",0,0
cell-us-va-colonial-heights-residential-commercial-building-construction-building,luna,benchmarks/permit_accuracy_v1_1/raw_full_v11/cell-us-va-colonial-heights-residential-commercial-building-construction-building__luna.json,d7e7bd26c4a8123a1d37cdcfdedf737cd7038a8d41bc6b895f2b08953b7669b0,34c1ab654d5e204a2939ad888231b728d1175f2bdba4f6cebf584fb538ffe471,REQUIRED,VERIFY,0,1,0,BUILDING,VERIFY,0,truth-incomplete,[],"[{""family"":""BUILDING"",""status"":""VERIFY""},{""family"":""ELECTRICAL"",""status"":""VERIFY""},{""family"":""MECHANICAL"",""status"":""VERIFY""},{""family"":""PLUMBING"",""status"":""VERIFY""}]",0,0
cell-us-va-colonial-heights-residential-commercial-building-construction-building,grok,benchmarks/permit_accuracy_v1_1/raw_full_v11/cell-us-va-colonial-heights-residential-commercial-building-construction-building__grok.json,290d837339883d8aee33f36fdbab4184b644dbd1554183432647a26fbb283f21,9993656be5ad47359162c4704f51f5deef09c84fe5a8a3c7870f21e52497dac0,REQUIRED,VERIFY,0,1,0,BUILDING,BUILDING,1,truth-incomplete,[],"[{""family"":""ELECTRICAL"",""status"":""VERIFY""},{""family"":""MECHANICAL"",""status"":""VERIFY""},{""family"":""PLUMBING"",""status"":""VERIFY""}]",0,0
cell-us-va-colonial-heights-residential-commercial-building-construction-building,gemini,benchmarks/permit_accuracy_v1_1/raw_full_v11/cell-us-va-colonial-heights-residential-commercial-building-construction-building__gemini.json,41a3a58583f3469942740bc1a734f3ef3469a486a7ddf5fb734fed404e1ea5ad,815fedae05dfda9ebd83236e514a3c43e063e00e4c1bec3477ba751e4262021a,REQUIRED,VERIFY,0,1,0,BUILDING,VERIFY,0,truth-incomplete,[],[],1,0
cell-us-va-colonial-heights-residential-commercial-building-construction-building,engine,benchmarks/permit_accuracy_v1_1/raw_full_v11/cell-us-va-colonial-heights-residential-commercial-building-construction-building__engine.json,0475ab3ada49af79a31f7c1c0f5437658559c4c34b92a765800da0ca4bf1f0eb,5ae136312f56fa2c8906ca26a6c87a19c8e32993c4cba8affe847f576143fca2,REQUIRED,REQUIRED,1,0,0,BUILDING,BUILDING,1,truth-incomplete,[],"[{""family"":""ELECTRICAL"",""status"":""REQUIRED""},{""family"":""MECHANICAL"",""status"":""REQUIRED""},{""family"":""PLUMBING"",""status"":""REQUIRED""}]",0,0
cell-us-va-colonial-heights-residential-commercial-building-construction-building,engine_luna,benchmarks/permit_accuracy_v1_1/raw_full_v11/cell-us-va-colonial-heights-residential-commercial-building-construction-building__engine_luna.json,4fe4005e800c9e640e2a0ac07de63504d1c4f20d3d68fd4143ea7fae9a87b985,bc8d280085c82185b8fa51d3d80c3e20adfe7c201a56b6e7f1f386247160fbd4,REQUIRED,REQUIRED,1,0,0,BUILDING,BUILDING,1,truth-incomplete,[],"[{""family"":""ELECTRICAL"",""status"":""REQUIRED""},{""family"":""MECHANICAL"",""status"":""REQUIRED""},{""family"":""PLUMBING"",""status"":""REQUIRED""}]",0,0
cell-us-vt-barre-city-commercial-commercial-tenant-improvement-building,luna,benchmarks/permit_accuracy_v1_1/raw_full_v11/cell-us-vt-barre-city-commercial-commercial-tenant-improvement-building__luna.json,479bde625aeb7b281a2679ca151a2b1ea62c9d26f80f6c9a5a7473a6c106219a,40d0cdda1505ec0dc22f62cf1f77fe03e95d63be4aacda95480fe23e06313984,REQUIRED,REQUIRED,1,0,0,BUILDING,BUILDING,1,truth-incomplete,[],"[{""family"":""ELECTRICAL"",""status"":""VERIFY""},{""family"":""FIRE_LIFE_SAFETY"",""status"":""VERIFY""},{""family"":""MECHANICAL"",""status"":""VERIFY""},{""family"":""OCCUPANCY_CO"",""status"":""VERIFY""},{""family"":""PLUMBING"",""status"":""VERIFY""},{""family"":""ZONING_PLANNING"",""status"":""VERIFY""}]",0,0
cell-us-vt-barre-city-commercial-commercial-tenant-improvement-building,grok,benchmarks/permit_accuracy_v1_1/raw_full_v11/cell-us-vt-barre-city-commercial-commercial-tenant-improvement-building__grok.json,896ac5b68d65efd40ec2e5f16c9461c584ac924cccd02a23a3a71a9695521d2a,b8ebaa332728fa38aeb5bcd3b159415f5b8f0d4be51033db9f92a63a1d151403,REQUIRED,REQUIRED,1,0,0,BUILDING,BUILDING,1,truth-incomplete,[],"[{""family"":""ELECTRICAL"",""status"":""VERIFY""},{""family"":""FIRE_LIFE_SAFETY"",""status"":""VERIFY""},{""family"":""MECHANICAL"",""status"":""VERIFY""},{""family"":""OCCUPANCY_CO"",""status"":""VERIFY""},{""family"":""PLUMBING"",""status"":""VERIFY""},{""family"":""ZONING_PLANNING"",""status"":""VERIFY""}]",0,0
cell-us-vt-barre-city-commercial-commercial-tenant-improvement-building,gemini,benchmarks/permit_accuracy_v1_1/raw_full_v11/cell-us-vt-barre-city-commercial-commercial-tenant-improvement-building__gemini.json,e122317ce2fcbea5e378039afac06594d7973259bcc2bc35846a76abf14f296a,0d96bcbc646cc1d37d065f77a4e67d97f07d6a6221ba6fa9a31d130868fb8389,REQUIRED,VERIFY,0,1,0,BUILDING,VERIFY,0,truth-incomplete,[],[],1,0
cell-us-vt-barre-city-commercial-commercial-tenant-improvement-building,engine,benchmarks/permit_accuracy_v1_1/raw_full_v11/cell-us-vt-barre-city-commercial-commercial-tenant-improvement-building__engine.json,224c0085269156ac41b7f55675b168d9bab8f09db7555af89d93a7cee8281d9f,f7bf7d0d11f2549248ab1c1849169c972f565635ec4b5253f6bee5878a0919ce,REQUIRED,REQUIRED,1,0,0,BUILDING,BUILDING,1,truth-incomplete,[],"[{""family"":""ACCESSIBILITY"",""status"":""CONDITIONAL""},{""family"":""ELECTRICAL"",""status"":""REQUIRED""},{""family"":""MECHANICAL"",""status"":""REQUIRED""},{""family"":""OCCUPANCY_CO"",""status"":""CONDITIONAL""},{""family"":""OTHER"",""status"":""VERIFY""},{""family"":""PLUMBING"",""status"":""REQUIRED""},{""family"":""ZONING_PLANNING"",""status"":""REQUIRED""}]",0,0
cell-us-vt-barre-city-commercial-commercial-tenant-improvement-building,engine_luna,benchmarks/permit_accuracy_v1_1/raw_full_v11/cell-us-vt-barre-city-commercial-commercial-tenant-improvement-building__engine_luna.json,ab29bc7a44a056733e8d724cc401013be48a8cf2d7846055c7746c99e2b50d3b,c8757d7e5ca2a58522011dcd9125539ffa89c54cb1e5e8d7ba610bdf8d436cc7,REQUIRED,REQUIRED,1,0,0,BUILDING,BUILDING,1,truth-incomplete,[],"[{""family"":""ACCESSIBILITY"",""status"":""CONDITIONAL""},{""family"":""ELECTRICAL"",""status"":""REQUIRED""},{""family"":""MECHANICAL"",""status"":""REQUIRED""},{""family"":""OCCUPANCY_CO"",""status"":""CONDITIONAL""},{""family"":""OTHER"",""status"":""VERIFY""},{""family"":""PLUMBING"",""status"":""REQUIRED""},{""family"":""ZONING_PLANNING"",""status"":""REQUIRED""}]",0,0
cell-us-wa-asotin-county-commercial-commercial-tenant-improvement-building,luna,benchmarks/permit_accuracy_v1_1/raw_full_v11/cell-us-wa-asotin-county-commercial-commercial-tenant-improvement-building__luna.json,c37b0d953cc822340bdfe73460c98e28edc2a0b29cb45e3ec1a994ce5e7026e1,26addf9cabe8e62a508ab9ccc4318e5fc4d4a9d46ca04ebdaa952654b1545684,REQUIRED,VERIFY,0,1,0,BUILDING,VERIFY,0,truth-incomplete,[],"[{""family"":""BUILDING"",""status"":""VERIFY""},{""family"":""ELECTRICAL"",""status"":""VERIFY""},{""family"":""FIRE_LIFE_SAFETY"",""status"":""VERIFY""},{""family"":""MECHANICAL"",""status"":""VERIFY""},{""family"":""OCCUPANCY_CO"",""status"":""VERIFY""},{""family"":""PLUMBING"",""status"":""VERIFY""},{""family"":""ZONING_PLANNING"",""status"":""VERIFY""}]",0,0
cell-us-wa-asotin-county-commercial-commercial-tenant-improvement-building,grok,benchmarks/permit_accuracy_v1_1/raw_full_v11/cell-us-wa-asotin-county-commercial-commercial-tenant-improvement-building__grok.json,4d9019f242af4a2cab0ae9f4ecf905021cff454fd21a8c970df469a3fc74daba,0ace6aade3d6c4c7663025f2e3e2ca6637a00cd03a0953938b97ad7ad4f3fc3c,REQUIRED,VERIFY,0,1,0,BUILDING,VERIFY,0,truth-incomplete,[],"[{""family"":""BUILDING"",""status"":""VERIFY""},{""family"":""ELECTRICAL"",""status"":""VERIFY""},{""family"":""FIRE_LIFE_SAFETY"",""status"":""VERIFY""},{""family"":""MECHANICAL"",""status"":""VERIFY""},{""family"":""OCCUPANCY_CO"",""status"":""VERIFY""},{""family"":""PLUMBING"",""status"":""VERIFY""},{""family"":""ZONING_PLANNING"",""status"":""VERIFY""}]",0,0
cell-us-wa-asotin-county-commercial-commercial-tenant-improvement-building,gemini,benchmarks/permit_accuracy_v1_1/raw_full_v11/cell-us-wa-asotin-county-commercial-commercial-tenant-improvement-building__gemini.json,31429694d93698ac1a2b3f000a373bd8ecd1b68a982c2f63aa27cd647b7946d7,3aded0956cdec23c16b6254b589d1554538ff050986c40e782b42955901f6929,REQUIRED,VERIFY,0,1,0,BUILDING,VERIFY,0,truth-incomplete,[],[],1,0
cell-us-wa-asotin-county-commercial-commercial-tenant-improvement-building,engine,benchmarks/permit_accuracy_v1_1/raw_full_v11/cell-us-wa-asotin-county-commercial-commercial-tenant-improvement-building__engine.json,d52e72c7b4fd27e78164bee6063de656219fff8fc561dbcc3ce9ffea33ce1fff,efac63ba9a22275b0b7285d1a75bd83bdddef94dfa83baeb6c8f07e0c3248f27,REQUIRED,REQUIRED,1,0,0,BUILDING,BUILDING,1,truth-incomplete,[],"[{""family"":""ACCESSIBILITY"",""status"":""CONDITIONAL""},{""family"":""ELECTRICAL"",""status"":""REQUIRED""},{""family"":""MECHANICAL"",""status"":""REQUIRED""},{""family"":""OCCUPANCY_CO"",""status"":""CONDITIONAL""},{""family"":""OTHER"",""status"":""VERIFY""},{""family"":""PLUMBING"",""status"":""REQUIRED""},{""family"":""ZONING_PLANNING"",""status"":""REQUIRED""}]",0,0
cell-us-wa-asotin-county-commercial-commercial-tenant-improvement-building,engine_luna,benchmarks/permit_accuracy_v1_1/raw_full_v11/cell-us-wa-asotin-county-commercial-commercial-tenant-improvement-building__engine_luna.json,d1d8046a49cafb755734bfeb936a77b3f22655dccd5e8b60b7c3c7cc5edeaa07,b2b5b0dbb9f69463c127c6fc52b5a8678419517260a9a12bb4651680d897d5fe,REQUIRED,REQUIRED,1,0,0,BUILDING,BUILDING,1,truth-incomplete,[],"[{""family"":""ACCESSIBILITY"",""status"":""CONDITIONAL""},{""family"":""BUILDING"",""status"":""VERIFY""},{""family"":""ELECTRICAL"",""status"":""REQUIRED""},{""family"":""MECHANICAL"",""status"":""REQUIRED""},{""family"":""OCCUPANCY_CO"",""status"":""CONDITIONAL""},{""family"":""OTHER"",""status"":""VERIFY""},{""family"":""PLUMBING"",""status"":""REQUIRED""},{""family"":""ZONING_PLANNING"",""status"":""REQUIRED""}]",0,0
cell-us-wa-shoreline-residential-interior-remodel-building,luna,benchmarks/permit_accuracy_v1_1/raw_full_v11/cell-us-wa-shoreline-residential-interior-remodel-building__luna.json,412c743d9fde7f70adb4a25944b61b3142ed9e22b3d2fbc029ab7a0763d58895,98c5991cefd39babc2fd3f5d585e7a92ce432ae25cc72bf978baabe6df68858c,REQUIRED,CONDITIONAL,0,0,0,BUILDING,BUILDING,1,truth-incomplete,[],"[{""family"":""ELECTRICAL"",""status"":""VERIFY""}]",0,0
cell-us-wa-shoreline-residential-interior-remodel-building,grok,benchmarks/permit_accuracy_v1_1/raw_full_v11/cell-us-wa-shoreline-residential-interior-remodel-building__grok.json,280f690628fbb624b197192e6d1f1062325cb8c938b0400cd454f6e4bbaf05de,36b58b6b641828202e676d8b62ec3b2ee159e4fe354ade0e50877943c0771106,REQUIRED,CONDITIONAL,0,0,0,BUILDING,BUILDING,1,truth-incomplete,[],"[{""family"":""ELECTRICAL"",""status"":""VERIFY""},{""family"":""MECHANICAL"",""status"":""CONDITIONAL""},{""family"":""PLUMBING"",""status"":""CONDITIONAL""}]",0,0
cell-us-wa-shoreline-residential-interior-remodel-building,gemini,benchmarks/permit_accuracy_v1_1/raw_full_v11/cell-us-wa-shoreline-residential-interior-remodel-building__gemini.json,04c55bf7216c9b1e636f4d0a45d3bfb52b9c03f77a29ac0d1c60c8a7696ccda3,6133c9707760b1cea413401feb5be6fa527d42b3a5bac8cc41bfd952fc3e5248,REQUIRED,REQUIRED,1,0,0,BUILDING,BUILDING,1,truth-incomplete,[],"[{""family"":""ELECTRICAL"",""status"":""VERIFY""},{""family"":""MECHANICAL"",""status"":""CONDITIONAL""},{""family"":""PLUMBING"",""status"":""CONDITIONAL""}]",0,0
cell-us-wa-shoreline-residential-interior-remodel-building,engine,benchmarks/permit_accuracy_v1_1/raw_full_v11/cell-us-wa-shoreline-residential-interior-remodel-building__engine.json,cf749b57eb6f75b4ce9d2ca677c4c529b467d409a68695f5b1cf6e06a13c7c44,3d2d070567fd3304eb697f5cb5b8160e56358c237c84027f4448d83d4d9ada40,REQUIRED,REQUIRED,1,0,0,BUILDING,BUILDING,1,truth-incomplete,[],"[{""family"":""ELECTRICAL"",""status"":""REQUIRED""},{""family"":""MECHANICAL"",""status"":""REQUIRED""},{""family"":""PLUMBING"",""status"":""REQUIRED""}]",0,0
cell-us-wa-shoreline-residential-interior-remodel-building,engine_luna,benchmarks/permit_accuracy_v1_1/raw_full_v11/cell-us-wa-shoreline-residential-interior-remodel-building__engine_luna.json,3ebd455c547f8f0c08c52f236c417d4f2600c2411392338fa6785a2a02c4aad2,00a44dbbb2ebe5c2da260d1a41b33bd0210383661325af2034feb7c46d0c9458,REQUIRED,REQUIRED,1,0,0,BUILDING,BUILDING,1,truth-incomplete,[],"[{""family"":""ELECTRICAL"",""status"":""REQUIRED""},{""family"":""MECHANICAL"",""status"":""REQUIRED""},{""family"":""PLUMBING"",""status"":""REQUIRED""}]",0,0
cell-us-wi-appleton-commercial-commercial-tenant-improvement-building,luna,benchmarks/permit_accuracy_v1_1/raw_full_v11/cell-us-wi-appleton-commercial-commercial-tenant-improvement-building__luna.json,b47709769beca4ddc3d3a566d7cab29c82a10b4897888c05a5036414ff548f24,562cb8685c18eb8ddec2d3107c88800a60d881b6302d55f246fd8430577166bc,REQUIRED,VERIFY,0,1,0,BUILDING,VERIFY,0,truth-incomplete,[],"[{""family"":""ELECTRICAL"",""status"":""VERIFY""},{""family"":""FIRE_LIFE_SAFETY"",""status"":""VERIFY""},{""family"":""MECHANICAL"",""status"":""VERIFY""},{""family"":""OCCUPANCY_CO"",""status"":""VERIFY""},{""family"":""PLUMBING"",""status"":""VERIFY""},{""family"":""ZONING_PLANNING"",""status"":""VERIFY""}]",0,0
cell-us-wi-appleton-commercial-commercial-tenant-improvement-building,grok,benchmarks/permit_accuracy_v1_1/raw_full_v11/cell-us-wi-appleton-commercial-commercial-tenant-improvement-building__grok.json,599bae908aa6092b9e9b3c255f8ab992830b56d621236fcdedde87388e2300c5,18bdf19adce059a1c46dfdd3b7be8826e65969348eb88cb00b081d246b4cfcb5,REQUIRED,REQUIRED,1,0,0,BUILDING,BUILDING,1,truth-incomplete,[],"[{""family"":""ELECTRICAL"",""status"":""VERIFY""},{""family"":""FIRE_LIFE_SAFETY"",""status"":""VERIFY""},{""family"":""MECHANICAL"",""status"":""VERIFY""},{""family"":""OCCUPANCY_CO"",""status"":""VERIFY""},{""family"":""PLUMBING"",""status"":""VERIFY""},{""family"":""ZONING_PLANNING"",""status"":""VERIFY""}]",0,0
cell-us-wi-appleton-commercial-commercial-tenant-improvement-building,gemini,benchmarks/permit_accuracy_v1_1/raw_full_v11/cell-us-wi-appleton-commercial-commercial-tenant-improvement-building__gemini.json,d2f9a772fbaff5c0c9089151ad3ec50cb4171645dd87d4e908327e365077fa33,11de33996ba6039a01c5df68f53438a145c56fb98a9e241c367f082cc6a0868f,REQUIRED,REQUIRED,1,0,0,BUILDING,BUILDING,1,truth-incomplete,[],"[{""family"":""ELECTRICAL"",""status"":""VERIFY""},{""family"":""FIRE_LIFE_SAFETY"",""status"":""VERIFY""},{""family"":""MECHANICAL"",""status"":""VERIFY""},{""family"":""OCCUPANCY_CO"",""status"":""VERIFY""},{""family"":""PLUMBING"",""status"":""VERIFY""},{""family"":""ZONING_PLANNING"",""status"":""VERIFY""}]",0,0
cell-us-wi-appleton-commercial-commercial-tenant-improvement-building,engine,benchmarks/permit_accuracy_v1_1/raw_full_v11/cell-us-wi-appleton-commercial-commercial-tenant-improvement-building__engine.json,0d1fb1ec5bfa779f2eb7e07849c493eeb91d2505463ed017d7f130944a40e180,fe70e3716ce885c604a201c4bb7e5bb3e75244956187080d7368df65de7003aa,REQUIRED,REQUIRED,1,0,0,BUILDING,BUILDING,1,truth-incomplete,[],"[{""family"":""ACCESSIBILITY"",""status"":""CONDITIONAL""},{""family"":""ELECTRICAL"",""status"":""REQUIRED""},{""family"":""MECHANICAL"",""status"":""REQUIRED""},{""family"":""OCCUPANCY_CO"",""status"":""CONDITIONAL""},{""family"":""OTHER"",""status"":""VERIFY""},{""family"":""PLUMBING"",""status"":""REQUIRED""},{""family"":""ZONING_PLANNING"",""status"":""REQUIRED""}]",0,0
cell-us-wi-appleton-commercial-commercial-tenant-improvement-building,engine_luna,benchmarks/permit_accuracy_v1_1/raw_full_v11/cell-us-wi-appleton-commercial-commercial-tenant-improvement-building__engine_luna.json,0e03c39ebacce2ee6fdb698164bbb3c249d5475e59968e55e158049dfcc17303,8524931c1203eacdcd8026aba5e26608f911aaf4dfb6a2fd5ed7590a1479eff0,REQUIRED,REQUIRED,1,0,0,BUILDING,BUILDING,1,truth-incomplete,[],"[{""family"":""ACCESSIBILITY"",""status"":""CONDITIONAL""},{""family"":""ELECTRICAL"",""status"":""REQUIRED""},{""family"":""MECHANICAL"",""status"":""REQUIRED""},{""family"":""OCCUPANCY_CO"",""status"":""CONDITIONAL""},{""family"":""OTHER"",""status"":""VERIFY""},{""family"":""PLUMBING"",""status"":""REQUIRED""},{""family"":""ZONING_PLANNING"",""status"":""REQUIRED""}]",0,0
cell-us-wv-barboursville-commercial-commercial-tenant-improvement-building,luna,benchmarks/permit_accuracy_v1_1/raw_full_v11/cell-us-wv-barboursville-commercial-commercial-tenant-improvement-building__luna.json,c39491cb1b1f0003ec6351da1395814e5e9d3a549ccd2a9c054644eca511ad4d,7e4970d6bee25cb2bd08a39ca716f34050e25bab6b57190805c17bd594651c5d,REQUIRED,VERIFY,0,1,0,BUILDING,VERIFY,0,truth-incomplete,[],"[{""family"":""ELECTRICAL"",""status"":""VERIFY""},{""family"":""FIRE_LIFE_SAFETY"",""status"":""VERIFY""},{""family"":""MECHANICAL"",""status"":""VERIFY""},{""family"":""OCCUPANCY_CO"",""status"":""VERIFY""},{""family"":""PLUMBING"",""status"":""VERIFY""},{""family"":""ZONING_PLANNING"",""status"":""VERIFY""}]",0,0
cell-us-wv-barboursville-commercial-commercial-tenant-improvement-building,grok,benchmarks/permit_accuracy_v1_1/raw_full_v11/cell-us-wv-barboursville-commercial-commercial-tenant-improvement-building__grok.json,58891075bac89521aa416d4033e458921b699cfd775a53a5fb083ca803754570,847ca920970c6afbec7fec2ed41b27c39b7ce5ea67d7c6a6ea222ef2f487bca7,REQUIRED,VERIFY,0,1,0,BUILDING,BUILDING,1,truth-incomplete,[],"[{""family"":""ELECTRICAL"",""status"":""VERIFY""},{""family"":""FIRE_LIFE_SAFETY"",""status"":""VERIFY""},{""family"":""MECHANICAL"",""status"":""VERIFY""},{""family"":""OCCUPANCY_CO"",""status"":""VERIFY""},{""family"":""PLUMBING"",""status"":""VERIFY""},{""family"":""ZONING_PLANNING"",""status"":""VERIFY""}]",0,0
cell-us-wv-barboursville-commercial-commercial-tenant-improvement-building,gemini,benchmarks/permit_accuracy_v1_1/raw_full_v11/cell-us-wv-barboursville-commercial-commercial-tenant-improvement-building__gemini.json,cb05b2ed32665ca21d1b5dff77b5f3b9adbf4d2a096c0bfedddbd36e5c145c99,ea78d423952a172d139118074eb53bc3515150375275a943a48084653f23ca2b,REQUIRED,VERIFY,0,1,0,BUILDING,VERIFY,0,truth-incomplete,[],[],1,0
cell-us-wv-barboursville-commercial-commercial-tenant-improvement-building,engine,benchmarks/permit_accuracy_v1_1/raw_full_v11/cell-us-wv-barboursville-commercial-commercial-tenant-improvement-building__engine.json,602ed8ae0afd1cc431a3d62688fca6aa10b911cb40b0419ab7673421f89cebd9,4aca15eff08eb4eb62c836ac7def2692e6748c783f897c4f277ce1e1027a7214,REQUIRED,REQUIRED,1,0,0,BUILDING,BUILDING,1,truth-incomplete,[],"[{""family"":""ACCESSIBILITY"",""status"":""CONDITIONAL""},{""family"":""ELECTRICAL"",""status"":""REQUIRED""},{""family"":""MECHANICAL"",""status"":""REQUIRED""},{""family"":""OCCUPANCY_CO"",""status"":""CONDITIONAL""},{""family"":""OTHER"",""status"":""VERIFY""},{""family"":""PLUMBING"",""status"":""REQUIRED""},{""family"":""ZONING_PLANNING"",""status"":""REQUIRED""}]",0,0
cell-us-wv-barboursville-commercial-commercial-tenant-improvement-building,engine_luna,benchmarks/permit_accuracy_v1_1/raw_full_v11/cell-us-wv-barboursville-commercial-commercial-tenant-improvement-building__engine_luna.json,a9efd60753470cb2e9f8a60c8f8d3eebf1913807bb6d10f7a8eba2a2ce435864,c5914d6d9c0bb65a2cdaebfde97ad16cfd28d3346d3f75643775574d7e143b2f,REQUIRED,REQUIRED,1,0,0,BUILDING,BUILDING,1,truth-incomplete,[],"[{""family"":""ACCESSIBILITY"",""status"":""CONDITIONAL""},{""family"":""ELECTRICAL"",""status"":""REQUIRED""},{""family"":""MECHANICAL"",""status"":""REQUIRED""},{""family"":""OCCUPANCY_CO"",""status"":""CONDITIONAL""},{""family"":""OTHER"",""status"":""VERIFY""},{""family"":""PLUMBING"",""status"":""REQUIRED""},{""family"":""ZONING_PLANNING"",""status"":""REQUIRED""}]",0,0
cell-us-wy-albany-county-commercial-commercial-tenant-improvement-building,luna,benchmarks/permit_accuracy_v1_1/raw_full_v11/cell-us-wy-albany-county-commercial-commercial-tenant-improvement-building__luna.json,7313202cc1aec3504fd7f4b0d9ada6f40f2723e8c2dd6023e880663f6ab3d35f,46db959e4c3faac21a6318c689d194bc766e6bd33a56dc566a3c6d615e813c7d,REQUIRED,VERIFY,0,1,0,BUILDING,VERIFY,0,truth-incomplete,[],"[{""family"":""BUILDING"",""status"":""VERIFY""},{""family"":""ELECTRICAL"",""status"":""VERIFY""},{""family"":""FIRE_LIFE_SAFETY"",""status"":""VERIFY""},{""family"":""MECHANICAL"",""status"":""VERIFY""},{""family"":""OCCUPANCY_CO"",""status"":""VERIFY""},{""family"":""PLUMBING"",""status"":""VERIFY""},{""family"":""ZONING_PLANNING"",""status"":""VERIFY""}]",0,0
cell-us-wy-albany-county-commercial-commercial-tenant-improvement-building,grok,benchmarks/permit_accuracy_v1_1/raw_full_v11/cell-us-wy-albany-county-commercial-commercial-tenant-improvement-building__grok.json,471517fa65cab47dbfa6d6578f83b8555c49bdcae0cb32dbe46e3274a3aa8672,77f7844ba109c33485972d707e54192e052c5f2b31cba0c61236aeddc217c71f,REQUIRED,VERIFY,0,1,0,BUILDING,ZONING_PLANNING,0,truth-incomplete,[],"[{""family"":""BUILDING"",""status"":""VERIFY""},{""family"":""ELECTRICAL"",""status"":""VERIFY""},{""family"":""FIRE_LIFE_SAFETY"",""status"":""VERIFY""},{""family"":""MECHANICAL"",""status"":""VERIFY""},{""family"":""OCCUPANCY_CO"",""status"":""VERIFY""},{""family"":""PLUMBING"",""status"":""VERIFY""}]",0,0
cell-us-wy-albany-county-commercial-commercial-tenant-improvement-building,gemini,benchmarks/permit_accuracy_v1_1/raw_full_v11/cell-us-wy-albany-county-commercial-commercial-tenant-improvement-building__gemini.json,b98bbd12aa9ae4d2080c41c5c8555a5638a2428b8b4a647536ebd24fb5a4dbb6,0eb59a95e905c47bc69d72bdff549eaacd6b12902714d49ed7963356e95dfaf9,REQUIRED,VERIFY,0,1,0,BUILDING,VERIFY,0,truth-incomplete,[],[],1,0
cell-us-wy-albany-county-commercial-commercial-tenant-improvement-building,engine,benchmarks/permit_accuracy_v1_1/raw_full_v11/cell-us-wy-albany-county-commercial-commercial-tenant-improvement-building__engine.json,a1958ce8a27e93818a663b28bd6482424a5ffa10625258dbb88cec339aef8344,25f2563760c422d977bee611b14f13345e223fc2d86aa8e8f88d44172b110bed,REQUIRED,REQUIRED,1,0,0,BUILDING,BUILDING,1,truth-incomplete,[],"[{""family"":""ACCESSIBILITY"",""status"":""CONDITIONAL""},{""family"":""ELECTRICAL"",""status"":""REQUIRED""},{""family"":""MECHANICAL"",""status"":""REQUIRED""},{""family"":""OCCUPANCY_CO"",""status"":""CONDITIONAL""},{""family"":""OTHER"",""status"":""VERIFY""},{""family"":""PLUMBING"",""status"":""REQUIRED""},{""family"":""ZONING_PLANNING"",""status"":""REQUIRED""}]",0,0
cell-us-wy-albany-county-commercial-commercial-tenant-improvement-building,engine_luna,benchmarks/permit_accuracy_v1_1/raw_full_v11/cell-us-wy-albany-county-commercial-commercial-tenant-improvement-building__engine_luna.json,2912db9bf359abd7ac8e3ea491c8340e8ff3bdf9d1ba6dcd88b72eadc59826be,aab43fd0f5761e1f9bcd7223057ad95e4a664a582bee151575622c418029d0b7,REQUIRED,REQUIRED,1,0,0,BUILDING,BUILDING,1,truth-incomplete,[],"[{""family"":""ACCESSIBILITY"",""status"":""CONDITIONAL""},{""family"":""ELECTRICAL"",""status"":""REQUIRED""},{""family"":""MECHANICAL"",""status"":""REQUIRED""},{""family"":""OCCUPANCY_CO"",""status"":""CONDITIONAL""},{""family"":""OTHER"",""status"":""VERIFY""},{""family"":""PLUMBING"",""status"":""REQUIRED""},{""family"":""ZONING_PLANNING"",""status"":""REQUIRED""}]",0,0
official-nyc-backyard-shed-placement-conditional,luna,benchmarks/permit_accuracy_v1_1/raw_full_v11/official-nyc-backyard-shed-placement-conditional__luna.json,12f8305e425f5de732564f41fb22aceff985c294480c3f0104c03a4d5b471674,fe9d59112c9f6edb44aa08f7831142251f803dca615e46e7e5eafb9e73756c63,CONDITIONAL,CONDITIONAL,1,0,0,BUILDING,BUILDING,1,truth-incomplete,"[{""family"":""LANDMARKS_HISTORIC"",""status"":""CONDITIONAL""}]",[],0,0
official-nyc-backyard-shed-placement-conditional,grok,benchmarks/permit_accuracy_v1_1/raw_full_v11/official-nyc-backyard-shed-placement-conditional__grok.json,62f68113896ac180e0327150c44e8638c3c9ff55b82fdda7658c9779ddc2cc11,c06eb69c5c662f3c2e6990c60184c7a5e5f8bf9f936867455010927ad3e0eeee,CONDITIONAL,CONDITIONAL,1,0,0,BUILDING,BUILDING,1,truth-incomplete,"[{""family"":""LANDMARKS_HISTORIC"",""status"":""CONDITIONAL""}]",[],0,0
official-nyc-backyard-shed-placement-conditional,gemini,benchmarks/permit_accuracy_v1_1/raw_full_v11/official-nyc-backyard-shed-placement-conditional__gemini.json,323166b41ebd35acb6b6eb9bbf42a39f18a41677508bc5799bd76a15a5132692,66290a441979ad7a8875774da39a23c8c9da0c778abb6525e7984720580fc2a2,CONDITIONAL,CONDITIONAL,1,0,0,BUILDING,BUILDING,1,truth-incomplete,"[{""family"":""LANDMARKS_HISTORIC"",""status"":""CONDITIONAL""}]",[],0,0
official-nyc-backyard-shed-placement-conditional,engine,benchmarks/permit_accuracy_v1_1/raw_full_v11/official-nyc-backyard-shed-placement-conditional__engine.json,a8d00c808a9d44a1b900161c8f3527747c5491c0b3ccd7e34e5c53765d94ba8d,588279008aacffd24cc3508f0465f573c77ccf06d163dd91c04e09195f548daa,CONDITIONAL,VERIFY,0,1,0,BUILDING,OTHER,0,truth-incomplete,"[{""family"":""LANDMARKS_HISTORIC"",""status"":""CONDITIONAL""}]","[{""family"":""ZONING_PLANNING"",""status"":""VERIFY""}]",0,0
official-nyc-backyard-shed-placement-conditional,engine_luna,benchmarks/permit_accuracy_v1_1/raw_full_v11/official-nyc-backyard-shed-placement-conditional__engine_luna.json,b60e5f45338b5520d04406c11cdaed43d60a99ae52ca2daf8be03eea8b1b0c0a,afa81ff6150fcd3ad21c85b5232c738e01d1676e7c1523d67b1191e72c784457,CONDITIONAL,CONDITIONAL,1,0,0,BUILDING,BUILDING,1,truth-incomplete,"[{""family"":""LANDMARKS_HISTORIC"",""status"":""CONDITIONAL""}]","[{""family"":""ZONING_PLANNING"",""status"":""VERIFY""}]",0,0
official-seattle-commercial-reroof-area-conditional,luna,benchmarks/permit_accuracy_v1_1/raw_full_v11/official-seattle-commercial-reroof-area-conditional__luna.json,5dda461b5ea413de22e971143e724d130bb4786d5d06158004330b4eb6324219,aac6c011afcd0f22050f23433d3e1883ed0f9582bacd409e2cf387c6085baad8,CONDITIONAL,CONDITIONAL,1,0,0,ROOFING,BUILDING,0,truth-incomplete,[],[],1,0
official-seattle-commercial-reroof-area-conditional,grok,benchmarks/permit_accuracy_v1_1/raw_full_v11/official-seattle-commercial-reroof-area-conditional__grok.json,8649fd83381aa2b3553075f950d8b0b99dff819eb6121c3410788008072801f6,aac6c011afcd0f22050f23433d3e1883ed0f9582bacd409e2cf387c6085baad8,CONDITIONAL,CONDITIONAL,1,0,0,ROOFING,BUILDING,0,truth-incomplete,[],[],1,0
official-seattle-commercial-reroof-area-conditional,gemini,benchmarks/permit_accuracy_v1_1/raw_full_v11/official-seattle-commercial-reroof-area-conditional__gemini.json,fd44b4e1091e9218065eba92ae3b6bf1c08964beda1410cd78a629e8ddc253ce,3040b6c27da85dae25abd3ee7427cf212adbb2822b60001450f489fe240f08f1,CONDITIONAL,CONDITIONAL,1,0,0,ROOFING,BUILDING,0,truth-incomplete,[],[],1,0
official-seattle-commercial-reroof-area-conditional,engine,benchmarks/permit_accuracy_v1_1/raw_full_v11/official-seattle-commercial-reroof-area-conditional__engine.json,fc0d913751e1783abb44eca2a055c6107340058b1a0262bfda72baf328d3ebd4,e05fc7b3fbb0ba69d16a91cffb42606210d00bb5394fbe29275f6a7fabaf5f7f,CONDITIONAL,VERIFY,0,1,0,ROOFING,OTHER,0,truth-incomplete,[],[],1,0
official-seattle-commercial-reroof-area-conditional,engine_luna,benchmarks/permit_accuracy_v1_1/raw_full_v11/official-seattle-commercial-reroof-area-conditional__engine_luna.json,225593a8f8a20c57ae3349b3f13353a9f47c46f35f3af76210b1aa0d3c653367,e7fdb70e6147aab9a3434f43e449cb7ed8f676c6ae40dc7f4bfd07c8c9a74140,CONDITIONAL,CONDITIONAL,1,0,0,ROOFING,BUILDING,0,truth-incomplete,[],[],1,0
source-reviewed-c100-050,luna,benchmarks/permit_accuracy_v1_1/raw_full_v11/source-reviewed-c100-050__luna.json,099876ff4dc2d4d287c01e1f8c447c436a194d8de57e5f9fff6c8bb2f7ba8a9b,9741eeb2ad39f73de6ef4e381d0aa2f5c7bf6394b4b7fc30e65ff121030e4cd1,NOT_REQUIRED,NOT_REQUIRED,1,0,0,NO_PRIMARY_PERMIT,BUILDING,0,truth-incomplete,[],[],1,0
source-reviewed-c100-050,grok,benchmarks/permit_accuracy_v1_1/raw_full_v11/source-reviewed-c100-050__grok.json,ca0da70a9daeef17ebdbd045d6282aa664914e6891f14e32f54421fb9d48262f,f2beb0fc83741df90f3cf95a7e949671147680cc929227caeca01242c937374d,NOT_REQUIRED,NOT_REQUIRED,1,0,0,NO_PRIMARY_PERMIT,BUILDING,0,truth-incomplete,[],"[{""family"":""ELECTRICAL"",""status"":""NOT_REQUIRED""},{""family"":""FIRE_LIFE_SAFETY"",""status"":""NOT_REQUIRED""},{""family"":""MECHANICAL"",""status"":""NOT_REQUIRED""},{""family"":""OCCUPANCY_CO"",""status"":""NOT_REQUIRED""},{""family"":""PLUMBING"",""status"":""NOT_REQUIRED""}]",0,0
source-reviewed-c100-050,gemini,benchmarks/permit_accuracy_v1_1/raw_full_v11/source-reviewed-c100-050__gemini.json,944a525cd84c9392357719dd4a70220a3016e23b4589762c5c065a7b79283822,2f03ca68fb66a3b081468b9e67026b31406722de8ab0c6c26a099efc94bdb65f,NOT_REQUIRED,NOT_REQUIRED,1,0,0,NO_PRIMARY_PERMIT,BUILDING,0,truth-incomplete,[],[],1,0
source-reviewed-c100-050,engine,benchmarks/permit_accuracy_v1_1/raw_full_v11/source-reviewed-c100-050__engine.json,e5a73966489eb0ccd4487b655c770a02ab6b4a2f5ee8ed2ae3bb0738d14c6a6d,8ec325d40972dd05178963b499f9d0a3388eda748cdbbb391d0cfe4c4050e016,NOT_REQUIRED,VERIFY,0,1,0,NO_PRIMARY_PERMIT,OTHER,0,truth-incomplete,[],[],1,0
source-reviewed-c100-050,engine_luna,benchmarks/permit_accuracy_v1_1/raw_full_v11/source-reviewed-c100-050__engine_luna.json,440f33ca386421aa5e670c0d63039e1c101d8fed98170d1d54725e868ec5d4a9,759be062d597b0adcf1dd5fe7dcc5ad3b0308609b886386c5038b603ef067712,NOT_REQUIRED,NOT_REQUIRED,1,0,0,NO_PRIMARY_PERMIT,NO_PRIMARY_PERMIT,1,truth-incomplete,[],[],1,0
source-reviewed-r100-048,luna,benchmarks/permit_accuracy_v1_1/raw_full_v11/source-reviewed-r100-048__luna.json,518d90e2e19c37aa189d8625a61024136d1b9eb02651ef4367d611385ebe963e,6aeb7f303762af9c5ab07e393311f2c78848720947ec4dfea81a6530dfbb3841,NOT_REQUIRED,CONDITIONAL,0,0,0,NO_PRIMARY_PERMIT,BUILDING,0,truth-incomplete,[],[],1,0
source-reviewed-r100-048,grok,benchmarks/permit_accuracy_v1_1/raw_full_v11/source-reviewed-r100-048__grok.json,d152424a4c7a979cd74cc6c2d0053103f5dd8864801baa6ddeda23b3c6e93e8a,20cbf8b4adc56c718750ecd3948a6ffd0d2a0153d291cf977e2a94542b893fe2,NOT_REQUIRED,NOT_REQUIRED,1,0,0,NO_PRIMARY_PERMIT,BUILDING,0,truth-incomplete,[],[],1,0
source-reviewed-r100-048,gemini,benchmarks/permit_accuracy_v1_1/raw_full_v11/source-reviewed-r100-048__gemini.json,22d2534e162fc88ac7e44c43c5a7e44e41142683276f89b849025ae3d20d1556,78b5e5838826aed78d7a366f8e99627ecb8a9d05a4eddc0c966157b975577669,NOT_REQUIRED,NOT_REQUIRED,1,0,0,NO_PRIMARY_PERMIT,BUILDING,0,truth-incomplete,[],[],1,0
source-reviewed-r100-048,engine,benchmarks/permit_accuracy_v1_1/raw_full_v11/source-reviewed-r100-048__engine.json,7df33e77fb7ec44a9fb2286e2491b182376d4e265feda850bd3861bdba14d3a6,41670482e2ac715200ddf9ef285b0b203ca38d8e89cdcbcee468e5b4b73cc4b5,NOT_REQUIRED,VERIFY,0,1,0,NO_PRIMARY_PERMIT,OTHER,0,truth-incomplete,[],[],1,0
source-reviewed-r100-048,engine_luna,benchmarks/permit_accuracy_v1_1/raw_full_v11/source-reviewed-r100-048__engine_luna.json,fcb5e75d152d951e2e3fdcd7a90d3110272de3311080b5ada22079b135dd7f49,e489a9b8abc3ffea1c2158e74ab7f8aaddf1f90f04ff3ac1286ba4f611b5ba88,NOT_REQUIRED,CONDITIONAL,0,0,0,NO_PRIMARY_PERMIT,BUILDING,0,truth-incomplete,[],[],1,0
