cell_id,state,ahj,project_family,family,issuing_authority,application_authority,authority_tier,handled_by_local_ahj
us-ak-anchorage__commercial__commercial_tenant_improvement__building,AK,Anchorage,commercial_tenant_improvement,building,Municipality of Anchorage Development Services,Municipality of Anchorage Development Services,local,True
us-ak-angoon__commercial__commercial_tenant_improvement__building,AK,Angoon,commercial_tenant_improvement,building,Alaska State Fire Marshal’s Office Plan Review Bureau,Alaska State Fire Marshal’s Office Plan Review Bureau,local,True
us-ak-bethel__commercial__commercial_tenant_improvement__building,AK,Bethel,commercial_tenant_improvement,building,"Alaska Department of Public Safety, Division of Fire and Life Safety / State Fire Marshal Plan Review Bureau","Alaska Department of Public Safety, Division of Fire and Life Safety / State Fire Marshal Plan Review Bureau",state_administered,True
us-ak-bristol_bay_borough__commercial__commercial_tenant_improvement__building,AK,Bristol Bay Borough,commercial_tenant_improvement,building,"Alaska Department of Public Safety, Division of Fire and Life Safety / State Fire Marshal Plan Review Bureau","Alaska Department of Public Safety, Division of Fire and Life Safety / State Fire Marshal Plan Review Bureau",state_administered,True
us-ak-coffman_cove__commercial__commercial_tenant_improvement__building,AK,Coffman Cove,commercial_tenant_improvement,building,Alaska State Fire Marshal’s Office Plan Review Bureau,Alaska State Fire Marshal’s Office Plan Review Bureau,local,True
us-ak-denali_borough__commercial__commercial_tenant_improvement__building,AK,Denali Borough,commercial_tenant_improvement,building,"Alaska Department of Public Safety, Division of Fire and Life Safety / State Fire Marshal Plan Review Bureau",Alaska State Fire Marshal Plan Review Bureau / Alaska DOLWD Mechanical Inspection / Denali Borough Land Management,state_administered_plus_local_zoning,True
us-ak-dillingham__commercial__commercial_tenant_improvement__building,AK,Dillingham,commercial_tenant_improvement,building,"Alaska Department of Public Safety, Division of Fire and Life Safety / State Fire Marshal Plan Review Bureau","Alaska Department of Public Safety, Division of Fire and Life Safety / State Fire Marshal Plan Review Bureau",state_administered,True
us-ak-fairbanks_city__commercial__commercial_tenant_improvement__building,AK,Fairbanks City,commercial_tenant_improvement,building,City of Fairbanks Building Department,City of Fairbanks Building Department,local,True
us-ak-fairbanks_north_star_borough__commercial__commercial_tenant_improvement__building,AK,Fairbanks North Star Borough,commercial_tenant_improvement,building,"Alaska Department of Public Safety, Division of Fire and Life Safety / State Fire Marshal Plan Review Bureau","Alaska Department of Public Safety, Division of Fire and Life Safety / State Fire Marshal Plan Review Bureau",state_administered,True
us-ak-haines_borough__commercial__commercial_tenant_improvement__building,AK,Haines Borough,commercial_tenant_improvement,building,"Alaska Department of Public Safety, Division of Fire and Life Safety / State Fire Marshal Plan Review Bureau with Haines Borough land-use and utility permitting evidence","Alaska Department of Public Safety, Division of Fire and Life Safety / State Fire Marshal Plan Review Bureau; Haines Borough Planning/Zoning and water/sewer utilities for local land-use/utility lanes",state_administered_building_plan_review_with_local_zoning_and_utility_controls,True
us-ak-homer__commercial__commercial_tenant_improvement__building,AK,Homer,commercial_tenant_improvement,building,City of Homer Planning Department for zoning/development permits; Alaska State Fire Marshal for commercial building/fire/fuel plan review; Alaska DOLWD Mechanical Inspection for applicable electrical/plumbing/gas/fuel trade inspections,City of Homer Planning Department plus Alaska Department of Public Safety State Fire Marshal Plan Review Bureau; Alaska DOLWD Mechanical Inspection for applicable electrical/plumbing/gas/fuel/mechanical trade inspections,mixed_city_zoning_state_administered_commercial_plan_review_and_trade_inspection,True
us-ak-juneau__commercial__commercial_tenant_improvement__building,AK,Juneau,commercial_tenant_improvement,building,City and Borough of Juneau Community Development,City and Borough of Juneau Community Development,local,True
us-ak-kake__commercial__commercial_tenant_improvement__building,AK,Kake,commercial_tenant_improvement,building,City of Kake,City of Kake,local,True
us-ak-kenai__commercial__commercial_tenant_improvement__building,AK,Kenai,commercial_tenant_improvement,building,City of Kenai Building Official,City of Kenai Building Department / Building Official,local_city_building_department_with_fire_marshal_and_planning_review,True
us-ak-kenai__commercial__commercial_tenant_improvement__building,AK,Kenai,commercial_tenant_improvement,occupancy,City of Kenai Building Official,City of Kenai Building Department / Building Official,local_city_building_department_with_fire_marshal_and_planning_review,True
us-ak-kenai_peninsula_borough__commercial__commercial_tenant_improvement__building,AK,Kenai Peninsula Borough,commercial_tenant_improvement,building,"State of Alaska Department of Public Safety, Division of Fire and Life Safety (State Fire Marshal)","State of Alaska Department of Public Safety, Division of Fire and Life Safety (State Fire Marshal)",state_administered,True
us-ak-ketchikan_city__commercial__commercial_tenant_improvement__building,AK,Ketchikan City,commercial_tenant_improvement,building,City of Ketchikan Public Works Building Division,City of Ketchikan Public Works Building Division,local,True
us-ak-ketchikan_gateway_borough__commercial__commercial_tenant_improvement__building,AK,Ketchikan Gateway Borough,commercial_tenant_improvement,building,"Alaska Department of Public Safety, Division of Fire and Life Safety / State Fire Marshal Plan Review Bureau","Alaska Department of Public Safety, Division of Fire and Life Safety / State Fire Marshal Plan Review Bureau",state_administered,True
us-ak-kodiak_city__commercial__commercial_tenant_improvement__building,AK,Kodiak City,commercial_tenant_improvement,building,AK|us-ak-kodiak_city|city|City of Kodiak Building Safety,AK|us-ak-kodiak_city|city|City of Kodiak Building Safety,local,True
us-ak-kodiak_island_borough__commercial__commercial_tenant_improvement__building,AK,Kodiak Island Borough,commercial_tenant_improvement,building,Kodiak Island Borough,Kodiak Island Borough,local,True
us-ak-kotzebue__commercial__commercial_tenant_improvement__building,AK,Kotzebue,commercial_tenant_improvement,building,"Alaska Department of Public Safety, Division of Fire and Life Safety / State Fire Marshal Plan Review Bureau","Alaska Department of Public Safety, Division of Fire and Life Safety / State Fire Marshal Plan Review Bureau",state_administered,True
us-ak-kotzebue__commercial__commercial_tenant_improvement__building,AK,Kotzebue,commercial_tenant_improvement,zoning,"Alaska Department of Public Safety, Division of Fire and Life Safety / State Fire Marshal Plan Review Bureau","Alaska Department of Public Safety, Division of Fire and Life Safety / State Fire Marshal Plan Review Bureau",state_administered,True
us-ak-lake_and_peninsula_borough__commercial__commercial_tenant_improvement__building,AK,Lake And Peninsula Borough,commercial_tenant_improvement,building,Alaska DOLWD Mechanical Inspection (electrical/plumbing/mechanical) + Alaska State Fire Marshal (building/fire-life-safety) + Lake and Peninsula Borough Planning (zoning/development permit),Alaska DOLWD Mechanical Inspection (electrical/plumbing/mechanical) + Alaska State Fire Marshal (building/fire-life-safety) + Lake and Peninsula Borough Planning (zoning/development permit),state_administered_trades_plus_county_zoning,True
us-ak-lake_and_peninsula_borough__commercial__commercial_tenant_improvement__building,AK,Lake And Peninsula Borough,commercial_tenant_improvement,electrical,Alaska DOLWD Mechanical Inspection (electrical/plumbing/mechanical) + Alaska State Fire Marshal (building/fire-life-safety) + Lake and Peninsula Borough Planning (zoning/development permit),Alaska DOLWD Mechanical Inspection (electrical/plumbing/mechanical) + Alaska State Fire Marshal (building/fire-life-safety) + Lake and Peninsula Borough Planning (zoning/development permit),state_administered_trades_plus_county_zoning,True
us-ak-lake_and_peninsula_borough__commercial__commercial_tenant_improvement__building,AK,Lake And Peninsula Borough,commercial_tenant_improvement,mechanical,Alaska DOLWD Mechanical Inspection (electrical/plumbing/mechanical) + Alaska State Fire Marshal (building/fire-life-safety) + Lake and Peninsula Borough Planning (zoning/development permit),Alaska DOLWD Mechanical Inspection (electrical/plumbing/mechanical) + Alaska State Fire Marshal (building/fire-life-safety) + Lake and Peninsula Borough Planning (zoning/development permit),state_administered_trades_plus_county_zoning,True
us-ak-lake_and_peninsula_borough__commercial__commercial_tenant_improvement__building,AK,Lake And Peninsula Borough,commercial_tenant_improvement,zoning,Alaska DOLWD Mechanical Inspection (electrical/plumbing/mechanical) + Alaska State Fire Marshal (building/fire-life-safety) + Lake and Peninsula Borough Planning (zoning/development permit),Alaska DOLWD Mechanical Inspection (electrical/plumbing/mechanical) + Alaska State Fire Marshal (building/fire-life-safety) + Lake and Peninsula Borough Planning (zoning/development permit),state_administered_trades_plus_county_zoning,True
us-ak-matanuska_susitna_borough__commercial__commercial_tenant_improvement__building,AK,Matanuska Susitna Borough,commercial_tenant_improvement,building,"Central Mat-Su Fire Department (CMSFD) — Fire and Life Safety Division (state-deferred JHA under the Alaska State Fire Marshal), Matanuska-Susitna Borough","Central Mat-Su Fire Department, Fire and Life Safety Division (Permit Technician) — Matanuska-Susitna Borough; online plan-review applications via Tyler EnerGov self-service portal",state_administered,True
us-ak-matanuska_susitna_borough__commercial__commercial_tenant_improvement__building,AK,Matanuska Susitna Borough,commercial_tenant_improvement,electrical,"Central Mat-Su Fire Department (CMSFD) — Fire and Life Safety Division (state-deferred JHA under the Alaska State Fire Marshal), Matanuska-Susitna Borough","Central Mat-Su Fire Department, Fire and Life Safety Division (Permit Technician) — Matanuska-Susitna Borough; online plan-review applications via Tyler EnerGov self-service portal",state_administered,True
us-ak-matanuska_susitna_borough__commercial__commercial_tenant_improvement__building,AK,Matanuska Susitna Borough,commercial_tenant_improvement,fire,"Central Mat-Su Fire Department (CMSFD) — Fire and Life Safety Division (state-deferred JHA under the Alaska State Fire Marshal), Matanuska-Susitna Borough","Central Mat-Su Fire Department, Fire and Life Safety Division (Permit Technician) — Matanuska-Susitna Borough; online plan-review applications via Tyler EnerGov self-service portal",state_administered,True
us-ak-matanuska_susitna_borough__commercial__commercial_tenant_improvement__building,AK,Matanuska Susitna Borough,commercial_tenant_improvement,mechanical,"Central Mat-Su Fire Department (CMSFD) — Fire and Life Safety Division (state-deferred JHA under the Alaska State Fire Marshal), Matanuska-Susitna Borough","Central Mat-Su Fire Department, Fire and Life Safety Division (Permit Technician) — Matanuska-Susitna Borough; online plan-review applications via Tyler EnerGov self-service portal",state_administered,True
us-ak-matanuska_susitna_borough__commercial__commercial_tenant_improvement__building,AK,Matanuska Susitna Borough,commercial_tenant_improvement,occupancy,"Central Mat-Su Fire Department (CMSFD) — Fire and Life Safety Division (state-deferred JHA under the Alaska State Fire Marshal), Matanuska-Susitna Borough","Central Mat-Su Fire Department, Fire and Life Safety Division (Permit Technician) — Matanuska-Susitna Borough; online plan-review applications via Tyler EnerGov self-service portal",state_administered,True
us-ak-matanuska_susitna_borough__commercial__commercial_tenant_improvement__building,AK,Matanuska Susitna Borough,commercial_tenant_improvement,plumbing,"Central Mat-Su Fire Department (CMSFD) — Fire and Life Safety Division (state-deferred JHA under the Alaska State Fire Marshal), Matanuska-Susitna Borough","Central Mat-Su Fire Department, Fire and Life Safety Division (Permit Technician) — Matanuska-Susitna Borough; online plan-review applications via Tyler EnerGov self-service portal",state_administered,True
us-ak-matanuska_susitna_borough__commercial__commercial_tenant_improvement__building,AK,Matanuska Susitna Borough,commercial_tenant_improvement,zoning,"Central Mat-Su Fire Department (CMSFD) — Fire and Life Safety Division (state-deferred JHA under the Alaska State Fire Marshal), Matanuska-Susitna Borough","Central Mat-Su Fire Department, Fire and Life Safety Division (Permit Technician) — Matanuska-Susitna Borough; online plan-review applications via Tyler EnerGov self-service portal",state_administered,True
us-ak-north_slope_borough__commercial__commercial_tenant_improvement__building,AK,North Slope Borough,commercial_tenant_improvement,building,"Alaska Department of Public Safety, Division of Fire and Life Safety / State Fire Marshal Plan Review Bureau","Alaska Department of Public Safety, Division of Fire and Life Safety / State Fire Marshal Plan Review Bureau",state_administered,True
us-ak-northwest_arctic_borough__commercial__commercial_tenant_improvement__building,AK,Northwest Arctic Borough,commercial_tenant_improvement,building,Northwest Arctic Borough,Northwest Arctic Borough,local,True
us-ak-northwest_arctic_borough__commercial__commercial_tenant_improvement__building,AK,Northwest Arctic Borough,commercial_tenant_improvement,fire,Northwest Arctic Borough,Northwest Arctic Borough,local,True
us-ak-palmer__commercial__commercial_tenant_improvement__building,AK,Palmer,commercial_tenant_improvement,building,City of Palmer Community Development Building,City of Palmer Community Development Building,local,True
us-ak-pelican__commercial__commercial_tenant_improvement__building,AK,Pelican,commercial_tenant_improvement,building,City of Pelican,City of Pelican,local,True
us-ak-petersburg_borough__commercial__commercial_tenant_improvement__building,AK,Petersburg Borough,commercial_tenant_improvement,building,Petersburg Borough Community Development,Petersburg Borough Community Development,local,True
us-ak-sitka__commercial__commercial_tenant_improvement__building,AK,Sitka,commercial_tenant_improvement,building,City and Borough of Sitka Building Department,City and Borough of Sitka Building Department,local,True
us-ak-soldotna__commercial__commercial_tenant_improvement__building,AK,Soldotna,commercial_tenant_improvement,building,City of Soldotna Building Department,City of Soldotna Building Department,local,True
us-ak-unalaska__commercial__commercial_tenant_improvement__building,AK,Unalaska,commercial_tenant_improvement,building,City of Unalaska Department of Public Works,City of Unalaska Department of Public Works,local,True
us-ak-unalaska__commercial__commercial_tenant_improvement__building,AK,Unalaska,commercial_tenant_improvement,zoning,City of Unalaska Department of Public Works,City of Unalaska Department of Public Works,local,True
us-ak-wasilla__commercial__commercial_tenant_improvement__building,AK,Wasilla,commercial_tenant_improvement,building,"Alaska Department of Public Safety, Division of Fire and Life Safety / State Fire Marshal Plan Review Bureau","Alaska Department of Public Safety, Division of Fire and Life Safety / State Fire Marshal Plan Review Bureau",state_administered,True
us-ak-yakutat__commercial__commercial_tenant_improvement__building,AK,Yakutat,commercial_tenant_improvement,building,"Alaska Department of Public Safety, Division of Fire and Life Safety / State Fire Marshal Plan Review Bureau","Alaska Department of Public Safety, Division of Fire and Life Safety / State Fire Marshal Plan Review Bureau",state_administered,True
us-al-alabaster__commercial__commercial_tenant_improvement__building,AL,Alabaster,commercial_tenant_improvement,building,City of Alabaster Department of Engineering and Building Services,City of Alabaster Department of Engineering and Building Services,local,True
us-al-albertville__residential__residential_building_work__building,AL,Albertville,residential_remodel,building,,,unknown,True
us-al-albertville__residential__residential_building_work__building,AL,Albertville,residential_remodel,demolition,,,unknown,True
us-al-albertville__residential__residential_building_work__building,AL,Albertville,residential_remodel,electrical,,,unknown,True
us-al-albertville__residential__residential_building_work__building,AL,Albertville,residential_remodel,mechanical,,,unknown,True
us-al-albertville__residential__residential_building_work__building,AL,Albertville,residential_remodel,plumbing,,,unknown,True
us-al-andalusia__residential__residential_building_work__building,AL,Andalusia,residential_remodel,building,,,unknown,True
us-al-andalusia__residential__residential_building_work__building,AL,Andalusia,residential_remodel,electrical,,,unknown,True
us-al-andalusia__residential__residential_building_work__building,AL,Andalusia,residential_remodel,mechanical,,,unknown,True
us-al-andalusia__residential__residential_building_work__building,AL,Andalusia,residential_remodel,moving,,,unknown,True
us-al-andalusia__residential__residential_building_work__building,AL,Andalusia,residential_remodel,plumbing,,,unknown,True
us-al-andalusia__residential__residential_building_work__building,AL,Andalusia,residential_remodel,pool,,,unknown,True
us-al-andalusia__residential__residential_building_work__building,AL,Andalusia,residential_remodel,sign,,,unknown,True
us-al-anniston__residential__residential_building_work__building,AL,Anniston,residential_remodel,building,,,unknown,True
us-al-anniston__residential__residential_building_work__building,AL,Anniston,residential_remodel,electrical,,,unknown,True
us-al-anniston__residential__residential_building_work__building,AL,Anniston,residential_remodel,fire,,,unknown,True
us-al-anniston__residential__residential_building_work__building,AL,Anniston,residential_remodel,mechanical,,,unknown,True
us-al-anniston__residential__residential_building_work__building,AL,Anniston,residential_remodel,plumbing,,,unknown,True
us-al-auburn__commercial__commercial_tenant_improvement__building,AL,Auburn,commercial_tenant_improvement,building,City of Auburn Inspection Services Department,City of Auburn Inspection Services Department,local,True
us-al-baldwin_county__commercial__commercial_tenant_improvement__building,AL,Baldwin County,commercial_tenant_improvement,building,Baldwin County Building Inspection Department,Baldwin County Building Inspection Department,local,True
us-al-bessemer__commercial__commercial_tenant_improvement__building,AL,Bessemer,commercial_tenant_improvement,building,City of Bessemer Building Inspections Department,City of Bessemer Building Inspections Department,local,True
us-al-birmingham__commercial__commercial_tenant_improvement__building,AL,Birmingham,commercial_tenant_improvement,building,"City of Birmingham Department of Planning, Engineering & Permits","City of Birmingham Department of Planning, Engineering & Permits",local,True
us-al-boaz__residential__residential_building_work__building,AL,Boaz,residential_remodel,building,,,unknown,True
us-al-daphne__residential__residential_building_construction_alteration_or_repair__building,AL,Daphne,residential_remodel,building,,,unknown,True
us-al-decatur__commercial__commercial_tenant_improvement__building,AL,Decatur,commercial_tenant_improvement,building,City of Decatur Building Department,City of Decatur Building Department,local,True
us-al-dothan__commercial__commercial_tenant_improvement__building,AL,Dothan,commercial_tenant_improvement,building,City of Dothan Planning and Development Department,City of Dothan Planning and Development Department,local,True
us-al-enterprise__commercial__commercial_tenant_improvement__building,AL,Enterprise,commercial_tenant_improvement,building,City of Enterprise Engineering and Building Permits,City of Enterprise Engineering and Building Permits,local,True
us-al-fairhope__commercial__commercial_tenant_improvement__building,AL,Fairhope,commercial_tenant_improvement,building,City of Fairhope Building and Permitting Department,City of Fairhope Building and Permitting Department,local_city_building_inspection_and_permitting,True
us-al-fairhope__commercial__commercial_tenant_improvement__building,AL,Fairhope,commercial_tenant_improvement,zoning,City of Fairhope Building and Permitting Department,City of Fairhope Building and Permitting Department,local_city_building_inspection_and_permitting,True
us-al-florence__commercial__commercial_tenant_improvement__building,AL,Florence,commercial_tenant_improvement,building,City of Florence Building Department,City of Florence Building Department,local,True
us-al-fultondale__residential__residential_building_work__building,AL,Fultondale,residential_remodel,building,,,unknown,True
us-al-fultondale__residential__residential_building_work__building,AL,Fultondale,residential_remodel,fire,,,unknown,True
us-al-gadsden__commercial__commercial_tenant_improvement__building,AL,Gadsden,commercial_tenant_improvement,building,City of Gadsden Building Department,City of Gadsden Building Department,local,True
us-al-gardendale__residential__residential_building_work__building,AL,Gardendale,residential_remodel,building,,,unknown,True
us-al-gardendale__residential__residential_building_work__building,AL,Gardendale,residential_remodel,fire,,,unknown,True
us-al-gardendale__residential__residential_building_work__building,AL,Gardendale,residential_remodel,septic_oss_health,,,unknown,True
us-al-gulf_shores__residential__residential_building_work__building,AL,Gulf Shores,residential_remodel,building,,,unknown,True
us-al-gulf_shores__residential__residential_building_work__building,AL,Gulf Shores,residential_remodel,demolition,,,unknown,True
us-al-gulf_shores__residential__residential_building_work__building,AL,Gulf Shores,residential_remodel,mechanical,,,unknown,True
us-al-gulf_shores__residential__residential_building_work__building,AL,Gulf Shores,residential_remodel,plumbing,,,unknown,True
us-al-hartselle__residential__residential_building_work__building,AL,Hartselle,residential_remodel,building,,,unknown,True
us-al-homewood__commercial__commercial_tenant_improvement__building,AL,Homewood,commercial_tenant_improvement,building,City of Homewood Inspections & Permits Department / Homewood Fire Inspections for fire alarm/sprinkler plans as applicable,City of Homewood Inspections & Permits Department,local,True
us-al-homewood__commercial__commercial_tenant_improvement__building,AL,Homewood,commercial_tenant_improvement,occupancy,City of Homewood Inspections & Permits Department / Homewood Fire Inspections for fire alarm/sprinkler plans as applicable,City of Homewood Inspections & Permits Department,local,True
us-al-hoover__commercial__commercial_tenant_improvement__building,AL,Hoover,commercial_tenant_improvement,building,Hoover,City of Hoover Building Inspections Department,local,True
us-al-houston_county__residential__residential_building_work__building,AL,Houston County,residential_remodel,building,,,unknown,True
us-al-houston_county__residential__residential_building_work__building,AL,Houston County,residential_remodel,mechanical,,,unknown,True
us-al-houston_county__residential__residential_building_work__building,AL,Houston County,residential_remodel,septic_oss_health,,,unknown,True
us-al-huntsville__commercial__commercial_tenant_improvement__building,AL,Huntsville,commercial_tenant_improvement,building,City of Huntsville Inspection Department,City of Huntsville Inspection Department,local,True
us-al-jefferson_county__commercial__commercial_tenant_improvement__building,AL,Jefferson County,commercial_tenant_improvement,building,Jefferson County Development Services / Building Division,Jefferson County Development Services / Building Division,local,True
us-al-lee_county__residential__residential_building_construction_alteration_or_repair__building,AL,Lee County,residential_remodel,building,,,unknown,True
us-al-lee_county__residential__residential_building_construction_alteration_or_repair__building,AL,Lee County,residential_remodel,electrical,,,unknown,True
us-al-lee_county__residential__residential_building_construction_alteration_or_repair__building,AL,Lee County,residential_remodel,mechanical,,,unknown,True
us-al-lee_county__residential__residential_building_construction_alteration_or_repair__building,AL,Lee County,residential_remodel,plumbing,,,unknown,True
us-al-lee_county__residential__residential_building_construction_alteration_or_repair__building,AL,Lee County,residential_remodel,pool,,,unknown,True
us-al-madison__commercial__commercial_tenant_improvement__building,AL,Madison,commercial_tenant_improvement,building,City of Madison Building Department,City of Madison Building Department,local,True
us-al-madison_county__residential__residential_building_construction_alteration_or_repair__building,AL,Madison County,residential_remodel,building,,,unknown,True
us-al-madison_county__residential__residential_building_construction_alteration_or_repair__building,AL,Madison County,residential_remodel,demolition,,,unknown,True
us-al-madison_county__residential__residential_building_construction_alteration_or_repair__building,AL,Madison County,residential_remodel,electrical,,,unknown,True
us-al-madison_county__residential__residential_building_construction_alteration_or_repair__building,AL,Madison County,residential_remodel,mechanical,,,unknown,True
us-al-madison_county__residential__residential_building_construction_alteration_or_repair__building,AL,Madison County,residential_remodel,plumbing,,,unknown,True
us-al-mobile__commercial__commercial_tenant_improvement__building,AL,Mobile,commercial_tenant_improvement,building,City of Mobile Build Mobile Department,City of Mobile Build Mobile Department,local,True
us-al-mobile_county__residential__residential_building_construction_alteration_or_repair__building,AL,Mobile County,residential_remodel,building,,,unknown,True
us-al-mobile_county__residential__residential_building_construction_alteration_or_repair__building,AL,Mobile County,residential_remodel,demolition,,,unknown,True
us-al-montgomery__commercial__commercial_tenant_improvement__building,AL,Montgomery,commercial_tenant_improvement,building,City of Montgomery Inspection Department,City of Montgomery Inspection Department,local,True
us-al-montgomery_county__residential__residential_building_construction_alteration_or_repair__building,AL,Montgomery County,residential_remodel,building,,,unknown,True
us-al-mountain_brook__residential__residential_building_work__building,AL,Mountain Brook,residential_remodel,building,,,unknown,True
us-al-northport__commercial__commercial_tenant_improvement__building,AL,Northport,commercial_tenant_improvement,building,City of Northport Planning and Inspections,City of Northport Planning and Inspections,local,True
us-al-oneonta__residential__residential_building_work__building,AL,Oneonta,residential_remodel,building,City of Oneonta Building Department,City of Oneonta Building Department,local,True
us-al-opelika__commercial__commercial_tenant_improvement__building,AL,Opelika,commercial_tenant_improvement,building,Opelika,Opelika,local,True
us-al-opelika__commercial__commercial_tenant_improvement__building,AL,Opelika,commercial_tenant_improvement,occupancy,Opelika,Opelika,local,True
us-al-oxford__residential__residential_building_work__building,AL,Oxford,residential_remodel,building,City of Oxford Building Department,City of Oxford Building Department,local,True
us-al-pelham__commercial__commercial_tenant_improvement__building,AL,Pelham,commercial_tenant_improvement,building,City of Pelham Building Department,City of Pelham Building Department,local,True
us-al-phenix_city__commercial__commercial_tenant_improvement__building,AL,Phenix City,commercial_tenant_improvement,building,City of Phenix City Building Department,City of Phenix City Building Department,local,True
us-al-prattville__commercial__commercial_tenant_improvement__building,AL,Prattville,commercial_tenant_improvement,building,City of Prattville Building Department,City of Prattville Building Department,local,True
us-al-scottsboro__residential__residential_building_work__building,AL,Scottsboro,residential_remodel,building,City of Scottsboro Building Department,City of Scottsboro Building Department,local,True
us-al-selma__residential__residential_building_work__building,AL,Selma,residential_remodel,building,City of Selma Building Department,City of Selma Building Department,local,True
us-al-shelby_county__residential__residential_building_construction_alteration_or_repair__building,AL,Shelby County,residential_remodel,building,Shelby County Department of Development Services,Shelby County Department of Development Services,local,True
us-al-talladega__residential__residential_building_work__building,AL,Talladega,residential_remodel,building,City of Talladega Building Code Enforcement,City of Talladega Building Code Enforcement,local,True
us-al-troy__residential__residential_building_work__building,AL,Troy,residential_remodel,building,City of Troy Building Department,City of Troy Building Department,local,True
us-al-trussville__residential__residential_building_work__building,AL,Trussville,residential_remodel,building,City of Trussville Building Department,City of Trussville Building Department,local,True
us-al-tuscaloosa__commercial__commercial_tenant_improvement__building,AL,Tuscaloosa,commercial_tenant_improvement,building,City of Tuscaloosa Buildings and Inspections Division,City of Tuscaloosa Buildings and Inspections Division,local,True
us-al-vestavia_hills__residential__residential_building_construction_alteration_or_repair__building,AL,Vestavia Hills,residential_remodel,building,City of Vestavia Hills Building Safety Department,City of Vestavia Hills Building Safety Department,local,True
us-al-wetumpka__residential__residential_building_work__building,AL,Wetumpka,residential_remodel,building,City of Wetumpka Building Department,City of Wetumpka Building Department,local,True
us-ar-arkadelphia__commercial__commercial_tenant_improvement__building,AR,Arkadelphia,commercial_tenant_improvement,building,City of Arkadelphia building/permit authority,City of Arkadelphia building/permit authority,local,True
us-ar-batesville__commercial__commercial_tenant_improvement__building,AR,Batesville,commercial_tenant_improvement,building,City of Batesville building/permit authority,City of Batesville building/permit authority,local,True
us-ar-bella_vista__commercial__commercial_tenant_improvement__building,AR,Bella Vista,commercial_tenant_improvement,building,City of Bella Vista Building Department,City of Bella Vista Building Department,local,True
us-ar-benton__commercial__commercial_tenant_improvement__building,AR,Benton,commercial_tenant_improvement,building,City of Benton Building Department,City of Benton Building Department,local,True
us-ar-bentonville__commercial__commercial_tenant_improvement__building,AR,Bentonville,commercial_tenant_improvement,building,City of Bentonville Building & Fire Safety Division,City of Bentonville Building & Fire Safety Division,local,True
us-ar-blytheville__commercial__commercial_tenant_improvement__building,AR,Blytheville,commercial_tenant_improvement,building,City of Blytheville Building Department,City of Blytheville Building Department,local,True
us-ar-blytheville__commercial__commercial_tenant_improvement__building,AR,Blytheville,commercial_tenant_improvement,electrical,City of Blytheville Building Department,City of Blytheville Building Department,local,True
us-ar-blytheville__commercial__commercial_tenant_improvement__building,AR,Blytheville,commercial_tenant_improvement,fire,City of Blytheville Building Department,City of Blytheville Building Department,local,True
us-ar-blytheville__commercial__commercial_tenant_improvement__building,AR,Blytheville,commercial_tenant_improvement,mechanical,City of Blytheville Building Department,City of Blytheville Building Department,local,True
us-ar-blytheville__commercial__commercial_tenant_improvement__building,AR,Blytheville,commercial_tenant_improvement,occupancy,City of Blytheville Building Department,City of Blytheville Building Department,local,True
us-ar-blytheville__commercial__commercial_tenant_improvement__building,AR,Blytheville,commercial_tenant_improvement,plumbing,City of Blytheville Building Department,City of Blytheville Building Department,local,True
us-ar-blytheville__commercial__commercial_tenant_improvement__building,AR,Blytheville,commercial_tenant_improvement,zoning,City of Blytheville Building Department,City of Blytheville Building Department,local,True
us-ar-bryant__commercial__commercial_tenant_improvement__building,AR,Bryant,commercial_tenant_improvement,building,City of Bryant Building Department,City of Bryant Building Department,local,True
us-ar-camden__commercial__commercial_tenant_improvement__building,AR,Camden,commercial_tenant_improvement,building,City of Camden Building Department,City of Camden Building Department,local,True
us-ar-centerton__commercial__commercial_tenant_improvement__building,AR,Centerton,commercial_tenant_improvement,building,City of Centerton Building Department,City of Centerton Building Department,local,True
us-ar-clarksville__commercial__commercial_tenant_improvement__building,AR,Clarksville,commercial_tenant_improvement,building,City of Clarksville Building Inspector / Administrative Official,City of Clarksville Building Inspector / Clarksville Public Portal,local,True
us-ar-conway__commercial__commercial_tenant_improvement__building,AR,Conway,commercial_tenant_improvement,building,City of Conway Building Department,City of Conway Building Department,local,True
us-ar-farmington__commercial__commercial_tenant_improvement__building,AR,Farmington,commercial_tenant_improvement,building,Farmington,City of Farmington building/permit authority,local,True
us-ar-fayetteville__commercial__commercial_tenant_improvement__building,AR,Fayetteville,commercial_tenant_improvement,building,City of Fayetteville Building Department,City of Fayetteville Building Department,local,True
us-ar-fort_smith__commercial__commercial_tenant_improvement__building,AR,Fort Smith,commercial_tenant_improvement,building,City of Fort Smith Building Department,City of Fort Smith Building Department,local,True
us-ar-fort_smith__commercial__commercial_tenant_improvement__building,AR,Fort Smith,commercial_tenant_improvement,electrical,City of Fort Smith Building Department,City of Fort Smith Building Department,local,True
us-ar-fort_smith__commercial__commercial_tenant_improvement__building,AR,Fort Smith,commercial_tenant_improvement,fire,City of Fort Smith Building Department,City of Fort Smith Building Department,local,True
us-ar-fort_smith__commercial__commercial_tenant_improvement__building,AR,Fort Smith,commercial_tenant_improvement,mechanical,City of Fort Smith Building Department,City of Fort Smith Building Department,local,True
us-ar-fort_smith__commercial__commercial_tenant_improvement__building,AR,Fort Smith,commercial_tenant_improvement,occupancy,City of Fort Smith Building Department,City of Fort Smith Building Department,local,True
us-ar-fort_smith__commercial__commercial_tenant_improvement__building,AR,Fort Smith,commercial_tenant_improvement,plumbing,City of Fort Smith Building Department,City of Fort Smith Building Department,local,True
us-ar-fort_smith__commercial__commercial_tenant_improvement__building,AR,Fort Smith,commercial_tenant_improvement,zoning,City of Fort Smith Building Department,City of Fort Smith Building Department,local,True
us-ar-garfield__commercial__commercial_tenant_improvement__building,AR,Garfield,commercial_tenant_improvement,building,City of Garfield building/permit authority,City of Garfield building/permit authority,local,True
us-ar-garfield__commercial__commercial_tenant_improvement__building,AR,Garfield,commercial_tenant_improvement,mechanical,City of Garfield building/permit authority,City of Garfield building/permit authority,local,True
us-ar-garfield__commercial__commercial_tenant_improvement__building,AR,Garfield,commercial_tenant_improvement,occupancy,City of Garfield building/permit authority,City of Garfield building/permit authority,local,True
us-ar-garfield__commercial__commercial_tenant_improvement__building,AR,Garfield,commercial_tenant_improvement,plumbing,City of Garfield building/permit authority,City of Garfield building/permit authority,local,True
us-ar-harrison__commercial__commercial_tenant_improvement__building,AR,Harrison,commercial_tenant_improvement,building,Harrison,Harrison,local,True
us-ar-highfill__commercial__commercial_tenant_improvement__building,AR,Highfill,commercial_tenant_improvement,building,City of Highfill Building & Inspections Department,City of Highfill Building & Inspections Department,local,True
us-ar-hope__commercial__commercial_tenant_improvement__building,AR,Hope,commercial_tenant_improvement,building,City of Hope building/permit authority,City of Hope building/permit authority,local,True
us-ar-hot_springs__commercial__commercial_tenant_improvement__building,AR,Hot Springs,commercial_tenant_improvement,building,City of Hot Springs Building Department,City of Hot Springs Building Department,local,True
us-ar-hot_springs_village__commercial__commercial_tenant_improvement__building,AR,Hot Springs Village,commercial_tenant_improvement,building,Hot Springs Village Property Owners’ Association Permitting & Inspections Division,Hot Springs Village Property Owners’ Association Permitting & Inspections Division,third_party_official_portal_with_state_code_backstop,True
us-ar-hot_springs_village__commercial__commercial_tenant_improvement__building,AR,Hot Springs Village,commercial_tenant_improvement,occupancy,Hot Springs Village Property Owners’ Association Permitting & Inspections Division,Hot Springs Village Property Owners’ Association Permitting & Inspections Division,third_party_official_portal_with_state_code_backstop,True
us-ar-hot_springs_village__commercial__commercial_tenant_improvement__building,AR,Hot Springs Village,commercial_tenant_improvement,zoning,Hot Springs Village Property Owners’ Association Permitting & Inspections Division,Hot Springs Village Property Owners’ Association Permitting & Inspections Division,third_party_official_portal_with_state_code_backstop,True
us-ar-huntsville__commercial__commercial_tenant_improvement__building,AR,Huntsville,commercial_tenant_improvement,building,City of Huntsville Zoning & Building / City Hall,City of Huntsville Zoning & Building / City Hall,local,True
us-ar-jacksonville__commercial__commercial_tenant_improvement__building,AR,Jacksonville,commercial_tenant_improvement,building,City of Jacksonville Building Department,City of Jacksonville Building Department,local,True
us-ar-jonesboro__commercial__commercial_tenant_improvement__building,AR,Jonesboro,commercial_tenant_improvement,building,City of Jonesboro Building Department,City of Jonesboro Building Department,local,True
us-ar-kensett__commercial__commercial_tenant_improvement__building,AR,Kensett,commercial_tenant_improvement,building,City of Kensett building/permit authority,City of Kensett building/permit authority,local,True
us-ar-little_rock__commercial__commercial_tenant_improvement__building,AR,Little Rock,commercial_tenant_improvement,building,City of Little Rock Building Department,City of Little Rock Building Department,local,True
us-ar-malvern__commercial__commercial_tenant_improvement__building,AR,Malvern,commercial_tenant_improvement,building,City of Malvern building/permit authority,City of Malvern building/permit authority,local,True
us-ar-marion__commercial__commercial_tenant_improvement__building,AR,Marion,commercial_tenant_improvement,building,City of Marion Building Department,City of Marion Building Department,local,True
us-ar-maumelle__commercial__commercial_tenant_improvement__building,AR,Maumelle,commercial_tenant_improvement,building,City of Maumelle Building Department,City of Maumelle Building Department,local,True
us-ar-newport__commercial__commercial_tenant_improvement__building,AR,Newport,commercial_tenant_improvement,building,City of Newport Building Department,City of Newport Building Department,local,True
us-ar-north_little_rock__commercial__commercial_tenant_improvement__building,AR,North Little Rock,commercial_tenant_improvement,building,City of North Little Rock Building Department,City of North Little Rock Building Department,local,True
us-ar-paragould__commercial__commercial_tenant_improvement__building,AR,Paragould,commercial_tenant_improvement,building,City of Paragould Building Department,City of Paragould Building Department,local,True
us-ar-pea_ridge__commercial__commercial_tenant_improvement__building,AR,Pea Ridge,commercial_tenant_improvement,building,City of Pea Ridge Building Department,City of Pea Ridge Building Department,local,True
us-ar-pine_bluff__commercial__commercial_tenant_improvement__building,AR,Pine Bluff,commercial_tenant_improvement,building,City of Pine Bluff Building Department,City of Pine Bluff Building Department,local,True
us-ar-pocahontas__commercial__commercial_tenant_improvement__building,AR,Pocahontas,commercial_tenant_improvement,building,City of Pocahontas Building Department,City of Pocahontas Building Department,local,True
us-ar-rogers__commercial__commercial_tenant_improvement__building,AR,Rogers,commercial_tenant_improvement,building,City of Rogers Building Department,City of Rogers Building Department,local,True
us-ar-rogers__commercial__commercial_tenant_improvement__building,AR,Rogers,commercial_tenant_improvement,occupancy,City of Rogers Building Department,City of Rogers Building Department,local,True
us-ar-russellville__commercial__commercial_tenant_improvement__building,AR,Russellville,commercial_tenant_improvement,building,City of Russellville Building Department,City of Russellville Building Department,local,True
us-ar-russellville__commercial__commercial_tenant_improvement__building,AR,Russellville,commercial_tenant_improvement,zoning,City of Russellville Building Department,City of Russellville Building Department,local,True
us-ar-searcy__commercial__commercial_tenant_improvement__building,AR,Searcy,commercial_tenant_improvement,building,City of Searcy Building Department,City of Searcy Building Department,local,True
us-ar-sherwood__commercial__commercial_tenant_improvement__building,AR,Sherwood,commercial_tenant_improvement,building,City of Sherwood Building Department,City of Sherwood Building Department,local,True
us-ar-siloam_springs__commercial__commercial_tenant_improvement__building,AR,Siloam Springs,commercial_tenant_improvement,building,City of Siloam Springs Building Division / Planning Division,City of Siloam Springs Building Division / Planning Division,local,True
us-ar-springdale__commercial__commercial_tenant_improvement__building,AR,Springdale,commercial_tenant_improvement,building,City of Springdale Building Department,City of Springdale Building Department,local,True
us-ar-texarkana__commercial__commercial_tenant_improvement__building,AR,Texarkana,commercial_tenant_improvement,building,City of Texarkana Planning and Zoning Division,City of Texarkana Planning and Zoning Division,local,True
us-ar-west_memphis__commercial__commercial_tenant_improvement__building,AR,West Memphis,commercial_tenant_improvement,building,City of West Memphis Planning & Development Department,City of West Memphis Planning & Development Department,local,True
us-ar-wynne__commercial__commercial_tenant_improvement__building,AR,Wynne,commercial_tenant_improvement,building,City of Wynne Building Department,City of Wynne Building Department,local,True
us-az-apache_junction__commercial__commercial_tenant_improvement__building,AZ,Apache Junction,commercial_tenant_improvement,building,City of Apache Junction Building Safety and Inspection,City of Apache Junction Building Safety and Inspection,local,True
us-az-avondale__commercial__commercial_tenant_improvement__building,AZ,Avondale,commercial_tenant_improvement,building,City of Avondale Development Services Building Division,City of Avondale Development Services Building Division,local,True
us-az-buckeye__residential__reroof__building,AZ,Buckeye,reroof,building,City of Buckeye Development Services Permit Center,City of Buckeye Development Services Permit Center,local,True
us-az-bullhead_city__commercial__commercial_tenant_improvement__building,AZ,Bullhead City,commercial_tenant_improvement,building,Bullhead City Development Services/Building Division,Bullhead City Development Services/Building Division,local,True
us-az-casa_grande__commercial__commercial_tenant_improvement__building,AZ,Casa Grande,commercial_tenant_improvement,building,City of Casa Grande Building Department,City of Casa Grande Building Department,local,True
us-az-chandler__commercial__commercial_tenant_improvement__building,AZ,Chandler,commercial_tenant_improvement,building,City of Chandler Development Services,City of Chandler Development Services,local,True
us-az-cochise_county__commercial__commercial_tenant_improvement__building,AZ,Cochise County,commercial_tenant_improvement,building,Cochise County Building Safety Division,Cochise County Building Safety Division,county,True
us-az-coconino_county__commercial__commercial_tenant_improvement__building,AZ,Coconino County,commercial_tenant_improvement,building,Coconino County,Coconino County,local,True
us-az-douglas__commercial__commercial_tenant_improvement__building,AZ,Douglas,commercial_tenant_improvement,building,City of Douglas Development Services,City of Douglas Development Services,local_city_development_services,True
us-az-douglas__commercial__commercial_tenant_improvement__building,AZ,Douglas,commercial_tenant_improvement,zoning,City of Douglas Development Services,City of Douglas Development Services,local_city_development_services,True
us-az-el_mirage__commercial__commercial_tenant_improvement__building,AZ,El Mirage,commercial_tenant_improvement,building,City of El Mirage Building Safety,City of El Mirage Building Safety,local,True
us-az-eloy__commercial__commercial_tenant_improvement__building,AZ,Eloy,commercial_tenant_improvement,building,City of Eloy Building Safety,City of Eloy Building Safety,local,True
us-az-flagstaff__residential__reroof__building,AZ,Flagstaff,reroof,building,City of Flagstaff Planning and Development Services,City of Flagstaff Planning and Development Services,local,True
us-az-florence__commercial__commercial_tenant_improvement__building,AZ,Florence,commercial_tenant_improvement,building,Town of Florence Community Development Department / Building Safety Division,Town of Florence Community Development Department / Building Safety Division,local_with_public_smartgov_portal_and_fire_prevention_subpermit_routing,True
us-az-fountain_hills__commercial__commercial_tenant_improvement__building,AZ,Fountain Hills,commercial_tenant_improvement,building,Town of Fountain Hills Development Services,Town of Fountain Hills Development Services,local,True
us-az-gilbert__commercial__commercial_tenant_improvement__building,AZ,Gilbert,commercial_tenant_improvement,building,Town of Gilbert Development Services,Town of Gilbert Development Services,local,True
us-az-glendale__commercial__commercial_tenant_improvement__building,AZ,Glendale,commercial_tenant_improvement,building,City of Glendale Building Safety Codes and Services,City of Glendale Building Safety Codes and Services,local,True
us-az-goodyear__commercial__commercial_tenant_improvement__building,AZ,Goodyear,commercial_tenant_improvement,building,City of Goodyear Engineering and Development Services,City of Goodyear Engineering and Development Services,local,True
us-az-goodyear__commercial__commercial_tenant_improvement__building,AZ,Goodyear,commercial_tenant_improvement,electrical,City of Goodyear Engineering and Development Services,City of Goodyear Engineering and Development Services,local,True
us-az-goodyear__commercial__commercial_tenant_improvement__building,AZ,Goodyear,commercial_tenant_improvement,fire,City of Goodyear Engineering and Development Services,City of Goodyear Engineering and Development Services,local,True
us-az-goodyear__commercial__commercial_tenant_improvement__building,AZ,Goodyear,commercial_tenant_improvement,mechanical,City of Goodyear Engineering and Development Services,City of Goodyear Engineering and Development Services,local,True
us-az-goodyear__commercial__commercial_tenant_improvement__building,AZ,Goodyear,commercial_tenant_improvement,occupancy,City of Goodyear Engineering and Development Services,City of Goodyear Engineering and Development Services,local,True
us-az-goodyear__commercial__commercial_tenant_improvement__building,AZ,Goodyear,commercial_tenant_improvement,plumbing,City of Goodyear Engineering and Development Services,City of Goodyear Engineering and Development Services,local,True
us-az-goodyear__commercial__commercial_tenant_improvement__building,AZ,Goodyear,commercial_tenant_improvement,zoning,City of Goodyear Engineering and Development Services,City of Goodyear Engineering and Development Services,local,True
us-az-kingman__commercial__commercial_tenant_improvement__building,AZ,Kingman,commercial_tenant_improvement,building,City of Kingman Development Services,City of Kingman Development Services,local,True
us-az-lake_havasu_city__commercial__commercial_tenant_improvement__building,AZ,Lake Havasu City,commercial_tenant_improvement,building,City of Lake Havasu Development and Permitting,City of Lake Havasu Development and Permitting,local,True
us-az-marana__commercial__commercial_tenant_improvement__building,AZ,Marana,commercial_tenant_improvement,building,Town of Marana Building Department,Town of Marana Building Department,local,True
us-az-maricopa_city__commercial__commercial_tenant_improvement__building,AZ,Maricopa City,commercial_tenant_improvement,building,City of Maricopa Development Services Permit Center,City of Maricopa Development Services Permit Center,local,True
us-az-maricopa_county__commercial__commercial_tenant_improvement__building,AZ,Maricopa County,commercial_tenant_improvement,building,Maricopa County,Maricopa County,local,True
us-az-mesa__residential__residential_construction__building,AZ,Mesa,residential_remodel,building,City of Mesa Development Services,City of Mesa Development Services,local,True
us-az-mohave_county__commercial__commercial_tenant_improvement__building,AZ,Mohave County,commercial_tenant_improvement,building,Mohave County Development Services Building Division,Mohave County Development Services Building Division,county,True
us-az-nogales__commercial__commercial_tenant_improvement__building,AZ,Nogales,commercial_tenant_improvement,building,City of Nogales Community Development,City of Nogales Community Development,local,True
us-az-oro_valley__commercial__commercial_tenant_improvement__building,AZ,Oro Valley,commercial_tenant_improvement,building,Town of Oro Valley Community and Economic Development,Town of Oro Valley Community and Economic Development,local,True
us-az-paradise_valley__commercial__commercial_tenant_improvement__building,AZ,Paradise Valley,commercial_tenant_improvement,building,Paradise Valley,Town of Paradise Valley Building Department,local,True
us-az-payson__commercial__commercial_tenant_improvement__building,AZ,Payson,commercial_tenant_improvement,building,Town of Payson Building Division,Town of Payson Building Division,local,True
us-az-peoria__commercial__commercial_tenant_improvement__building,AZ,Peoria,commercial_tenant_improvement,building,City of Peoria Development Services,City of Peoria Development Services,local,True
us-az-phoenix__commercial__commercial_tenant_improvement__building,AZ,Phoenix,commercial_tenant_improvement,building,City of Phoenix Planning and Development Department,City of Phoenix Planning and Development Department,local,True
us-az-pima_county__commercial__commercial_tenant_improvement__building,AZ,Pima County,commercial_tenant_improvement,building,Pima County Development Services Building and Site Development,Pima County Development Services Building and Site Development,county,True
us-az-pinal_county__commercial__commercial_tenant_improvement__building,AZ,Pinal County,commercial_tenant_improvement,building,Pinal County Building Safety Department,Pinal County Building Safety Department,county,True
us-az-prescott__commercial__commercial_tenant_improvement__building,AZ,Prescott,commercial_tenant_improvement,building,City of Prescott Building Safety Division,City of Prescott Building Safety Division,local,True
us-az-prescott_valley__commercial__commercial_tenant_improvement__building,AZ,Prescott Valley,commercial_tenant_improvement,building,Prescott Valley,Prescott Valley,local,True
us-az-queen_creek__commercial__commercial_tenant_improvement__building,AZ,Queen Creek,commercial_tenant_improvement,building,Town of Queen Creek Development Services Building Safety,Town of Queen Creek Development Services Building Safety,local,True
us-az-sahuarita__commercial__commercial_tenant_improvement__building,AZ,Sahuarita,commercial_tenant_improvement,building,Town of Sahuarita Building and Development,Town of Sahuarita Building and Development,local,True
us-az-san_luis__commercial__commercial_tenant_improvement__building,AZ,San Luis,commercial_tenant_improvement,building,City of San Luis Building Safety Division,City of San Luis Building Safety Division,local,True
us-az-scottsdale__residential__residential_structural_improvement__building,AZ,Scottsdale,residential_remodel,building,City of Scottsdale Planning and Development,City of Scottsdale Planning and Development,local,True
us-az-sedona__commercial__commercial_tenant_improvement__building,AZ,Sedona,commercial_tenant_improvement,building,City of Sedona Community Development,City of Sedona Community Development,local,True
us-az-sierra_vista__commercial__commercial_tenant_improvement__building,AZ,Sierra Vista,commercial_tenant_improvement,building,City of Sierra Vista Community Development,City of Sierra Vista Community Development,local,True
us-az-surprise__commercial__commercial_tenant_improvement__building,AZ,Surprise,commercial_tenant_improvement,building,City of Surprise Community Development,City of Surprise Community Development,local,True
us-az-tempe__commercial__commercial_tenant_improvement__building,AZ,Tempe,commercial_tenant_improvement,building,City of Tempe Community Development Building Safety,City of Tempe Community Development Building Safety,local,True
us-az-tucson__commercial__commercial_tenant_improvement__building,AZ,Tucson,commercial_tenant_improvement,building,City of Tucson Planning and Development Services,City of Tucson Planning and Development Services,local,True
us-az-wickenburg__commercial__commercial_tenant_improvement__building,AZ,Wickenburg,commercial_tenant_improvement,building,Town of Wickenburg Community Development,Town of Wickenburg Community Development,local,True
us-az-yavapai_county__commercial__commercial_tenant_improvement__building,AZ,Yavapai County,commercial_tenant_improvement,building,Yavapai County Development Services,Yavapai County Development Services,county,True
us-ca-anaheim__commercial__commercial_tenant_improvement__building,CA,Anaheim,commercial_tenant_improvement,building,City of Anaheim Planning and Building,City of Anaheim Planning and Building,local,True
us-ca-bakersfield__commercial__commercial_tenant_improvement__building,CA,Bakersfield,commercial_tenant_improvement,building,Bakersfield,Bakersfield,local,True
us-ca-chula_vista__commercial__commercial_tenant_improvement__building,CA,Chula Vista,commercial_tenant_improvement,building,City of Chula Vista Development Services,City of Chula Vista Development Services,local,True
us-ca-contra_costa_county__commercial__commercial_tenant_improvement__building,CA,Contra Costa County,commercial_tenant_improvement,building,Contra Costa County Building Inspection Division,Contra Costa County Building Inspection Division,county,True
us-ca-corona__commercial__commercial_tenant_improvement__building,CA,Corona,commercial_tenant_improvement,building,City of Corona Planning & Development Department / Building Division,City of Corona Planning & Development Department / Building Division,local,True
us-ca-corona__commercial__commercial_tenant_improvement__building,CA,Corona,commercial_tenant_improvement,occupancy,City of Corona Planning & Development Department / Building Division,City of Corona Planning & Development Department / Building Division,local,True
us-ca-elk_grove__commercial__commercial_tenant_improvement__building,CA,Elk Grove,commercial_tenant_improvement,building,City of Elk Grove Development Services,City of Elk Grove Development Services,local,True
us-ca-escondido__commercial__commercial_tenant_improvement__building,CA,Escondido,commercial_tenant_improvement,building,City of Escondido Planning and Building Division,City of Escondido Planning and Building Division,local,True
us-ca-fontana__commercial__commercial_tenant_improvement__building,CA,Fontana,commercial_tenant_improvement,building,City of Fontana Building and Safety Division,City of Fontana Building and Safety Division,local,True
us-ca-fremont__commercial__commercial_tenant_improvement__building,CA,Fremont,commercial_tenant_improvement,building,"City of Fremont Planning, Building and Permit Services","City of Fremont Planning, Building and Permit Services",local,True
us-ca-fresno__commercial__commercial_tenant_improvement__building,CA,Fresno,commercial_tenant_improvement,building,City of Fresno Planning and Development Department,City of Fresno Planning and Development Department,local,True
us-ca-fullerton__commercial__commercial_tenant_improvement__building,CA,Fullerton,commercial_tenant_improvement,building,City of Fullerton Development Services Department,City of Fullerton Development Services Department,local,True
us-ca-garden_grove__commercial__commercial_tenant_improvement__building,CA,Garden Grove,commercial_tenant_improvement,building,City of Garden Grove Building and Safety,City of Garden Grove Building and Safety,local,True
us-ca-glendale__commercial__commercial_tenant_improvement__building,CA,Glendale,commercial_tenant_improvement,building,City of Glendale Community Development Department,City of Glendale Community Development Department,local,True
us-ca-hayward__commercial__commercial_tenant_improvement__building,CA,Hayward,commercial_tenant_improvement,building,City of Hayward Planning and Development Services,City of Hayward Planning and Development Services,local,True
us-ca-huntington_beach__commercial__commercial_tenant_improvement__building,CA,Huntington Beach,commercial_tenant_improvement,building,Huntington Beach,Huntington Beach,local,True
us-ca-irvine__commercial__commercial_tenant_improvement__building,CA,Irvine,commercial_tenant_improvement,building,City of Irvine Community Development Department,City of Irvine Community Development Department,local,True
us-ca-lancaster__commercial__commercial_tenant_improvement__building,CA,Lancaster,commercial_tenant_improvement,building,City of Lancaster Building and Safety Division,City of Lancaster Building and Safety Division,local,True
us-ca-long_beach__commercial__commercial_tenant_improvement__building,CA,Long Beach,commercial_tenant_improvement,building,Long Beach,Long Beach,local,True
us-ca-los_angeles__commercial__commercial_tenant_improvement__building,CA,Los Angeles,commercial_tenant_improvement,building,Los Angeles Department of Building and Safety,Los Angeles Department of Building and Safety,local,True
us-ca-los_angeles_county__commercial__commercial_tenant_improvement__building,CA,Los Angeles County,commercial_tenant_improvement,building,Los Angeles County Department of Public Works Building and Safety,Los Angeles County Department of Public Works Building and Safety,county,True
us-ca-modesto__commercial__commercial_tenant_improvement__building,CA,Modesto,commercial_tenant_improvement,building,City of Modesto Building Safety Division,City of Modesto Building Safety Division,local,True
us-ca-moreno_valley__commercial__commercial_tenant_improvement__building,CA,Moreno Valley,commercial_tenant_improvement,building,City of Moreno Valley Community and Economic Development,City of Moreno Valley Community and Economic Development,local,True
us-ca-oakland__commercial__commercial_tenant_improvement__building,CA,Oakland,commercial_tenant_improvement,building,City of Oakland Planning and Building Department,City of Oakland Planning and Building Department / Online Permit Center,local,True
us-ca-oceanside__commercial__commercial_tenant_improvement__building,CA,Oceanside,commercial_tenant_improvement,building,City of Oceanside Development Services,City of Oceanside Development Services,local,True
us-ca-ontario__commercial__commercial_tenant_improvement__building,CA,Ontario,commercial_tenant_improvement,building,City of Ontario Community Development - Building Department,City of Ontario Community Development - Building Department,local,True
us-ca-orange__commercial__commercial_tenant_improvement__building,CA,Orange,commercial_tenant_improvement,building,City of Orange Planning and Development Services,City of Orange Planning and Development Services,local,True
us-ca-orange_county__commercial__commercial_tenant_improvement__building,CA,Orange County,commercial_tenant_improvement,building,Orange County Public Works Development Services,Orange County Public Works Development Services,county,True
us-ca-oxnard__commercial__commercial_tenant_improvement__building,CA,Oxnard,commercial_tenant_improvement,building,Oxnard,Oxnard,local,True
us-ca-palmdale__commercial__commercial_tenant_improvement__building,CA,Palmdale,commercial_tenant_improvement,building,City of Palmdale Building and Safety Division,City of Palmdale Building and Safety Division,local,True
us-ca-pasadena__commercial__commercial_tenant_improvement__building,CA,Pasadena,commercial_tenant_improvement,building,City of Pasadena Permit Center,City of Pasadena Permit Center,local,True
us-ca-pomona__commercial__commercial_tenant_improvement__building,CA,Pomona,commercial_tenant_improvement,building,City of Pomona Planning and Permitting,City of Pomona Planning and Permitting,local,True
us-ca-rancho_cucamonga__commercial__commercial_tenant_improvement__building,CA,Rancho Cucamonga,commercial_tenant_improvement,building,City of Rancho Cucamonga Building and Safety Services,City of Rancho Cucamonga Building and Safety Services,local,True
us-ca-riverside__commercial__commercial_tenant_improvement__building,CA,Riverside,commercial_tenant_improvement,building,Riverside,City of Riverside Community and Economic Development Department,local,True
us-ca-roseville__commercial__commercial_tenant_improvement__building,CA,Roseville,commercial_tenant_improvement,building,City of Roseville Development Services Department,City of Roseville Development Services Department,local,True
us-ca-sacramento__commercial__commercial_tenant_improvement__building,CA,Sacramento,commercial_tenant_improvement,building,City of Sacramento Community Development Department,City of Sacramento Community Development Department,local,True
us-ca-salinas__commercial__commercial_tenant_improvement__building,CA,Salinas,commercial_tenant_improvement,building,City of Salinas Community and Economic Development,City of Salinas Community and Economic Development,local,True
us-ca-san_bernardino__commercial__commercial_tenant_improvement__building,CA,San Bernardino,commercial_tenant_improvement,building,City of San Bernardino Community Development and Housing,City of San Bernardino Community Development and Housing,local,True
us-ca-san_diego__commercial__commercial_tenant_improvement__building,CA,San Diego,commercial_tenant_improvement,building,City of San Diego Development Services Department,City of San Diego Development Services Department,local,True
us-ca-san_diego_county__commercial__commercial_tenant_improvement__building,CA,San Diego County,commercial_tenant_improvement,building,San Diego County Planning and Development Services Building Division,San Diego County Planning and Development Services Building Division,county,True
us-ca-san_francisco__commercial__commercial_tenant_improvement__building,CA,San Francisco,commercial_tenant_improvement,building,San Francisco,San Francisco,local,True
us-ca-san_jose__commercial__commercial_tenant_improvement__building,CA,San Jose,commercial_tenant_improvement,building,San Jose,San Jose,local,True
us-ca-santa_ana__commercial__commercial_tenant_improvement__building,CA,Santa Ana,commercial_tenant_improvement,building,City of Santa Ana Planning and Building Agency,City of Santa Ana Planning and Building Agency,local,True
us-ca-santa_ana__commercial__commercial_tenant_improvement__building,CA,Santa Ana,commercial_tenant_improvement,electrical,City of Santa Ana Planning and Building Agency,City of Santa Ana Planning and Building Agency,local,True
us-ca-santa_ana__commercial__commercial_tenant_improvement__building,CA,Santa Ana,commercial_tenant_improvement,mechanical,City of Santa Ana Planning and Building Agency,City of Santa Ana Planning and Building Agency,local,True
us-ca-santa_ana__commercial__commercial_tenant_improvement__building,CA,Santa Ana,commercial_tenant_improvement,plumbing,City of Santa Ana Planning and Building Agency,City of Santa Ana Planning and Building Agency,local,True
us-ca-santa_clara__commercial__commercial_tenant_improvement__building,CA,Santa Clara,commercial_tenant_improvement,building,City of Santa Clara Planning and Inspection Services,City of Santa Clara Planning and Inspection Services,local,True
us-ca-santa_clara__commercial__commercial_tenant_improvement__building,CA,Santa Clara,commercial_tenant_improvement,electrical,City of Santa Clara Planning and Inspection Services,City of Santa Clara Planning and Inspection Services,local,True
us-ca-santa_clara__commercial__commercial_tenant_improvement__building,CA,Santa Clara,commercial_tenant_improvement,fire,City of Santa Clara Planning and Inspection Services,City of Santa Clara Planning and Inspection Services,local,True
us-ca-santa_clara__commercial__commercial_tenant_improvement__building,CA,Santa Clara,commercial_tenant_improvement,mechanical,City of Santa Clara Planning and Inspection Services,City of Santa Clara Planning and Inspection Services,local,True
us-ca-santa_clara__commercial__commercial_tenant_improvement__building,CA,Santa Clara,commercial_tenant_improvement,occupancy,City of Santa Clara Planning and Inspection Services,City of Santa Clara Planning and Inspection Services,local,True
us-ca-santa_clara__commercial__commercial_tenant_improvement__building,CA,Santa Clara,commercial_tenant_improvement,plumbing,City of Santa Clara Planning and Inspection Services,City of Santa Clara Planning and Inspection Services,local,True
us-ca-santa_clara__commercial__commercial_tenant_improvement__building,CA,Santa Clara,commercial_tenant_improvement,zoning,City of Santa Clara Planning and Inspection Services,City of Santa Clara Planning and Inspection Services,local,True
us-ca-santa_clarita__commercial__commercial_tenant_improvement__building,CA,Santa Clarita,commercial_tenant_improvement,building,City of Santa Clarita Building and Safety,City of Santa Clarita Building and Safety,local,True
us-ca-santa_rosa__commercial__commercial_tenant_improvement__building,CA,Santa Rosa,commercial_tenant_improvement,building,City of Santa Rosa Planning and Economic Development,City of Santa Rosa Planning and Economic Development,local,True
us-ca-stockton__commercial__commercial_tenant_improvement__building,CA,Stockton,commercial_tenant_improvement,building,City of Stockton Community Development Department,City of Stockton Community Development Department,local,True
us-ca-sunnyvale__commercial__commercial_tenant_improvement__building,CA,Sunnyvale,commercial_tenant_improvement,building,City of Sunnyvale Planning and Building / One-Stop Permit Center,City of Sunnyvale Planning and Building / One-Stop Permit Center,local,True
us-ca-torrance__commercial__commercial_tenant_improvement__building,CA,Torrance,commercial_tenant_improvement,building,City of Torrance Community Development Department,City of Torrance Community Development Department,local,True
us-ca-victorville__commercial__commercial_tenant_improvement__building,CA,Victorville,commercial_tenant_improvement,building,City of Victorville Development Department,City of Victorville Development Department,local,True
us-ca-visalia__commercial__commercial_tenant_improvement__building,CA,Visalia,commercial_tenant_improvement,building,City of Visalia Development Services,City of Visalia Development Services,local,True
us-co-adams_county__commercial__commercial_tenant_improvement__building,CO,Adams County,commercial_tenant_improvement,building,Adams County Building Safety Division,Adams County Building Safety Division,county,True
us-co-arapahoe_county__commercial__commercial_tenant_improvement__building,CO,Arapahoe County,commercial_tenant_improvement,building,Arapahoe County Building Division,Arapahoe County Building Division,county,True
us-co-arvada__commercial__commercial_tenant_improvement__building,CO,Arvada,commercial_tenant_improvement,building,City of Arvada Building Services / Building Division,City of Arvada / Arvada permits site,local,True
us-co-arvada__commercial__commercial_tenant_improvement__building,CO,Arvada,commercial_tenant_improvement,occupancy,City of Arvada Building Services / Building Division,City of Arvada / Arvada permits site,local,True
us-co-aurora__commercial__commercial_tenant_improvement__building,CO,Aurora,commercial_tenant_improvement,building,City of Aurora Building Division,City of Aurora Building Division / Permit Center,local,True
us-co-boulder__commercial__commercial_tenant_improvement__building,CO,Boulder,commercial_tenant_improvement,building,City of Boulder Planning & Development Services / Building Services,City of Boulder Customer Self-Service Portal,local,True
us-co-boulder_county__commercial__commercial_tenant_improvement__building,CO,Boulder County,commercial_tenant_improvement,building,Boulder County Community Planning and Permitting,Boulder County Community Planning and Permitting,local,True
us-co-brighton__commercial__commercial_tenant_improvement__building,CO,Brighton,commercial_tenant_improvement,building,Brighton,Brighton,local,True
us-co-broomfield__commercial__commercial_tenant_improvement__building,CO,Broomfield,commercial_tenant_improvement,building,City and County of Broomfield Building Division,City and County of Broomfield Building Division / public access permit route,local,True
us-co-castle_rock__commercial__commercial_tenant_improvement__building,CO,Castle Rock,commercial_tenant_improvement,building,Town of Castle Rock Building Division / Development Services,Town of Castle Rock building permit route,local,True
us-co-centennial__commercial__commercial_tenant_improvement__building,CO,Centennial,commercial_tenant_improvement,building,City of Centennial Building Division,City of Centennial online building permit system,local,True
us-co-colorado_springs_pprbd__commercial__commercial_tenant_improvement__building,CO,Colorado Springs Pprbd,commercial_tenant_improvement,building,Pikes Peak Regional Building Department (PPRBD),Pikes Peak Regional Building Department (PPRBD),mixed,True
us-co-commerce_city__commercial__commercial_tenant_improvement__building,CO,Commerce City,commercial_tenant_improvement,building,City of Commerce City Building Safety Division,City of Commerce City eTRAKiT / Building Safety Division,local,True
us-co-denver__commercial__commercial_tenant_improvement__building,CO,Denver,commercial_tenant_improvement,building,City and County of Denver Community Planning and Development (CPD),City and County of Denver Community Planning and Development (CPD),local,True
us-co-douglas_county__commercial__commercial_tenant_improvement__building,CO,Douglas County,commercial_tenant_improvement,building,Douglas County Building Division,Douglas County Building Division,local,True
us-co-eagle_county__commercial__commercial_tenant_improvement__building,CO,Eagle County,commercial_tenant_improvement,building,Eagle County Building Department / Community Development,Eagle County Building Department,county,True
us-co-el_paso_county__commercial__commercial_tenant_improvement__building,CO,El Paso County,commercial_tenant_improvement,building,Pikes Peak Regional Building Department,Pikes Peak Regional Building Department,delegated,True
us-co-englewood__commercial__commercial_tenant_improvement__building,CO,Englewood,commercial_tenant_improvement,building,Englewood permitting authority,Englewood permitting authority,local,True
us-co-erie__commercial__commercial_tenant_improvement__building,CO,Erie,commercial_tenant_improvement,building,Town of Erie Building Division,Town of Erie Building Division,local,True
us-co-federal_heights__commercial__commercial_tenant_improvement__building,CO,Federal Heights,commercial_tenant_improvement,building,Federal Heights official building/permit authority,Federal Heights official building/permit authority,local,True
us-co-firestone__commercial__commercial_tenant_improvement__building,CO,Firestone,commercial_tenant_improvement,building,Town of Firestone Building Division,Town of Firestone Planning and Development / Building Division with Frederick-Firestone Fire Protection District fire approval,local_building_planning_with_fire_district_approval_route,True
us-co-firestone__commercial__commercial_tenant_improvement__building,CO,Firestone,commercial_tenant_improvement,fire,Town of Firestone Building Division,Town of Firestone Planning and Development / Building Division with Frederick-Firestone Fire Protection District fire approval,local_building_planning_with_fire_district_approval_route,True
us-co-fort_collins__commercial__commercial_tenant_improvement__building,CO,Fort Collins,commercial_tenant_improvement,building,City of Fort Collins Building Services,City of Fort Collins Building Services,local,True
us-co-frederick__commercial__commercial_tenant_improvement__building,CO,Frederick,commercial_tenant_improvement,building,Frederick,Frederick,local,True
us-co-garfield_county__commercial__commercial_tenant_improvement__building,CO,Garfield County,commercial_tenant_improvement,building,Garfield County Community Development / Building Division,Garfield County Community Development building permit applications route,county,True
us-co-grand_junction__commercial__commercial_tenant_improvement__building,CO,Grand Junction,commercial_tenant_improvement,building,Mesa County Building Department for building permits plus City of Grand Junction Community Development for planning clearances,Mesa County Building Department / City of Grand Junction Community Development routing,mixed,True
us-co-grand_junction_mesa_county__commercial__commercial_tenant_improvement__building,CO,Grand Junction Mesa County,commercial_tenant_improvement,building,Mesa County Community Development Building Division,Mesa County Community Development Building Division,county,True
us-co-greeley__commercial__commercial_tenant_improvement__building,CO,Greeley,commercial_tenant_improvement,building,City of Greeley Building Permits and Inspections,City of Greeley permitting/inspections route,local,True
us-co-greenwood_village__commercial__commercial_tenant_improvement__building,CO,Greenwood Village,commercial_tenant_improvement,building,Greenwood Village,Greenwood Village,local,True
us-co-jefferson_county__commercial__commercial_tenant_improvement__building,CO,Jefferson County,commercial_tenant_improvement,building,Jefferson County Planning & Zoning Division (Building Safety),Jefferson County Planning & Zoning Division (Building Safety),county,True
us-co-johnstown__commercial__commercial_tenant_improvement__building,CO,Johnstown,commercial_tenant_improvement,building,Town of Johnstown Building Division,Town of Johnstown Building Division,local,True
us-co-lakewood__commercial__commercial_tenant_improvement__building,CO,Lakewood,commercial_tenant_improvement,building,City of Lakewood Public Works Department,City of Lakewood Public Works Department - Permit Counter,local,True
us-co-lakewood__commercial__commercial_tenant_improvement__building,CO,Lakewood,commercial_tenant_improvement,fire,City of Lakewood Public Works Department,City of Lakewood Public Works Department - Permit Counter,local,True
us-co-lakewood__commercial__commercial_tenant_improvement__building,CO,Lakewood,commercial_tenant_improvement,occupancy,City of Lakewood Public Works Department,City of Lakewood Public Works Department - Permit Counter,local,True
us-co-lakewood__commercial__commercial_tenant_improvement__building,CO,Lakewood,commercial_tenant_improvement,plumbing,City of Lakewood Public Works Department,City of Lakewood Public Works Department - Permit Counter,local,True
us-co-lakewood__commercial__commercial_tenant_improvement__building,CO,Lakewood,commercial_tenant_improvement,zoning,City of Lakewood Public Works Department,City of Lakewood Public Works Department - Permit Counter,local,True
us-co-larimer_county__commercial__commercial_tenant_improvement__building,CO,Larimer County,commercial_tenant_improvement,building,Larimer County Building Division,Larimer County Building Division,county,True
us-co-littleton__commercial__commercial_tenant_improvement__building,CO,Littleton,commercial_tenant_improvement,building,City of Littleton Building Division,City of Littleton eTRAKiT / Permit Center,local,True
us-co-lone_tree__commercial__commercial_tenant_improvement__building,CO,Lone Tree,commercial_tenant_improvement,building,City of Lone Tree Building Division,City of Lone Tree Building Division,local,True
us-co-louisville_co__commercial__commercial_tenant_improvement__building,CO,Louisville Co,commercial_tenant_improvement,building,City of Louisville Building Division,City of Louisville Building Division,local,True
us-co-loveland__commercial__commercial_tenant_improvement__building,CO,Loveland,commercial_tenant_improvement,building,City of Loveland Building Division / Development Center,City of Loveland CitizenAccess / Building Division,local,True
us-co-milliken__commercial__commercial_tenant_improvement__building,CO,Milliken,commercial_tenant_improvement,building,Milliken,Milliken,local,True
us-co-parker__commercial__commercial_tenant_improvement__building,CO,Parker,commercial_tenant_improvement,building,Town of Parker Building Division,Town of Parker Building Division / eTRAKiT,local,True
us-co-pueblo_county__commercial__commercial_tenant_improvement__building,CO,Pueblo County,commercial_tenant_improvement,building,Pueblo County Building Division,Pueblo County Building Division,county,True
us-co-pueblo_socobd__commercial__commercial_tenant_improvement__building,CO,Pueblo Socobd,commercial_tenant_improvement,building,Southern Colorado Building Department for City of Pueblo and Town of Boone building department functions,SOCOBD permit portal for Pueblo/Boone; Pueblo County permitting for unincorporated Pueblo County as routed by official SOCOBD notice,delegated,True
us-co-superior_co__commercial__commercial_tenant_improvement__building,CO,Superior Co,commercial_tenant_improvement,building,Town of Superior Planning & Building / SAFEbuilt with Mountain View Fire Rescue for fire/life-safety plan review,Town of Superior Planning & Building / SAFEbuilt with Mountain View Fire Rescue for fire/life-safety plan review,local_with_fire_district_life_safety_review,True
us-co-thornton__commercial__commercial_tenant_improvement__building,CO,Thornton,commercial_tenant_improvement,building,City of Thornton Building Inspection Division,City of Thornton Building Inspection Division,local,True
us-co-weld_county__commercial__commercial_tenant_improvement__building,CO,Weld County,commercial_tenant_improvement,building,Weld County Building Inspection Division,Weld County Building Inspection Division,local,True
us-co-westminster__commercial__commercial_tenant_improvement__building,CO,Westminster,commercial_tenant_improvement,building,City of Westminster Building Division,City of Westminster permits/eTRAKiT route,local,True
us-co-wheat_ridge__commercial__commercial_tenant_improvement__building,CO,Wheat Ridge,commercial_tenant_improvement,building,Wheat Ridge official building/permit authority,Wheat Ridge official building/permit authority,local,True
us-co-windsor__commercial__commercial_tenant_improvement__building,CO,Windsor,commercial_tenant_improvement,building,CO|us-co-windsor|city|Town of Windsor Building Division,CO|us-co-windsor|city|Town of Windsor Building Division,local,True
us-ct-branford__commercial__commercial_tenant_improvement__building,CT,Branford,commercial_tenant_improvement,building,Branford Building Department,Branford Building Department,local,True
us-ct-bridgeport__commercial__commercial_tenant_improvement__building,CT,Bridgeport,commercial_tenant_improvement,building,Bridgeport Building Department,Bridgeport Building Department,local,True
us-ct-bristol__commercial__commercial_tenant_improvement__building,CT,Bristol,commercial_tenant_improvement,building,Bristol Building Department,Bristol Building Department,local,True
us-ct-cheshire__commercial__commercial_tenant_improvement__building,CT,Cheshire,commercial_tenant_improvement,building,Cheshire official building/permit authority,Cheshire official building/permit authority,local,True
us-ct-danbury__commercial__commercial_tenant_improvement__building,CT,Danbury,commercial_tenant_improvement,building,Danbury Building Department,Danbury Building Department,local,True
us-ct-enfield__commercial__commercial_tenant_improvement__building,CT,Enfield,commercial_tenant_improvement,building,Enfield Building Department,Enfield Building Department,local,True
us-ct-fairfield__commercial__commercial_tenant_improvement__building,CT,Fairfield,commercial_tenant_improvement,building,Fairfield Building Department,Fairfield Building Department,local,True
us-ct-farmington__commercial__commercial_tenant_improvement__building,CT,Farmington,commercial_tenant_improvement,building,Farmington official building/permit authority,Farmington official building/permit authority,local,True
us-ct-glastonbury__commercial__commercial_tenant_improvement__building,CT,Glastonbury,commercial_tenant_improvement,building,Glastonbury Building Department,Glastonbury Building Department,local,True
us-ct-greenwich__commercial__commercial_tenant_improvement__building,CT,Greenwich,commercial_tenant_improvement,building,Greenwich Building Department,Greenwich Building Department,local,True
us-ct-groton__commercial__commercial_tenant_improvement__building,CT,Groton,commercial_tenant_improvement,building,Groton Building Department,Groton Building Department,local,True
us-ct-guilford__commercial__commercial_tenant_improvement__building,CT,Guilford,commercial_tenant_improvement,building,Guilford official building/permit authority,Guilford official building/permit authority,local,True
us-ct-hamden__commercial__commercial_tenant_improvement__building,CT,Hamden,commercial_tenant_improvement,building,Hamden Building Department,Hamden Building Department,local,True
us-ct-hamden__commercial__commercial_tenant_improvement__building,CT,Hamden,commercial_tenant_improvement,occupancy,Hamden Building Department,Hamden Building Department,local,True
us-ct-hartford__commercial__commercial_tenant_improvement__building,CT,Hartford,commercial_tenant_improvement,building,Hartford Building Department,Hartford Building Department,local,True
us-ct-manchester__commercial__commercial_tenant_improvement__building,CT,Manchester,commercial_tenant_improvement,building,Manchester Building Department,Manchester Building Department,local,True
us-ct-mansfield__commercial__commercial_tenant_improvement__building,CT,Mansfield,commercial_tenant_improvement,building,CT|us-ct-mansfield|city|Mansfield Building Department,CT|us-ct-mansfield|city|Mansfield Building Department,local,True
us-ct-meriden__commercial__commercial_tenant_improvement__building,CT,Meriden,commercial_tenant_improvement,building,Meriden Building Department,Meriden Building Department,local,True
us-ct-middletown__commercial__commercial_tenant_improvement__building,CT,Middletown,commercial_tenant_improvement,building,Middletown Building Department,Middletown Building Department,local,True
us-ct-milford__commercial__commercial_tenant_improvement__building,CT,Milford,commercial_tenant_improvement,building,Milford Building Department,Milford Building Department,local,True
us-ct-naugatuck__commercial__commercial_tenant_improvement__building,CT,Naugatuck,commercial_tenant_improvement,building,Borough of Naugatuck Building Department,Borough of Naugatuck Building Department,local,True
us-ct-new_britain__commercial__commercial_tenant_improvement__building,CT,New Britain,commercial_tenant_improvement,building,New Britain Building Department,New Britain Building Department,local,True
us-ct-new_haven__commercial__commercial_tenant_improvement__building,CT,New Haven,commercial_tenant_improvement,building,New Haven Building Department,New Haven Building Department,local,True
us-ct-new_london__commercial__commercial_tenant_improvement__building,CT,New London,commercial_tenant_improvement,building,New London,New London,local,True
us-ct-new_london__commercial__commercial_tenant_improvement__building,CT,New London,commercial_tenant_improvement,zoning,New London,New London,local,True
us-ct-newington__commercial__commercial_tenant_improvement__building,CT,Newington,commercial_tenant_improvement,building,Newington Building Department,Newington Building Department,local,True
us-ct-newtown__commercial__commercial_tenant_improvement__building,CT,Newtown,commercial_tenant_improvement,building,CT|us-ct-newtown|city|Newtown Building Department,CT|us-ct-newtown|city|Newtown Building Department,local,True
us-ct-north_haven__commercial__commercial_tenant_improvement__building,CT,North Haven,commercial_tenant_improvement,building,North Haven Building Department,North Haven Building Department,local,True
us-ct-norwalk__commercial__commercial_tenant_improvement__building,CT,Norwalk,commercial_tenant_improvement,building,Norwalk Building Department,Norwalk Building Department,local,True
us-ct-norwich__commercial__commercial_tenant_improvement__building,CT,Norwich,commercial_tenant_improvement,building,Norwich Building Department,Norwich Building Department,local,True
us-ct-ridgefield__commercial__commercial_tenant_improvement__building,CT,Ridgefield,commercial_tenant_improvement,building,Ridgefield,Ridgefield,local,True
us-ct-shelton__commercial__commercial_tenant_improvement__building,CT,Shelton,commercial_tenant_improvement,building,Shelton Building Department,Shelton Building Department,local,True
us-ct-simsbury__commercial__commercial_tenant_improvement__building,CT,Simsbury,commercial_tenant_improvement,building,Town of Simsbury Building Department,Town of Simsbury Building Department,local,True
us-ct-south_windsor__commercial__commercial_tenant_improvement__building,CT,South Windsor,commercial_tenant_improvement,building,South Windsor,South Windsor,local,True
us-ct-southington__commercial__commercial_tenant_improvement__building,CT,Southington,commercial_tenant_improvement,building,Southington Building Department,Southington Building Department,local,True
us-ct-stamford__commercial__commercial_tenant_improvement__building,CT,Stamford,commercial_tenant_improvement,building,Stamford Building Department,Stamford Building Department,local,True
us-ct-stratford__commercial__commercial_tenant_improvement__building,CT,Stratford,commercial_tenant_improvement,building,Stratford Building Department,Stratford Building Department,local,True
us-ct-torrington__commercial__commercial_tenant_improvement__building,CT,Torrington,commercial_tenant_improvement,building,Torrington Building Department,Torrington Building Department,local,True
us-ct-trumbull__commercial__commercial_tenant_improvement__building,CT,Trumbull,commercial_tenant_improvement,building,Trumbull Building Department,Trumbull Building Department,local,True
us-ct-vernon__commercial__commercial_tenant_improvement__building,CT,Vernon,commercial_tenant_improvement,building,Vernon Building Department,Vernon Building Department,local,True
us-ct-wallingford__commercial__commercial_tenant_improvement__building,CT,Wallingford,commercial_tenant_improvement,building,Wallingford Building Department,Wallingford Building Department,local,True
us-ct-waterbury__commercial__commercial_tenant_improvement__building,CT,Waterbury,commercial_tenant_improvement,building,Waterbury Building Department,Waterbury Building Department,local,True
us-ct-watertown__commercial__commercial_tenant_improvement__building,CT,Watertown,commercial_tenant_improvement,building,Watertown official building/permit authority,Watertown official building/permit authority,local,True
us-ct-west_hartford__commercial__commercial_tenant_improvement__building,CT,West Hartford,commercial_tenant_improvement,building,West Hartford Building Department,West Hartford Building Department,local,True
us-ct-west_haven__commercial__commercial_tenant_improvement__building,CT,West Haven,commercial_tenant_improvement,building,West Haven Building Department,West Haven Building Department,local,True
us-ct-wethersfield__commercial__commercial_tenant_improvement__building,CT,Wethersfield,commercial_tenant_improvement,building,Wethersfield,Wethersfield,local,True
us-ct-windham__commercial__commercial_tenant_improvement__building,CT,Windham,commercial_tenant_improvement,building,Town of Windham Building Services Department,Town of Windham Building Services Department,local,True
us-ct-windham__commercial__commercial_tenant_improvement__building,CT,Windham,commercial_tenant_improvement,electrical,Town of Windham Building Services Department,Town of Windham Building Services Department,local,True
us-ct-windham__commercial__commercial_tenant_improvement__building,CT,Windham,commercial_tenant_improvement,fire,Town of Windham Building Services Department,Town of Windham Building Services Department,local,True
us-ct-windham__commercial__commercial_tenant_improvement__building,CT,Windham,commercial_tenant_improvement,mechanical,Town of Windham Building Services Department,Town of Windham Building Services Department,local,True
us-ct-windham__commercial__commercial_tenant_improvement__building,CT,Windham,commercial_tenant_improvement,plumbing,Town of Windham Building Services Department,Town of Windham Building Services Department,local,True
us-ct-windsor__commercial__commercial_tenant_improvement__building,CT,Windsor,commercial_tenant_improvement,building,Windsor official building/permit authority,Windsor official building/permit authority,local,True
us-de-arden__residential__building__alteration,DE,Arden,residential_remodel,building,New Castle County Department of Land Use,New Castle County Department of Land Use with Arden Trustees non-objection/stamped-plan route when required,mixed,False
us-de-ardencroft__residential__building__alteration,DE,Ardencroft,residential_remodel,building,New Castle County Department of Land Use,Village of Ardencroft local review plus New Castle County Department of Land Use,mixed,False
us-de-ardentown__residential__building__alteration,DE,Ardentown,residential_remodel,building,New Castle County Department of Land Use,Village of Ardentown local review plus New Castle County Department of Land Use,mixed,False
us-de-bethany_beach__commercial__commercial_tenant_improvement__building,DE,Bethany Beach,commercial_tenant_improvement,building,Sussex County Building Permit Office,Sussex County Building Permit Office,county_administered,True
us-de-blades__commercial__commercial_tenant_improvement__building,DE,Blades,commercial_tenant_improvement,building,Sussex County Building Permit Office,Sussex County Building Permit Office,county_administered,True
us-de-clayton__commercial__commercial_tenant_improvement__building,DE,Clayton,commercial_tenant_improvement,building,Town of Clayton Building Permits,Town of Clayton Building Permits,local,True
us-de-dagsboro__commercial__commercial_tenant_improvement__building,DE,Dagsboro,commercial_tenant_improvement,building,Sussex County Building Permit Office,Sussex County Building Permit Office,county_administered,True
us-de-delmar__residential__building__alteration,DE,Delmar,residential_remodel,building,Town of Delmar Code Enforcement / Planning & Zoning,Town of Delmar Code Enforcement / Planning & Zoning,local,True
us-de-dewey_beach__commercial__commercial_tenant_improvement__building,DE,Dewey Beach,commercial_tenant_improvement,building,Sussex County Building Permit Office,Sussex County Building Permit Office,county_administered,True
us-de-dover__commercial__commercial_tenant_improvement__building,DE,Dover,commercial_tenant_improvement,building,City of Dover Department of Planning and Inspections,City of Dover Department of Planning and Inspections,local,True
us-de-elsmere__commercial__commercial_tenant_improvement__building,DE,Elsmere,commercial_tenant_improvement,building,Town of Elsmere Code Enforcement Department,Town of Elsmere Code Enforcement Department,local,True
us-de-elsmere__commercial__commercial_tenant_improvement__building,DE,Elsmere,commercial_tenant_improvement,electrical,Town of Elsmere Code Enforcement Department,Town of Elsmere Code Enforcement Department,local,True
us-de-elsmere__commercial__commercial_tenant_improvement__building,DE,Elsmere,commercial_tenant_improvement,fire,Town of Elsmere Code Enforcement Department,Town of Elsmere Code Enforcement Department,local,True
us-de-elsmere__commercial__commercial_tenant_improvement__building,DE,Elsmere,commercial_tenant_improvement,mechanical,Town of Elsmere Code Enforcement Department,Town of Elsmere Code Enforcement Department,local,True
us-de-elsmere__commercial__commercial_tenant_improvement__building,DE,Elsmere,commercial_tenant_improvement,occupancy,Town of Elsmere Code Enforcement Department,Town of Elsmere Code Enforcement Department,local,True
us-de-elsmere__commercial__commercial_tenant_improvement__building,DE,Elsmere,commercial_tenant_improvement,plumbing,Town of Elsmere Code Enforcement Department,Town of Elsmere Code Enforcement Department,local,True
us-de-elsmere__commercial__commercial_tenant_improvement__building,DE,Elsmere,commercial_tenant_improvement,zoning,Town of Elsmere Code Enforcement Department,Town of Elsmere Code Enforcement Department,local,True
us-de-frankford__commercial__commercial_tenant_improvement__building,DE,Frankford,commercial_tenant_improvement,building,Frankford,Sussex County Building Permit Office,local,True
us-de-georgetown__commercial__commercial_tenant_improvement__building,DE,Georgetown,commercial_tenant_improvement,building,Sussex County Building Permit Office,Sussex County Building Permit Office,county_administered,True
us-de-greenwood__commercial__commercial_tenant_improvement__building,DE,Greenwood,commercial_tenant_improvement,building,Sussex County Building Permit Office,Sussex County Building Permit Office,county_administered_with_state_trade_fire_routes,True
us-de-greenwood__commercial__commercial_tenant_improvement__building,DE,Greenwood,commercial_tenant_improvement,electrical,Sussex County Building Permit Office,Sussex County Building Permit Office,county_administered_with_state_trade_fire_routes,True
us-de-greenwood__commercial__commercial_tenant_improvement__building,DE,Greenwood,commercial_tenant_improvement,fire,Sussex County Building Permit Office,Sussex County Building Permit Office,county_administered_with_state_trade_fire_routes,True
us-de-greenwood__commercial__commercial_tenant_improvement__building,DE,Greenwood,commercial_tenant_improvement,mechanical,Sussex County Building Permit Office,Sussex County Building Permit Office,county_administered_with_state_trade_fire_routes,True
us-de-greenwood__commercial__commercial_tenant_improvement__building,DE,Greenwood,commercial_tenant_improvement,occupancy,Sussex County Building Permit Office,Sussex County Building Permit Office,county_administered_with_state_trade_fire_routes,True
us-de-greenwood__commercial__commercial_tenant_improvement__building,DE,Greenwood,commercial_tenant_improvement,plumbing,Sussex County Building Permit Office,Sussex County Building Permit Office,county_administered_with_state_trade_fire_routes,True
us-de-greenwood__commercial__commercial_tenant_improvement__building,DE,Greenwood,commercial_tenant_improvement,zoning,Sussex County Building Permit Office,Sussex County Building Permit Office,county_administered_with_state_trade_fire_routes,True
us-de-henlopen_acres__commercial__commercial_tenant_improvement__building,DE,Henlopen Acres,commercial_tenant_improvement,building,"Town of Henlopen Acres, Sussex County, Delaware State Fire Marshal, and Delaware DPR/inspection agencies as applicable by lane",Town of Henlopen Acres / Sussex County Building Permit Office / Delaware State Fire Marshal / Delaware DPR trade routes,municipal_county_state_delegated,True
us-de-kent_county__commercial__commercial_tenant_improvement__building,DE,Kent County,commercial_tenant_improvement,building,Kent County Levy Court Department of Planning Services,Kent County Levy Court Department of Planning Services,county,True
us-de-middletown__commercial__commercial_tenant_improvement__building,DE,Middletown,commercial_tenant_improvement,building,Town of Middletown Permits Licensing and Inspections,Town of Middletown Permits Licensing and Inspections,local,True
us-de-millville__commercial__commercial_tenant_improvement__building,DE,Millville,commercial_tenant_improvement,building,Sussex County Building Permit Office,Sussex County Building Permit Office,county_administered,True
us-de-new_castle_city__commercial__commercial_tenant_improvement__building,DE,New Castle City,commercial_tenant_improvement,building,New Castle City,New Castle City,local,True
us-de-new_castle_county__commercial__commercial_tenant_improvement__building,DE,New Castle County,commercial_tenant_improvement,building,New Castle County Department of Land Use,New Castle County Department of Land Use,county,True
us-de-newark__commercial__commercial_tenant_improvement__building,DE,Newark,commercial_tenant_improvement,building,City of Newark Code Enforcement Division,City of Newark Code Enforcement Division,local,True
us-de-odessa__commercial__commercial_tenant_improvement__building,DE,Odessa,commercial_tenant_improvement,building,Town of Odessa Building Permits,Town of Odessa / 1st State Inspection Agency routing,third_party,True
us-de-smyrna__commercial__commercial_tenant_improvement__building,DE,Smyrna,commercial_tenant_improvement,building,Town of Smyrna Building and Inspections,Town of Smyrna Building and Inspections,local,True
us-de-sussex_county__commercial__commercial_tenant_improvement__building,DE,Sussex County,commercial_tenant_improvement,building,Sussex County Building Permit Office,Sussex County Building Permit Office,county,True
us-de-sussex_county__commercial__commercial_tenant_improvement__building,DE,Sussex County,commercial_tenant_improvement,occupancy,Sussex County Building Permit Office,Sussex County Building Permit Office,county,True
us-de-wilmington__commercial__commercial_tenant_improvement__building,DE,Wilmington,commercial_tenant_improvement,building,City of Wilmington Department of Licenses and Inspections,City of Wilmington Department of Licenses and Inspections,local,True
us-fl-boca_raton__residential__roofing__building,FL,Boca Raton,reroof,building,City of Boca Raton Building Permits and Inspections,City of Boca Raton Building Permits and Inspections,local,True
us-fl-brevard_county__commercial__commercial_tenant_improvement__building,FL,Brevard County,commercial_tenant_improvement,building,Brevard County Planning and Development,Brevard County Planning and Development,county,True
us-fl-broward_county__commercial__commercial_tenant_improvement__building,FL,Broward County,commercial_tenant_improvement,building,Broward County Building Code Services,Broward County Building Code Services,county,True
us-fl-cape_coral__commercial__commercial_tenant_improvement__building,FL,Cape Coral,commercial_tenant_improvement,building,City of Cape Coral Permitting Services Division,City of Cape Coral Permitting Services Division,local,True
us-fl-charlotte_county__residential__residential_roof__building,FL,Charlotte County,reroof,building,Charlotte County Building Construction Services,Charlotte County Building Construction Services,local,True
us-fl-sarasota__residential__roofing__building,FL,City of Sarasota Building & Permitting,reroof,building,City of Sarasota Building & Permitting,City of Sarasota Building & Permitting,local,True
us-fl-clearwater__commercial__commercial_tenant_improvement__building,FL,Clearwater,commercial_tenant_improvement,building,City of Clearwater Construction Services,City of Clearwater Construction Services,local,True
us-fl-collier_county__residential__roofing__building,FL,Collier County,reroof,building,Collier County Building Plan Review and Inspection,Collier County Building Plan Review and Inspection,local,True
us-fl-coral_springs__commercial__commercial_tenant_improvement__building,FL,Coral Springs,commercial_tenant_improvement,building,City of Coral Springs Building Department,City of Coral Springs Building Department,local,True
us-fl-fort_lauderdale__commercial__commercial_tenant_improvement__building,FL,Fort Lauderdale,commercial_tenant_improvement,building,City of Fort Lauderdale Building Services,City of Fort Lauderdale Building Services,local,True
us-fl-gainesville__commercial__commercial_tenant_improvement__building,FL,Gainesville,commercial_tenant_improvement,building,City of Gainesville Building Division,City of Gainesville Building Division,local,True
us-fl-hendry_county__commercial__commercial_tenant_improvement__building,FL,Hendry County,commercial_tenant_improvement,building,Hendry County,Hendry County,local,True
us-fl-hendry_county__commercial__commercial_tenant_improvement__building,FL,Hendry County,commercial_tenant_improvement,electrical,Hendry County,Hendry County,local,True
us-fl-hendry_county__commercial__commercial_tenant_improvement__building,FL,Hendry County,commercial_tenant_improvement,mechanical,Hendry County,Hendry County,local,True
us-fl-hendry_county__commercial__commercial_tenant_improvement__building,FL,Hendry County,commercial_tenant_improvement,plumbing,Hendry County,Hendry County,local,True
us-fl-hendry_county__commercial__commercial_tenant_improvement__building,FL,Hendry County,commercial_tenant_improvement,zoning,Hendry County,Hendry County,local,True
us-fl-hernando_county__residential__roofing__building,FL,Hernando County,reroof,building,Hernando County Building Department,Hernando County Building Department,local,True
us-fl-hialeah__commercial__commercial_tenant_improvement__building,FL,Hialeah,commercial_tenant_improvement,building,City of Hialeah Building Department,City of Hialeah Building Department,local,True
us-fl-highlands_county__residential__building_structural_or_roofline_modification__building,FL,Highlands County,reroof,building,Highlands County Building Division,Highlands County Building Division,local,True
us-fl-hillsborough_county__commercial__commercial_tenant_improvement__building,FL,Hillsborough County,commercial_tenant_improvement,building,Hillsborough County Development Services,Hillsborough County Development Services,county,True
us-fl-hollywood__commercial__commercial_tenant_improvement__building,FL,Hollywood,commercial_tenant_improvement,building,City of Hollywood Building Division,City of Hollywood Building Division,local,True
us-fl-indian_river_county__residential__roofing__building,FL,Indian River County,reroof,building,Indian River County Building Division,Indian River County Building Division,local,True
us-fl-jacksonville__commercial__commercial_tenant_improvement__building,FL,Jacksonville,commercial_tenant_improvement,building,Jacksonville,Jacksonville,local,True
us-fl-lake_county__residential__reroof__building,FL,Lake County,reroof,building,Lake County Building Services,Lake County Building Services,local,True
us-fl-lake_worth_beach__commercial__commercial_tenant_improvement__building,FL,Lake Worth Beach,commercial_tenant_improvement,building,City of Lake Worth Beach Building Division,City of Lake Worth Beach Building Division,local,True
us-fl-lakeland__commercial__commercial_tenant_improvement__building,FL,Lakeland,commercial_tenant_improvement,building,City of Lakeland Building Inspection Division,City of Lakeland Building Inspection Division,local,True
us-fl-lee_county__commercial__commercial_tenant_improvement__building,FL,Lee County,commercial_tenant_improvement,building,Lee County Development Services,Lee County Development Services,county,True
us-fl-manatee_county__residential__roofing__building,FL,Manatee County,reroof,building,Manatee County Building and Development Services,Manatee County Building and Development Services,local,True
us-fl-marion_county__residential__roofing__building,FL,Marion County,reroof,building,Marion County Building Safety,Marion County Building Safety,local,True
us-fl-martin_county__residential__roof_work__building,FL,Martin County,reroof,building,Martin County Building Division,Martin County Building Division,local,True
us-fl-miami__commercial__commercial_tenant_improvement__building,FL,Miami,commercial_tenant_improvement,building,Miami,Miami,local,True
us-fl-miami_dade_county__commercial__commercial_tenant_improvement__building,FL,Miami Dade County,commercial_tenant_improvement,building,Miami-Dade County Building Department,Miami-Dade County Building Department,county,True
us-fl-miramar__commercial__commercial_tenant_improvement__building,FL,Miramar,commercial_tenant_improvement,building,"City of Miramar Building, Permits & Inspections","City of Miramar Building, Permits & Inspections",local,True
us-fl-orange_county__commercial__commercial_tenant_improvement__building,FL,Orange County,commercial_tenant_improvement,building,Orange County Building Division,Orange County Building Division,county,True
us-fl-orlando__commercial__commercial_tenant_improvement__building,FL,Orlando,commercial_tenant_improvement,building,City of Orlando Building and Permitting,City of Orlando Building and Permitting,local,True
us-fl-osceola_county__residential__reroof__building,FL,Osceola County,reroof,building,Osceola County Building Division,Osceola County Building Division,local,True
us-fl-palm_bay__commercial__commercial_tenant_improvement__building,FL,Palm Bay,commercial_tenant_improvement,building,City of Palm Bay Building Department,City of Palm Bay Building Department,local_city_building_department,True
us-fl-palm_beach_county__commercial__commercial_tenant_improvement__building,FL,Palm Beach County,commercial_tenant_improvement,building,Palm Beach County Building Division,Palm Beach County Building Division,county,True
us-fl-pasco_county__residential__roofing__building,FL,Pasco County Building Construction Services,reroof,building,Pasco County Building Construction Services,Pasco County Building Construction Services,local,True
us-fl-pembroke_pines__commercial__commercial_tenant_improvement__building,FL,Pembroke Pines,commercial_tenant_improvement,building,City of Pembroke Pines Building Department,City of Pembroke Pines Building Department,local,True
us-fl-pinellas_county__commercial__commercial_tenant_improvement__building,FL,Pinellas County,commercial_tenant_improvement,building,Pinellas County Building and Development Review Services,Pinellas County Building and Development Review Services,county,True
us-fl-polk_county__commercial__commercial_tenant_improvement__building,FL,Polk County,commercial_tenant_improvement,building,Polk County Building Division,Polk County Building Division,county,True
us-fl-pompano_beach__commercial__commercial_tenant_improvement__building,FL,Pompano Beach,commercial_tenant_improvement,building,City of Pompano Beach Building Inspections,City of Pompano Beach Building Inspections,local,True
us-fl-port_st_lucie__commercial__commercial_tenant_improvement__building,FL,Port St Lucie,commercial_tenant_improvement,building,City of Port St. Lucie Building Department,City of Port St. Lucie Building Department,local,True
us-fl-sarasota_county__commercial__commercial_tenant_improvement__building,FL,Sarasota County,commercial_tenant_improvement,building,Sarasota County,Sarasota County,local,True
us-fl-seminole_county__residential__reroof__building,FL,Seminole County Building Division,reroof,building,Seminole County Building Division,Seminole County Building Division,local,True
us-fl-st_johns_county__residential__building_repair_alteration__building,FL,St Johns County,residential_remodel,building,Permit office,Permit office,local,True
us-fl-st_petersburg__commercial__commercial_tenant_improvement__building,FL,St Petersburg,commercial_tenant_improvement,building,City of St. Petersburg Construction Services & Permitting,City of St. Petersburg Construction Services & Permitting,local,True
us-fl-st_lucie_county__residential__mobile_home_roof_over_accessory__building,FL,St. Lucie County Planning and Development Services,reroof,building,St. Lucie County Planning and Development Services,St. Lucie County Planning and Development Services,local,True
us-fl-tallahassee__commercial__commercial_tenant_improvement__building,FL,Tallahassee,commercial_tenant_improvement,building,City of Tallahassee Growth Management - Building Inspection & Permitting,City of Tallahassee Growth Management - Building Inspection & Permitting,local,True
us-fl-tampa__commercial__commercial_tenant_improvement__building,FL,Tampa,commercial_tenant_improvement,building,City of Tampa Construction Services Division,City of Tampa Construction Services Division,local,True
us-fl-volusia_county__residential__residential_roof_or_building_work__building,FL,Volusia County Building and Zoning,reroof,building,Volusia County Building and Zoning,Volusia County Building and Zoning,local,True
us-fl-west_palm_beach__commercial__commercial_tenant_improvement__building,FL,West Palm Beach,commercial_tenant_improvement,building,City of West Palm Beach Building Division,City of West Palm Beach Building Division,local,True
us-fl-west_palm_beach__commercial__commercial_tenant_improvement__building,FL,West Palm Beach,commercial_tenant_improvement,electrical,City of West Palm Beach Building Division,City of West Palm Beach Building Division,local,True
us-fl-west_palm_beach__commercial__commercial_tenant_improvement__building,FL,West Palm Beach,commercial_tenant_improvement,fire,City of West Palm Beach Building Division,City of West Palm Beach Building Division,local,True
us-fl-west_palm_beach__commercial__commercial_tenant_improvement__building,FL,West Palm Beach,commercial_tenant_improvement,mechanical,City of West Palm Beach Building Division,City of West Palm Beach Building Division,local,True
us-fl-west_palm_beach__commercial__commercial_tenant_improvement__building,FL,West Palm Beach,commercial_tenant_improvement,occupancy,City of West Palm Beach Building Division,City of West Palm Beach Building Division,local,True
us-fl-west_palm_beach__commercial__commercial_tenant_improvement__building,FL,West Palm Beach,commercial_tenant_improvement,plumbing,City of West Palm Beach Building Division,City of West Palm Beach Building Division,local,True
us-fl-west_palm_beach__commercial__commercial_tenant_improvement__building,FL,West Palm Beach,commercial_tenant_improvement,zoning,City of West Palm Beach Building Division,City of West Palm Beach Building Division,local,True
us-ga-albany__commercial__commercial_tenant_improvement__building,GA,Albany,commercial_tenant_improvement,building,City of Albany Building Inspections Department / Development Services,City of Albany Building Inspections Department / Development Services,local,True
us-ga-alpharetta__commercial__commercial_tenant_improvement__building,GA,Alpharetta,commercial_tenant_improvement,building,City of Alpharetta Inspection & Code Enforcement / Community Development Department,City of Alpharetta Inspection & Code Enforcement / Community Development Department,local,True
us-ga-athens_clarke__commercial__commercial_tenant_improvement__building,GA,Athens Clarke,commercial_tenant_improvement,building,Athens-Clarke County Building Permits and Inspections Department,ACC Building Inspections permit desk / email / permitting process,local,True
us-ga-athens_clarke__commercial__commercial_tenant_improvement__building,GA,Athens Clarke,commercial_tenant_improvement,electrical,Athens-Clarke County Building Permits and Inspections Department,ACC Building Inspections permit desk / email / permitting process,local,True
us-ga-athens_clarke__commercial__commercial_tenant_improvement__building,GA,Athens Clarke,commercial_tenant_improvement,fire,Athens-Clarke County Building Permits and Inspections Department,ACC Building Inspections permit desk / email / permitting process,local,True
us-ga-athens_clarke__commercial__commercial_tenant_improvement__building,GA,Athens Clarke,commercial_tenant_improvement,mechanical,Athens-Clarke County Building Permits and Inspections Department,ACC Building Inspections permit desk / email / permitting process,local,True
us-ga-athens_clarke__commercial__commercial_tenant_improvement__building,GA,Athens Clarke,commercial_tenant_improvement,occupancy,Athens-Clarke County Building Permits and Inspections Department,ACC Building Inspections permit desk / email / permitting process,local,True
us-ga-athens_clarke__commercial__commercial_tenant_improvement__building,GA,Athens Clarke,commercial_tenant_improvement,plumbing,Athens-Clarke County Building Permits and Inspections Department,ACC Building Inspections permit desk / email / permitting process,local,True
us-ga-athens_clarke__commercial__commercial_tenant_improvement__building,GA,Athens Clarke,commercial_tenant_improvement,zoning,Athens-Clarke County Building Permits and Inspections Department,ACC Building Inspections permit desk / email / permitting process,local,True
us-ga-atlanta__commercial__commercial_tenant_improvement__building,GA,Atlanta,commercial_tenant_improvement,building,Atlanta Department of City Planning Office of Buildings,Atlanta online permitting / Accela,local,True
us-ga-augusta_richmond__commercial__commercial_tenant_improvement__building,GA,Augusta Richmond,commercial_tenant_improvement,building,Augusta Planning & Development / Building Permits,Augusta CityView / building permit applications,local,True
us-ga-brookhaven__commercial__commercial_tenant_improvement__building,GA,Brookhaven,commercial_tenant_improvement,building,Brookhaven Community Development / Permitting Team,Brookhaven online permitting portal,local,True
us-ga-canton__residential_commercial__building_construction__building,GA,Canton,residential_remodel,building,Permit office,Permit office,local,True
us-ga-chatham_county__commercial__commercial_tenant_improvement__building,GA,Chatham County,commercial_tenant_improvement,building,Chatham County Building Safety and Regulatory Services,Chatham County Building Safety and Regulatory Services,county,True
us-ga-cherokee_county__commercial__commercial_tenant_improvement__building,GA,Cherokee County,commercial_tenant_improvement,building,Cherokee County,Cherokee County Development Service Center,local,True
us-ga-tucker__residential_commercial__building_construction__building,GA,City of Tucker Community Development Department,residential_remodel,building,City of Tucker Community Development Department,City of Tucker Community Development Department,local,True
us-ga-tucker__residential_commercial__building_construction__building,GA,City of Tucker Community Development Department,residential_remodel,electrical,City of Tucker Community Development Department,City of Tucker Community Development Department,local,True
us-ga-tucker__residential_commercial__building_construction__building,GA,City of Tucker Community Development Department,residential_remodel,mechanical,City of Tucker Community Development Department,City of Tucker Community Development Department,local,True
us-ga-tucker__residential_commercial__building_construction__building,GA,City of Tucker Community Development Department,residential_remodel,plumbing,City of Tucker Community Development Department,City of Tucker Community Development Department,local,True
us-ga-valdosta__residential_commercial__building_construction__building,GA,City of Valdosta Inspections Department,residential_remodel,building,City of Valdosta Inspections Department,City of Valdosta Inspections Department,local,True
us-ga-valdosta__residential_commercial__building_construction__building,GA,City of Valdosta Inspections Department,residential_remodel,electrical,City of Valdosta Inspections Department,City of Valdosta Inspections Department,local,True
us-ga-valdosta__residential_commercial__building_construction__building,GA,City of Valdosta Inspections Department,residential_remodel,mechanical,City of Valdosta Inspections Department,City of Valdosta Inspections Department,local,True
us-ga-valdosta__residential_commercial__building_construction__building,GA,City of Valdosta Inspections Department,residential_remodel,plumbing,City of Valdosta Inspections Department,City of Valdosta Inspections Department,local,True
us-ga-woodstock__residential_commercial__building_construction__building,GA,City of Woodstock Community Development Department,residential_remodel,building,City of Woodstock Community Development Department,City of Woodstock Community Development Department,local,True
us-ga-woodstock__residential_commercial__building_construction__building,GA,City of Woodstock Community Development Department,residential_remodel,electrical,City of Woodstock Community Development Department,City of Woodstock Community Development Department,local,True
us-ga-woodstock__residential_commercial__building_construction__building,GA,City of Woodstock Community Development Department,residential_remodel,mechanical,City of Woodstock Community Development Department,City of Woodstock Community Development Department,local,True
us-ga-woodstock__residential_commercial__building_construction__building,GA,City of Woodstock Community Development Department,residential_remodel,plumbing,City of Woodstock Community Development Department,City of Woodstock Community Development Department,local,True
us-ga-cobb_county__commercial__commercial_tenant_improvement__building,GA,Cobb County,commercial_tenant_improvement,building,Cobb County Community Development Agency,Cobb County Community Development Agency,county,True
us-ga-columbia_county__commercial__commercial_tenant_improvement__building,GA,Columbia County,commercial_tenant_improvement,building,Columbia County Building Standards Department,Columbia County Building Standards Department,county,True
us-ga-columbus_muscogee__commercial__commercial_tenant_improvement__building,GA,Columbus Muscogee,commercial_tenant_improvement,building,Columbus-Muscogee Consolidated Government Inspections and Code Department,Columbus-Muscogee Consolidated Government Inspections and Code Department,local,True
us-ga-commerce__commercial__commercial_tenant_improvement__building,GA,Commerce,commercial_tenant_improvement,building,City of Commerce Planning and Development / Building Permits & Inspections,City of Commerce permit application process,local,True
us-ga-dalton__residential_commercial__building_construction__building,GA,Dalton,residential_remodel,building,Permit office,Permit office,local,True
us-ga-decatur__residential_commercial__building_construction__building,GA,Decatur,residential_remodel,building,Permit office,Permit office,local,True
us-ga-dekalb_county__commercial__commercial_tenant_improvement__building,GA,Dekalb County,commercial_tenant_improvement,building,DeKalb County Planning and Sustainability Department,DeKalb County Planning and Sustainability Department,county,True
us-ga-douglas__commercial__commercial_tenant_improvement__building,GA,Douglas,commercial_tenant_improvement,building,Douglas Inspections and Permits Division,Douglas Building Inspections office,local,True
us-ga-douglasville__residential_commercial__building_construction__building,GA,Douglasville,residential_remodel,building,Permit office,Permit office,local,True
us-ga-dunwoody__residential_commercial__building_construction__building,GA,Dunwoody,residential_remodel,building,Permit office,Permit office,local,True
us-ga-forsyth_county__commercial__commercial_tenant_improvement__building,GA,Forsyth County,commercial_tenant_improvement,building,Forsyth County Department of Building and Licensing,Forsyth County Department of Building and Licensing,county,True
us-ga-forsyth_county__commercial__commercial_tenant_improvement__building,GA,Forsyth County,commercial_tenant_improvement,occupancy,Forsyth County Department of Building and Licensing,Forsyth County Department of Building and Licensing,county,True
us-ga-fulton_county__commercial__commercial_tenant_improvement__building,GA,Fulton County,commercial_tenant_improvement,building,"Fulton County Public Works Planning, Zoning and Permitting for the Fulton Industrial Business District","Fulton County Public Works Planning, Zoning and Permitting for the Fulton Industrial Business District",county_administered,True
us-ga-fulton_county__commercial__commercial_tenant_improvement__building,GA,Fulton County,commercial_tenant_improvement,occupancy,"Fulton County Public Works Planning, Zoning and Permitting for the Fulton Industrial Business District","Fulton County Public Works Planning, Zoning and Permitting for the Fulton Industrial Business District",county_administered,True
us-ga-gainesville__residential_commercial__building_construction__building,GA,Gainesville,residential_remodel,building,Permit office,Permit office,local,True
us-ga-griffin__residential_commercial__building_construction__building,GA,Griffin,residential_remodel,building,Permit office,Permit office,local,True
us-ga-gwinnett_county__commercial__commercial_tenant_improvement__building,GA,Gwinnett County,commercial_tenant_improvement,building,Gwinnett County Department of Planning and Development,Gwinnett County Department of Planning and Development,county,True
us-ga-hall_county__commercial__commercial_tenant_improvement__building,GA,Hall County,commercial_tenant_improvement,building,Hall County Building Inspections Division,Hall County Building Inspections Division,county,True
us-ga-henry_county__commercial__commercial_tenant_improvement__building,GA,Henry County,commercial_tenant_improvement,building,Henry County Building and Plan Review Department,Henry County Building and Plan Review Department,county,True
us-ga-hinesville__residential_commercial__building_construction__building,GA,Hinesville,residential_remodel,building,Permit office,Permit office,local,True
us-ga-kennesaw__residential_commercial__building_construction__building,GA,Kennesaw,residential_remodel,building,Permit office,Permit office,local,True
us-ga-lawrenceville__residential_commercial__building_construction__building,GA,Lawrenceville,residential_remodel,building,Permit office,Permit office,local,True
us-ga-macon_bibb__commercial__commercial_tenant_improvement__building,GA,Macon Bibb,commercial_tenant_improvement,building,Macon Bibb,Macon Bibb,local,True
us-ga-marietta__commercial__commercial_tenant_improvement__building,GA,Marietta,commercial_tenant_improvement,building,Marietta Public Works / Building Inspections Permits,Marietta SAGESgov online plan submittal,local,True
us-ga-mcdonough__residential_commercial__building_construction__building,GA,Mcdonough,residential_remodel,building,Permit office,Permit office,local,True
us-ga-milton__commercial__commercial_tenant_improvement__building,GA,Milton,commercial_tenant_improvement,building,Milton Community Development / Building,Milton commercial building permit process,local,True
us-ga-newnan__residential_commercial__building_construction__building,GA,Newnan,residential_remodel,building,Permit office,Permit office,local,True
us-ga-paulding_county__commercial__commercial_tenant_improvement__building,GA,Paulding County,commercial_tenant_improvement,building,Paulding County Building and Permitting Division,Paulding County Building and Permitting Division,county,True
us-ga-paulding_county__commercial__commercial_tenant_improvement__building,GA,Paulding County,commercial_tenant_improvement,fire,Paulding County Building and Permitting Division,Paulding County Building and Permitting Division,county,True
us-ga-paulding_county__commercial__commercial_tenant_improvement__building,GA,Paulding County,commercial_tenant_improvement,occupancy,Paulding County Building and Permitting Division,Paulding County Building and Permitting Division,county,True
us-ga-paulding_county__commercial__commercial_tenant_improvement__building,GA,Paulding County,commercial_tenant_improvement,zoning,Paulding County Building and Permitting Division,Paulding County Building and Permitting Division,county,True
us-ga-peachtree_city__residential_commercial__building_construction__building,GA,Peachtree City,residential_remodel,building,Permit office,Permit office,local,True
us-ga-peachtree_corners__commercial__commercial_tenant_improvement__building,GA,Peachtree Corners,commercial_tenant_improvement,building,Peachtree Corners Building staff,Peachtree Corners building permit portal/forms,local,True
us-ga-richmond_hill__commercial__commercial_tenant_improvement__building,GA,Richmond Hill,commercial_tenant_improvement,building,Richmond Hill Building Permits and Inspections,Richmond Hill CivicGov / permitting office,local,True
us-ga-rome__residential_commercial__building_construction__building,GA,Rome,residential_remodel,building,Permit office,Permit office,local,True
us-ga-roswell__commercial__commercial_tenant_improvement__building,GA,Roswell,commercial_tenant_improvement,building,Roswell Community Development Building Division,Roswell Permitting & Licensing HUB,local,True
us-ga-sandy_springs__commercial__commercial_tenant_improvement__building,GA,Sandy Springs,commercial_tenant_improvement,building,City of Sandy Springs building permitting,Build Sandy Springs portal,local,True
us-ga-sandy_springs__commercial__commercial_tenant_improvement__building,GA,Sandy Springs,commercial_tenant_improvement,occupancy,City of Sandy Springs building permitting,Build Sandy Springs portal,local,True
us-ga-savannah__commercial__commercial_tenant_improvement__building,GA,Savannah,commercial_tenant_improvement,building,City of Savannah Development Services,Savannah eTRAC / Development Services,local,True
us-ga-smyrna__residential_commercial__building_construction__building,GA,Smyrna,residential_remodel,building,Permit office,Permit office,local,True
us-ga-snellville__commercial__commercial_tenant_improvement__building,GA,Snellville,commercial_tenant_improvement,building,Snellville Planning Department / Building Permits & Inspections,Snellville building permit application process,local,True
us-ga-south_fulton__commercial__commercial_tenant_improvement__building,GA,South Fulton,commercial_tenant_improvement,building,South Fulton Development Services / CDRA,South Fulton SagesGov permitting,local,True
us-ga-warner_robins__commercial__commercial_tenant_improvement__building,GA,Warner Robins,commercial_tenant_improvement,building,City of Warner Robins Building and Transportation Department,City of Warner Robins Building and Transportation Department,local,True
us-hi-dhhl__commercial__commercial_tenant_improvement__building,HI,Dhhl,commercial_tenant_improvement,building,Hawaii Department of Hawaiian Home Lands (DHHL) In-House Permitting,Hawaii Department of Hawaiian Home Lands (DHHL) In-House Permitting,local,True
us-hi-east_honolulu__commercial__commercial_tenant_improvement__building,HI,East Honolulu,commercial_tenant_improvement,building,City and County of Honolulu Department of Planning and Permitting (DPP),City and County of Honolulu Department of Planning and Permitting (DPP),local,True
us-hi-ewa_beach__commercial__commercial_tenant_improvement__building,HI,Ewa Beach,commercial_tenant_improvement,building,City and County of Honolulu Department of Planning and Permitting (DPP) / HNL Build route,City and County of Honolulu Department of Planning and Permitting (DPP) / HNL Build route,county,True
us-hi-ewa_gentry__commercial__commercial_tenant_improvement__building,HI,Ewa Gentry,commercial_tenant_improvement,building,City and County of Honolulu Department of Planning and Permitting (DPP),City and County of Honolulu Department of Planning and Permitting (DPP) / HNL Build route,county,True
us-hi-ewa_villages__commercial__commercial_tenant_improvement__building,HI,Ewa Villages,commercial_tenant_improvement,building,Ewa Villages,Ewa Villages,local,True
us-hi-halawa__commercial__commercial_tenant_improvement__building,HI,Halawa,commercial_tenant_improvement,building,City and County of Honolulu Department of Planning and Permitting (DPP),City and County of Honolulu Department of Planning and Permitting (DPP) / HNL Build route,county,True
us-hi-hawaii_county__commercial__commercial_tenant_improvement__building,HI,Hawaii County,commercial_tenant_improvement,building,Hawaii County Department of Public Works Building Division,Hawaii County Department of Public Works Building Division,county_administered,True
us-hi-heeia__commercial__commercial_tenant_improvement__building,HI,Heeia,commercial_tenant_improvement,building,City and County of Honolulu Department of Planning and Permitting (DPP),City and County of Honolulu Department of Planning and Permitting (DPP),local,True
us-hi-hickam_housing__commercial__commercial_tenant_improvement__building,HI,Hickam Housing,commercial_tenant_improvement,building,Hickam Housing,Hickam Housing,local,True
us-hi-honolulu__commercial__commercial_tenant_improvement__building,HI,Honolulu,commercial_tenant_improvement,building,Honolulu,Honolulu,local,True
us-hi-kahaluu__commercial__commercial_tenant_improvement__building,HI,Kahaluu,commercial_tenant_improvement,building,City and County of Honolulu Department of Planning and Permitting,City and County of Honolulu Department of Planning and Permitting,county,True
us-hi-kapolei__commercial__commercial_tenant_improvement__building,HI,Kapolei,commercial_tenant_improvement,building,City and County of Honolulu Department of Planning and Permitting (DPP),City and County of Honolulu Department of Planning and Permitting (DPP),local,True
us-hi-kauai_county__commercial__commercial_tenant_improvement__building,HI,Kauai County,commercial_tenant_improvement,building,Kauai County Department of Public Works Building Division,Kauai County Department of Public Works Building Division,county_administered,True
us-hi-kihei__commercial__commercial_tenant_improvement__building,HI,Kihei,commercial_tenant_improvement,building,Maui County Department of Public Works Development Services Administration,Maui County Department of Public Works Development Services Administration - Building Permit Section,delegated,True
us-hi-makaha__commercial__commercial_tenant_improvement__building,HI,Makaha,commercial_tenant_improvement,building,City and County of Honolulu Department of Planning and Permitting (DPP),City and County of Honolulu Department of Planning and Permitting (DPP),local,True
us-hi-maui_county__commercial__commercial_tenant_improvement__building,HI,Maui County,commercial_tenant_improvement,building,Maui County Department of Public Works Development Services Administration,Maui County Department of Public Works Development Services Administration,county_administered,True
us-hi-mililani_mauka__commercial__commercial_tenant_improvement__building,HI,Mililani Mauka,commercial_tenant_improvement,building,City and County of Honolulu Department of Planning and Permitting (DPP),City and County of Honolulu Department of Planning and Permitting (DPP) / HNL Build route,county,True
us-hi-pearl_city__commercial__commercial_tenant_improvement__building,HI,Pearl City,commercial_tenant_improvement,building,City and County of Honolulu Department of Planning and Permitting,City and County of Honolulu Department of Planning and Permitting,county_city_dpp,True
us-hi-urban_honolulu__commercial__commercial_tenant_improvement__building,HI,Urban Honolulu,commercial_tenant_improvement,building,Urban Honolulu,Urban Honolulu,local,True
us-hi-wahiawa__commercial__commercial_tenant_improvement__building,HI,Wahiawa,commercial_tenant_improvement,building,City and County of Honolulu Department of Planning and Permitting (DPP),City and County of Honolulu Department of Planning and Permitting (DPP) / HNL Build route,county,True
us-hi-waianae__commercial__commercial_tenant_improvement__building,HI,Waianae,commercial_tenant_improvement,building,City and County of Honolulu Department of Planning and Permitting (DPP),City and County of Honolulu Department of Planning and Permitting (DPP) / HNL Build route,county,True
us-hi-waikele__commercial__commercial_tenant_improvement__building,HI,Waikele,commercial_tenant_improvement,building,City and County of Honolulu Department of Planning and Permitting (DPP),City and County of Honolulu Department of Planning and Permitting (DPP),county_city_county_dpp_for_o_ahu_waikele_cdp,True
us-hi-waipio__commercial__commercial_tenant_improvement__building,HI,Waipio,commercial_tenant_improvement,building,City and County of Honolulu Department of Planning and Permitting (DPP),City and County of Honolulu Department of Planning and Permitting (DPP) / HNL Build route,county,True
us-ia-altoona__commercial__commercial_tenant_improvement__building,IA,Altoona,commercial_tenant_improvement,building,Altoona official building/permit authority,Altoona official building/permit authority,local,True
us-ia-ames__commercial__commercial_tenant_improvement__building,IA,Ames,commercial_tenant_improvement,building,City of Ames Building Safety Division,City of Ames Building Safety Division,local,True
us-ia-ankeny__commercial__commercial_tenant_improvement__building,IA,Ankeny,commercial_tenant_improvement,building,Ankeny,City of Ankeny Building Department,local,True
us-ia-bettendorf__commercial__commercial_tenant_improvement__building,IA,Bettendorf,commercial_tenant_improvement,building,City of Bettendorf Building Division,City of Bettendorf Building Division,local,True
us-ia-bondurant__commercial__commercial_tenant_improvement__building,IA,Bondurant,commercial_tenant_improvement,building,Bondurant official building/permit authority,Bondurant official building/permit authority,local,True
us-ia-boone__commercial__commercial_tenant_improvement__building,IA,Boone,commercial_tenant_improvement,building,Boone,Boone,local,True
us-ia-burlington__commercial__commercial_tenant_improvement__building,IA,Burlington,commercial_tenant_improvement,building,Burlington,Burlington,local,True
us-ia-cedar_county__commercial__commercial_tenant_improvement__building,IA,Cedar County,commercial_tenant_improvement,building,Cedar County Zoning Office,Cedar County Zoning Office,local,True
us-ia-cedar_falls__commercial__commercial_tenant_improvement__building,IA,Cedar Falls,commercial_tenant_improvement,building,City of Cedar Falls Permitting and Licensing,City of Cedar Falls Permitting and Licensing,local,True
us-ia-cedar_rapids__commercial__commercial_tenant_improvement__building,IA,Cedar Rapids,commercial_tenant_improvement,building,City of Cedar Rapids Building Services,City of Cedar Rapids Building Services,local,True
us-ia-clear_lake__commercial__commercial_tenant_improvement__building,IA,Clear Lake,commercial_tenant_improvement,building,City of Clear Lake Building Official,City of Clear Lake Building and Zoning Department / Building Official,local,True
us-ia-clear_lake__commercial__commercial_tenant_improvement__building,IA,Clear Lake,commercial_tenant_improvement,occupancy,City of Clear Lake Building Official,City of Clear Lake Building and Zoning Department / Building Official,local,True
us-ia-clinton__commercial__commercial_tenant_improvement__building,IA,Clinton,commercial_tenant_improvement,building,Clinton,Clinton,local,True
us-ia-clive__commercial__commercial_tenant_improvement__building,IA,Clive,commercial_tenant_improvement,building,City of Clive Community Development,City of Clive Community Development,local,True
us-ia-coralville__commercial__commercial_tenant_improvement__building,IA,Coralville,commercial_tenant_improvement,building,City of Coralville Community Development,City of Coralville Community Development,local,True
us-ia-council_bluffs__commercial__commercial_tenant_improvement__building,IA,Council Bluffs,commercial_tenant_improvement,building,City of Council Bluffs Building Division,City of Council Bluffs Building Division,local,True
us-ia-davenport__commercial__commercial_tenant_improvement__building,IA,Davenport,commercial_tenant_improvement,building,City of Davenport Building and Development,City of Davenport Building and Development,local,True
us-ia-des_moines__commercial__commercial_tenant_improvement__building,IA,Des Moines,commercial_tenant_improvement,building,City of Des Moines Building Services,City of Des Moines Building Services,local,True
us-ia-dubuque__commercial__commercial_tenant_improvement__building,IA,Dubuque,commercial_tenant_improvement,building,City of Dubuque Inspection and Construction Services,City of Dubuque Inspection and Construction Services,local,True
us-ia-fort_dodge__commercial__commercial_tenant_improvement__building,IA,Fort Dodge,commercial_tenant_improvement,building,City of Fort Dodge Code Enforcement Division,City of Fort Dodge Code Enforcement Division,local,True
us-ia-grimes__commercial__commercial_tenant_improvement__building,IA,Grimes,commercial_tenant_improvement,building,City of Grimes Building Division,City of Grimes Building Division,local,True
us-ia-grinnell__commercial__commercial_tenant_improvement__building,IA,Grinnell,commercial_tenant_improvement,building,City of Grinnell Building and Planning Department,City of Grinnell Building and Planning Department,local,True
us-ia-indianola__commercial__commercial_tenant_improvement__building,IA,Indianola,commercial_tenant_improvement,building,City of Indianola Building and Inspections,City of Indianola Building and Inspections,local,True
us-ia-iowa_city__commercial__commercial_tenant_improvement__building,IA,Iowa City,commercial_tenant_improvement,building,City of Iowa City Building Inspection Services,City of Iowa City Building Inspection Services,local,True
us-ia-johnston__commercial__commercial_tenant_improvement__building,IA,Johnston,commercial_tenant_improvement,building,City of Johnston Building Department,City of Johnston Building Department,local,True
us-ia-le_mars__commercial__commercial_tenant_improvement__building,IA,Le Mars,commercial_tenant_improvement,building,Le Mars,Le Mars,local,True
us-ia-manchester__commercial__commercial_tenant_improvement__building,IA,Manchester,commercial_tenant_improvement,building,City of Manchester Building Permits,City of Manchester Building Permits,local,True
us-ia-marion__commercial__commercial_tenant_improvement__building,IA,Marion,commercial_tenant_improvement,building,City of Marion Building Services,City of Marion Building Services,local,True
us-ia-marion_county__commercial__commercial_tenant_improvement__building,IA,Marion County,commercial_tenant_improvement,building,Marion County Zoning Office,Marion County Zoning Office,local,True
us-ia-marshalltown__commercial__commercial_tenant_improvement__building,IA,Marshalltown,commercial_tenant_improvement,building,City of Marshalltown Building Division,City of Marshalltown Building Division,local,True
us-ia-mason_city__commercial__commercial_tenant_improvement__building,IA,Mason City,commercial_tenant_improvement,building,Mason City,Mason City,local,True
us-ia-muscatine__commercial__commercial_tenant_improvement__building,IA,Muscatine,commercial_tenant_improvement,building,City of Muscatine Community Development / SmartGov portal,City of Muscatine Community Development / SmartGov portal,local,True
us-ia-nevada__commercial__commercial_tenant_improvement__building,IA,Nevada,commercial_tenant_improvement,building,City of Nevada Planning and Zoning,City of Nevada Planning and Zoning,local,True
us-ia-newton__commercial__commercial_tenant_improvement__building,IA,Newton,commercial_tenant_improvement,building,City of Newton Building Division,City of Newton Building Division,local,True
us-ia-north_liberty__commercial__commercial_tenant_improvement__building,IA,North Liberty,commercial_tenant_improvement,building,City of North Liberty Building Inspection,City of North Liberty Building Inspection,local,True
us-ia-oskaloosa__commercial__commercial_tenant_improvement__building,IA,Oskaloosa,commercial_tenant_improvement,building,City of Oskaloosa Development Services,City of Oskaloosa Development Services,local,True
us-ia-ottumwa__commercial__commercial_tenant_improvement__building,IA,Ottumwa,commercial_tenant_improvement,building,City of Ottumwa Building and Code Enforcement,City of Ottumwa Building and Code Enforcement,local,True
us-ia-pleasant_hill__commercial__commercial_tenant_improvement__building,IA,Pleasant Hill,commercial_tenant_improvement,building,City of Pleasant Hill Building Department,City of Pleasant Hill Building Department,local,True
us-ia-polk_city__commercial__commercial_tenant_improvement__building,IA,Polk City,commercial_tenant_improvement,building,City of Polk City Building Department,City of Polk City Building Department,local,True
us-ia-sioux_city__commercial__commercial_tenant_improvement__building,IA,Sioux City,commercial_tenant_improvement,building,City of Sioux City Inspection Services,City of Sioux City Inspection Services,local,True
us-ia-spencer__commercial__commercial_tenant_improvement__building,IA,Spencer,commercial_tenant_improvement,building,City of Spencer Building Department,City of Spencer Building Department,local,True
us-ia-storm_lake__commercial__commercial_tenant_improvement__building,IA,Storm Lake,commercial_tenant_improvement,building,City of Storm Lake Building Department,City of Storm Lake Building Department,local,True
us-ia-urbandale__commercial__commercial_tenant_improvement__building,IA,Urbandale,commercial_tenant_improvement,building,City of Urbandale Community Development,City of Urbandale Community Development,local,True
us-ia-waterloo__commercial__commercial_tenant_improvement__building,IA,Waterloo,commercial_tenant_improvement,building,City of Waterloo Building Department,City of Waterloo Building Department,local,True
us-ia-waterloo__commercial__commercial_tenant_improvement__building,IA,Waterloo,commercial_tenant_improvement,fire,City of Waterloo Building Department,City of Waterloo Building Department,local,True
us-ia-waterloo__commercial__commercial_tenant_improvement__building,IA,Waterloo,commercial_tenant_improvement,occupancy,City of Waterloo Building Department,City of Waterloo Building Department,local,True
us-ia-waukee__commercial__commercial_tenant_improvement__building,IA,Waukee,commercial_tenant_improvement,building,City of Waukee Community Development,City of Waukee Community Development,local,True
us-ia-waverly__commercial__commercial_tenant_improvement__building,IA,Waverly,commercial_tenant_improvement,building,"City of Waverly / Bremer County Building, Zoning & Sanitation / Iowa DIAL for fire plan review","City of Waverly Community Development / Bremer County Building, Zoning & Sanitation Department",local_city_delegates_building_to_county_with_state_fire_plan_review,True
us-ia-west_burlington__commercial__commercial_tenant_improvement__building,IA,West Burlington,commercial_tenant_improvement,building,City of West Burlington Community Development,City of West Burlington Community Development,local,True
us-ia-west_burlington__commercial__commercial_tenant_improvement__building,IA,West Burlington,commercial_tenant_improvement,zoning,City of West Burlington Community Development,City of West Burlington Community Development,local,True
us-ia-west_des_moines__commercial__commercial_tenant_improvement__building,IA,West Des Moines,commercial_tenant_improvement,building,City of West Des Moines Development Services,City of West Des Moines Development Services,local,True
us-id-ada_county__commercial__commercial_tenant_improvement__building,ID,Ada County,commercial_tenant_improvement,building,Ada County building/permit authority,Ada County building/permit authority,county,True
us-id-ammon__commercial__commercial_tenant_improvement__building,ID,Ammon,commercial_tenant_improvement,building,Ammon,City of Ammon Building Department,local,True
us-id-bannock_county__commercial__commercial_tenant_improvement__building,ID,Bannock County,commercial_tenant_improvement,building,Bannock County building/permit authority,Bannock County building/permit authority,county,True
us-id-bingham_county__commercial__commercial_tenant_improvement__building,ID,Bingham County,commercial_tenant_improvement,building,Bingham County,Bingham County,local,True
us-id-blaine_county__commercial__commercial_tenant_improvement__building,ID,Blaine County,commercial_tenant_improvement,building,Blaine County,Blaine County,local,True
us-id-boise__commercial__commercial_tenant_improvement__building,ID,Boise,commercial_tenant_improvement,building,City of Boise Planning and Development Services - Building Division,City of Boise Planning and Development Services - Building Division,local,True
us-id-bonner_county__commercial__commercial_tenant_improvement__building,ID,Bonner County,commercial_tenant_improvement,building,Bonner County,Bonner County,local,True
us-id-bonneville_county__commercial__commercial_tenant_improvement__building,ID,Bonneville County,commercial_tenant_improvement,building,Bonneville County building/permit authority,Bonneville County building/permit authority,county,True
us-id-bonneville_county__commercial__commercial_tenant_improvement__building,ID,Bonneville County,commercial_tenant_improvement,electrical,Bonneville County building/permit authority,Bonneville County building/permit authority,county,True
us-id-bonneville_county__commercial__commercial_tenant_improvement__building,ID,Bonneville County,commercial_tenant_improvement,fire,Bonneville County building/permit authority,Bonneville County building/permit authority,county,True
us-id-bonneville_county__commercial__commercial_tenant_improvement__building,ID,Bonneville County,commercial_tenant_improvement,mechanical,Bonneville County building/permit authority,Bonneville County building/permit authority,county,True
us-id-bonneville_county__commercial__commercial_tenant_improvement__building,ID,Bonneville County,commercial_tenant_improvement,occupancy,Bonneville County building/permit authority,Bonneville County building/permit authority,county,True
us-id-bonneville_county__commercial__commercial_tenant_improvement__building,ID,Bonneville County,commercial_tenant_improvement,plumbing,Bonneville County building/permit authority,Bonneville County building/permit authority,county,True
us-id-bonneville_county__commercial__commercial_tenant_improvement__building,ID,Bonneville County,commercial_tenant_improvement,zoning,Bonneville County building/permit authority,Bonneville County building/permit authority,county,True
us-id-boundary_county__commercial__commercial_tenant_improvement__building,ID,Boundary County,commercial_tenant_improvement,building,Boundary County,Boundary County,local,True
us-id-caldwell__commercial__commercial_tenant_improvement__building,ID,Caldwell,commercial_tenant_improvement,building,City of Caldwell Building Safety Division,City of Caldwell Building Safety Division,local,True
us-id-canyon_county__commercial__commercial_tenant_improvement__building,ID,Canyon County,commercial_tenant_improvement,building,Canyon County building/permit authority,Canyon County building/permit authority,county,True
us-id-cassia_county__commercial__commercial_tenant_improvement__building,ID,Cassia County,commercial_tenant_improvement,building,Cassia County official building/permit authority,Cassia County official building/permit authority,local,True
us-id-driggs__commercial__commercial_tenant_improvement__building,ID,Driggs,commercial_tenant_improvement,building,Driggs building/permit authority,Driggs building/permit authority,local,True
us-id-eagle__commercial__commercial_tenant_improvement__building,ID,Eagle,commercial_tenant_improvement,building,City of Eagle Building Department,City of Eagle Building Department,local,True
us-id-elmore_county__commercial__commercial_tenant_improvement__building,ID,Elmore County,commercial_tenant_improvement,building,Elmore County official building/permit authority,Elmore County official building/permit authority,local,True
us-id-fremont_county__commercial__commercial_tenant_improvement__building,ID,Fremont County,commercial_tenant_improvement,building,Fremont County official building/permit authority,Fremont County official building/permit authority,local,True
us-id-garden_city__commercial__commercial_tenant_improvement__building,ID,Garden City,commercial_tenant_improvement,building,Garden City building/permit authority,Garden City building/permit authority,local,True
us-id-gem_county__commercial__commercial_tenant_improvement__building,ID,Gem County,commercial_tenant_improvement,building,Gem County Development Services - Building Department,Gem County Development Services - Building Department,local,True
us-id-gooding_county__commercial__commercial_tenant_improvement__building,ID,Gooding County,commercial_tenant_improvement,building,Gooding County Building Department,Gooding County Building Department,local,True
us-id-hailey__commercial__commercial_tenant_improvement__building,ID,Hailey,commercial_tenant_improvement,building,Hailey building/permit authority,Hailey building/permit authority,local,True
us-id-idaho_falls__commercial__commercial_tenant_improvement__building,ID,Idaho Falls,commercial_tenant_improvement,building,City of Idaho Falls Division of Planning and Building,City of Idaho Falls Division of Planning and Building,local,True
us-id-jefferson_county__commercial__commercial_tenant_improvement__building,ID,Jefferson County,commercial_tenant_improvement,building,Jefferson County permitting authority,Jefferson County permitting authority,local,True
us-id-jerome__commercial__commercial_tenant_improvement__building,ID,Jerome,commercial_tenant_improvement,building,Jerome building/permit authority,Jerome building/permit authority,local,True
us-id-jerome_county__commercial__commercial_tenant_improvement__building,ID,Jerome County,commercial_tenant_improvement,building,Jerome County official building/permit authority,Jerome County official building/permit authority,local,True
us-id-kootenai_county__commercial__commercial_tenant_improvement__building,ID,Kootenai County,commercial_tenant_improvement,building,Kootenai County Community Development / Building Division,Kootenai County Community Development / Building Division,county,True
us-id-kootenai_county__commercial__commercial_tenant_improvement__building,ID,Kootenai County,commercial_tenant_improvement,occupancy,Kootenai County Community Development / Building Division,Kootenai County Community Development / Building Division,county,True
us-id-kuna__commercial__commercial_tenant_improvement__building,ID,Kuna,commercial_tenant_improvement,building,City of Kuna Building Department,City of Kuna Building Department,local,True
us-id-lewiston__commercial__commercial_tenant_improvement__building,ID,Lewiston,commercial_tenant_improvement,building,City of Lewiston Building Services,City of Lewiston Building Services,local,True
us-id-madison_county__commercial__commercial_tenant_improvement__building,ID,Madison County,commercial_tenant_improvement,building,Madison County,Madison County,local,True
us-id-meridian__commercial__commercial_tenant_improvement__building,ID,Meridian,commercial_tenant_improvement,building,City of Meridian Community Development - Building Division,City of Meridian Community Development - Building Division,local,True
us-id-middleton__commercial__commercial_tenant_improvement__building,ID,Middleton,commercial_tenant_improvement,building,Middleton building/permit authority,Middleton building/permit authority,local,True
us-id-minidoka_county__commercial__commercial_tenant_improvement__building,ID,Minidoka County,commercial_tenant_improvement,building,Minidoka County official building/permit authority,Minidoka County official building/permit authority,local,True
us-id-moscow__commercial__commercial_tenant_improvement__building,ID,Moscow,commercial_tenant_improvement,building,City of Moscow Building Safety Division,City of Moscow Building Safety Division,local,True
us-id-nampa__commercial__commercial_tenant_improvement__building,ID,Nampa,commercial_tenant_improvement,building,City of Nampa Building Safety and Code,City of Nampa Building Safety and Code,local,True
us-id-nez_perce_county__commercial__commercial_tenant_improvement__building,ID,Nez Perce County,commercial_tenant_improvement,building,Nez Perce County Planning and Building Department,Nez Perce County Planning and Building Department,local,True
us-id-payette_county__commercial__commercial_tenant_improvement__building,ID,Payette County,commercial_tenant_improvement,building,Payette County,Payette County,local,True
us-id-pocatello__commercial__commercial_tenant_improvement__building,ID,Pocatello,commercial_tenant_improvement,building,City of Pocatello Building Department,City of Pocatello Building Department,local,True
us-id-post_falls__commercial__commercial_tenant_improvement__building,ID,Post Falls,commercial_tenant_improvement,building,City of Post Falls Building Department,City of Post Falls Building Department,local,True
us-id-power_county__commercial__commercial_tenant_improvement__building,ID,Power County,commercial_tenant_improvement,building,Power County,Power County,local,True
us-id-rexburg__commercial__commercial_tenant_improvement__building,ID,Rexburg,commercial_tenant_improvement,building,City of Rexburg Building Department,City of Rexburg Building Department,local,True
us-id-rexburg__commercial__commercial_tenant_improvement__building,ID,Rexburg,commercial_tenant_improvement,electrical,City of Rexburg Building Department,City of Rexburg Building Department,local,True
us-id-rexburg__commercial__commercial_tenant_improvement__building,ID,Rexburg,commercial_tenant_improvement,mechanical,City of Rexburg Building Department,City of Rexburg Building Department,local,True
us-id-rexburg__commercial__commercial_tenant_improvement__building,ID,Rexburg,commercial_tenant_improvement,occupancy,City of Rexburg Building Department,City of Rexburg Building Department,local,True
us-id-rexburg__commercial__commercial_tenant_improvement__building,ID,Rexburg,commercial_tenant_improvement,plumbing,City of Rexburg Building Department,City of Rexburg Building Department,local,True
us-id-star__commercial__commercial_tenant_improvement__building,ID,Star,commercial_tenant_improvement,building,Star building/permit authority,Star building/permit authority,local,True
us-id-twin_falls__commercial__commercial_tenant_improvement__building,ID,Twin Falls,commercial_tenant_improvement,building,City of Twin Falls Building Safety Department,City of Twin Falls Building Safety Department,local,True
us-id-twin_falls__commercial__commercial_tenant_improvement__building,ID,Twin Falls,commercial_tenant_improvement,electrical,City of Twin Falls Building Safety Department,City of Twin Falls Building Safety Department,local,True
us-id-twin_falls__commercial__commercial_tenant_improvement__building,ID,Twin Falls,commercial_tenant_improvement,mechanical,City of Twin Falls Building Safety Department,City of Twin Falls Building Safety Department,local,True
us-id-twin_falls__commercial__commercial_tenant_improvement__building,ID,Twin Falls,commercial_tenant_improvement,plumbing,City of Twin Falls Building Safety Department,City of Twin Falls Building Safety Department,local,True
us-id-twin_falls_county__commercial__commercial_tenant_improvement__building,ID,Twin Falls County,commercial_tenant_improvement,building,Twin Falls County building/permit authority,Twin Falls County building/permit authority,county,True
us-id-valley_county__commercial__commercial_tenant_improvement__building,ID,Valley County,commercial_tenant_improvement,building,Valley County,Valley County,local,True
us-il-arlington_heights__commercial__commercial_tenant_improvement__building,IL,Arlington Heights,commercial_tenant_improvement,building,Arlington Heights,Arlington Heights,local,True
us-il-aurora__commercial__commercial_tenant_improvement__building,IL,Aurora,commercial_tenant_improvement,building,City of Aurora Division of Building and Permits,City of Aurora Division of Building and Permits,local,True
us-il-berwyn__commercial__commercial_tenant_improvement__building,IL,Berwyn,commercial_tenant_improvement,building,City of Berwyn Building Department,City of Berwyn Building Department,local,True
us-il-bloomingdale__commercial__commercial_tenant_improvement__building,IL,Bloomingdale,commercial_tenant_improvement,building,Village of Bloomingdale Building Department,Village of Bloomingdale Building Department,local,True
us-il-bloomington__commercial__commercial_tenant_improvement__building,IL,Bloomington,commercial_tenant_improvement,building,City of Bloomington Building and Inspection Services,City of Bloomington Building and Inspection Services,local,True
us-il-bolingbrook__commercial__commercial_tenant_improvement__building,IL,Bolingbrook,commercial_tenant_improvement,building,Village of Bolingbrook Building Division,Village of Bolingbrook Building Division,local,True
us-il-champaign__commercial__commercial_tenant_improvement__building,IL,Champaign,commercial_tenant_improvement,building,City of Champaign Building Safety Division,City of Champaign Building Safety Division,local,True
us-il-chicago__commercial__commercial_tenant_improvement__building,IL,Chicago,commercial_tenant_improvement,building,City of Chicago Department of Buildings,City of Chicago Department of Buildings,local,True
us-il-cicero__commercial__commercial_tenant_improvement__building,IL,Cicero,commercial_tenant_improvement,building,Town of Cicero Building Department,Town of Cicero Building Department,local,True
us-il-waukegan__residential__building_repair_or_improvement__building,IL,City of Waukegan Building and Code Department,residential_remodel,building,City of Waukegan Building and Code Department,City of Waukegan Building and Code Department,local,True
us-il-cook_county__commercial__commercial_tenant_improvement__building,IL,Cook County,commercial_tenant_improvement,building,Cook County Department of Building and Zoning,Cook County Department of Building and Zoning,county,True
us-il-dekalb_county__general__residential_or_commercial_building_permit_before_work__building,IL,DeKalb County Building and Zoning Department,residential_remodel,building,DeKalb County Building and Zoning Department,DeKalb County Building and Zoning Department,county,False
us-il-decatur__commercial__commercial_tenant_improvement__building,IL,Decatur,commercial_tenant_improvement,building,City of Decatur Building Services,City of Decatur Building Services,local,True
us-il-des_plaines__commercial__commercial_tenant_improvement__building,IL,Des Plaines,commercial_tenant_improvement,building,City of Des Plaines Building and Permits Division,City of Des Plaines Building and Permits Division,local,True
us-il-dupage_county__commercial__commercial_tenant_improvement__building,IL,Dupage County,commercial_tenant_improvement,building,DuPage County Building and Zoning Department,DuPage County Building and Zoning Department,county,True
us-il-elgin__commercial__commercial_tenant_improvement__building,IL,Elgin,commercial_tenant_improvement,building,City of Elgin Building and Development Services,City of Elgin Building and Development Services,local,True
us-il-evanston__commercial__commercial_tenant_improvement__building,IL,Evanston,commercial_tenant_improvement,building,City of Evanston Building and Development Services,City of Evanston Building and Development Services,local,True
us-il-grundy_county__general__flood_damage_residential_renovation_building_permit__building,IL,Grundy County Land Use Department,residential_remodel,building,Grundy County Land Use Department,Grundy County Land Use Department,county,False
us-il-hoffman_estates__commercial__commercial_tenant_improvement__building,IL,Hoffman Estates,commercial_tenant_improvement,building,Village of Hoffman Estates Development Services Department,Village of Hoffman Estates Development Services Department,local,True
us-il-hoffman_estates__commercial__commercial_tenant_improvement__building,IL,Hoffman Estates,commercial_tenant_improvement,electrical,Village of Hoffman Estates Development Services Department,Village of Hoffman Estates Development Services Department,local,True
us-il-hoffman_estates__commercial__commercial_tenant_improvement__building,IL,Hoffman Estates,commercial_tenant_improvement,fire,Village of Hoffman Estates Development Services Department,Village of Hoffman Estates Development Services Department,local,True
us-il-hoffman_estates__commercial__commercial_tenant_improvement__building,IL,Hoffman Estates,commercial_tenant_improvement,mechanical,Village of Hoffman Estates Development Services Department,Village of Hoffman Estates Development Services Department,local,True
us-il-hoffman_estates__commercial__commercial_tenant_improvement__building,IL,Hoffman Estates,commercial_tenant_improvement,occupancy,Village of Hoffman Estates Development Services Department,Village of Hoffman Estates Development Services Department,local,True
us-il-hoffman_estates__commercial__commercial_tenant_improvement__building,IL,Hoffman Estates,commercial_tenant_improvement,plumbing,Village of Hoffman Estates Development Services Department,Village of Hoffman Estates Development Services Department,local,True
us-il-hoffman_estates__commercial__commercial_tenant_improvement__building,IL,Hoffman Estates,commercial_tenant_improvement,zoning,Village of Hoffman Estates Development Services Department,Village of Hoffman Estates Development Services Department,local,True
us-il-joliet__commercial__commercial_tenant_improvement__building,IL,Joliet,commercial_tenant_improvement,building,City of Joliet Building and Inspectional Services Division,City of Joliet Building and Inspectional Services Division,local,True
us-il-kane_county__commercial__commercial_tenant_improvement__building,IL,Kane County,commercial_tenant_improvement,building,Kane County Development and Environmental Resources Department,Kane County Development and Environmental Resources Department,county,True
us-il-kankakee_county__general__building_permit_for_new_building_addition_demolition_renovation_systems_residential_or_commercial_work__building,IL,Kankakee County Building Division,residential_remodel,building,Kankakee County Building Division,Kankakee County Building Division,county,False
us-il-kankakee_county__general__building_permit_for_new_building_addition_demolition_renovation_systems_residential_or_commercial_work__building,IL,Kankakee County Building Division,residential_remodel,electrical,Kankakee County Building Division,Kankakee County Building Division,county,False
us-il-kankakee_county__general__building_permit_for_new_building_addition_demolition_renovation_systems_residential_or_commercial_work__building,IL,Kankakee County Building Division,residential_remodel,mechanical,Kankakee County Building Division,Kankakee County Building Division,county,False
us-il-kankakee_county__general__building_permit_for_new_building_addition_demolition_renovation_systems_residential_or_commercial_work__building,IL,Kankakee County Building Division,residential_remodel,plumbing,Kankakee County Building Division,Kankakee County Building Division,county,False
us-il-kendall_county__commercial__commercial_tenant_improvement__building,IL,Kendall County,commercial_tenant_improvement,building,"Kendall County Planning, Building & Zoning Department","Kendall County Planning, Building & Zoning Department",county,True
us-il-lasalle_county__general__commercial_residential_structural_sign_fence_pool_solar_wind_tower_building_permit__building,IL,LaSalle County Land Use Department Building Division,residential_remodel,building,LaSalle County Land Use Department Building Division,LaSalle County Land Use Department Building Division,county,False
us-il-lake_county__commercial__commercial_tenant_improvement__building,IL,Lake County,commercial_tenant_improvement,building,Lake County Planning Building and Development,Lake County Planning Building and Development,county,True
us-il-madison_county__commercial__commercial_tenant_improvement__building,IL,Madison County,commercial_tenant_improvement,building,Madison County Planning and Development Building and Zoning,Madison County Planning and Development Building and Zoning,local,True
us-il-mchenry_county__commercial__commercial_tenant_improvement__building,IL,Mchenry County,commercial_tenant_improvement,building,McHenry County Planning and Development Building Division,McHenry County Planning and Development Building Division,county,True
us-il-mclean_county__commercial__commercial_tenant_improvement__building,IL,Mclean County,commercial_tenant_improvement,building,McLean County Building and Zoning Department,McLean County Building and Zoning Department,county,True
us-il-mount_prospect__commercial__commercial_tenant_improvement__building,IL,Mount Prospect,commercial_tenant_improvement,building,Village of Mount Prospect Building and Inspection Services,Village of Mount Prospect Building and Inspection Services,local,True
us-il-naperville__commercial__commercial_tenant_improvement__building,IL,Naperville,commercial_tenant_improvement,building,City of Naperville Building Division,City of Naperville Building Division,local,True
us-il-normal__commercial__commercial_tenant_improvement__building,IL,Normal,commercial_tenant_improvement,building,Town of Normal Inspection Department,Town of Normal Inspection Department,local,True
us-il-oak_lawn__commercial__commercial_tenant_improvement__building,IL,Oak Lawn,commercial_tenant_improvement,building,Village of Oak Lawn Building Division,Village of Oak Lawn Building Division,local,True
us-il-palatine__commercial__commercial_tenant_improvement__building,IL,Palatine,commercial_tenant_improvement,building,Village of Palatine Community Development Department,Village of Palatine Community Development Department,local,True
us-il-peoria__commercial__commercial_tenant_improvement__building,IL,Peoria,commercial_tenant_improvement,building,City of Peoria Community Development Department,City of Peoria Community Development Department,local,True
us-il-peoria_county__commercial__commercial_tenant_improvement__building,IL,Peoria County,commercial_tenant_improvement,building,Peoria County Planning and Zoning Building Permits,Peoria County Planning and Zoning Building Permits,county,True
us-il-rock_island_county__commercial__commercial_tenant_improvement__building,IL,Rock Island County,commercial_tenant_improvement,building,Rock Island County Zoning and Building Safety Office,Rock Island County Zoning and Building Safety Office,county,True
us-il-rockford__commercial__commercial_tenant_improvement__building,IL,Rockford,commercial_tenant_improvement,building,Rockford,Rockford,local,True
us-il-sangamon_county__commercial__commercial_tenant_improvement__building,IL,Sangamon County,commercial_tenant_improvement,building,Sangamon County Building and Zoning Department,Sangamon County Building and Zoning Department,county,True
us-il-sangamon_county__commercial__commercial_tenant_improvement__building,IL,Sangamon County,commercial_tenant_improvement,electrical,Sangamon County Building and Zoning Department,Sangamon County Building and Zoning Department,county,True
us-il-sangamon_county__commercial__commercial_tenant_improvement__building,IL,Sangamon County,commercial_tenant_improvement,fire,Sangamon County Building and Zoning Department,Sangamon County Building and Zoning Department,county,True
us-il-sangamon_county__commercial__commercial_tenant_improvement__building,IL,Sangamon County,commercial_tenant_improvement,mechanical,Sangamon County Building and Zoning Department,Sangamon County Building and Zoning Department,county,True
us-il-sangamon_county__commercial__commercial_tenant_improvement__building,IL,Sangamon County,commercial_tenant_improvement,occupancy,Sangamon County Building and Zoning Department,Sangamon County Building and Zoning Department,county,True
us-il-sangamon_county__commercial__commercial_tenant_improvement__building,IL,Sangamon County,commercial_tenant_improvement,plumbing,Sangamon County Building and Zoning Department,Sangamon County Building and Zoning Department,county,True
us-il-sangamon_county__commercial__commercial_tenant_improvement__building,IL,Sangamon County,commercial_tenant_improvement,zoning,Sangamon County Building and Zoning Department,Sangamon County Building and Zoning Department,county,True
us-il-schaumburg__commercial__commercial_tenant_improvement__building,IL,Schaumburg,commercial_tenant_improvement,building,Village of Schaumburg Community Development Department / Permit Services,Village of Schaumburg Community Development Department / Permit Services,local,True
us-il-st_clair_county__commercial__commercial_tenant_improvement__building,IL,St Clair County,commercial_tenant_improvement,building,St. Clair County Building and Zoning Department,St. Clair County Building and Zoning Department,county,True
us-il-tinley_park__commercial__commercial_tenant_improvement__building,IL,Tinley Park,commercial_tenant_improvement,building,Village of Tinley Park Community Development Building Division,Village of Tinley Park Community Development Building Division,local,True
us-il-buffalo_grove__general__construction_or_structural_electrical_gas_mechanical_plumbing_work_permit__building,IL,Village of Buffalo Grove Permits and Inspections Division,residential_remodel,building,Village of Buffalo Grove Permits and Inspections Division,Village of Buffalo Grove Permits and Inspections Division,local,True
us-il-buffalo_grove__general__construction_or_structural_electrical_gas_mechanical_plumbing_work_permit__building,IL,Village of Buffalo Grove Permits and Inspections Division,residential_remodel,electrical,Village of Buffalo Grove Permits and Inspections Division,Village of Buffalo Grove Permits and Inspections Division,local,True
us-il-buffalo_grove__general__construction_or_structural_electrical_gas_mechanical_plumbing_work_permit__building,IL,Village of Buffalo Grove Permits and Inspections Division,residential_remodel,mechanical,Village of Buffalo Grove Permits and Inspections Division,Village of Buffalo Grove Permits and Inspections Division,local,True
us-il-buffalo_grove__general__construction_or_structural_electrical_gas_mechanical_plumbing_work_permit__building,IL,Village of Buffalo Grove Permits and Inspections Division,residential_remodel,plumbing,Village of Buffalo Grove Permits and Inspections Division,Village of Buffalo Grove Permits and Inspections Division,local,True
us-il-downers_grove__residential__building_or_modification_project__building,IL,Village of Downers Grove Building Services,residential_remodel,building,Village of Downers Grove Building Services,Village of Downers Grove Building Services,local,True
us-il-oak_park__residential__property_improvement_project__building,IL,Village of Oak Park Permit and Development Division,residential_remodel,building,Village of Oak Park Permit and Development Division,Village of Oak Park Permit and Development Division,local,True
us-il-orland_park__residential__new_construction_project__building,IL,Village of Orland Park Development Services,residential_remodel,building,Village of Orland Park Development Services,Village of Orland Park Development Services,local,True
us-il-skokie__residential__construction_or_home_improvement__building,IL,Village of Skokie Building and Renovation Permits Division,residential_remodel,building,Village of Skokie Building and Renovation Permits Division,Village of Skokie Building and Renovation Permits Division,local,True
us-il-wheaton__commercial__commercial_tenant_improvement__building,IL,Wheaton,commercial_tenant_improvement,building,Wheaton,Wheaton,local,True
us-il-will_county__general__unincorporated_building_or_regulated_appurtenance_work_permit__building,IL,Will County Land Use Department Building Division,reroof,building,Will County Land Use Department Building Division,Will County Land Use Department Building Division,county,True
us-in-anderson__commercial__commercial_tenant_improvement__building,IN,Anderson,commercial_tenant_improvement,building,City of Anderson Permit Center,City of Anderson Permit Center forms/process,local,True
us-in-bartholomew_county_department_of_technical_code_enforcement_for_columbus__commercial__commercial_tenant_improvement__building,IN,Bartholomew County Department Of Technical Code Enforcement For Columbus,commercial_tenant_improvement,building,Bartholomew County Department of Technical Code Enforcement,Columbus Development & Building Services / Bartholomew County Technical Code Enforcement,mixed,True
us-in-bloomington__commercial__commercial_tenant_improvement__building,IN,Bloomington,commercial_tenant_improvement,building,Bloomington,Bloomington,local,True
us-in-brownsburg__commercial__commercial_tenant_improvement__building,IN,Brownsburg,commercial_tenant_improvement,building,Brownsburg official building/permit authority,Brownsburg official building/permit authority,local,True
us-in-carmel__commercial__commercial_tenant_improvement__building,IN,Carmel,commercial_tenant_improvement,building,Carmel official building/permit authority,Carmel official building/permit authority,local,True
us-in-city_of_carmel_building_safety_office__commercial__commercial_tenant_improvement__building,IN,City Of Carmel Building Safety Office,commercial_tenant_improvement,building,Building Safety Office,Carmel online permitting / commercial-multifamily permit workflow,local,True
us-in-city_of_gary_building_department__commercial__commercial_tenant_improvement__building,IN,City Of Gary Building Department,commercial_tenant_improvement,building,Gary Building Department,Gary online permit system / building permit applications,local,True
us-in-city_of_greenwood_building_commissioner__commercial__commercial_tenant_improvement__building,IN,City Of Greenwood Building Commissioner,commercial_tenant_improvement,building,Greenwood Building Commissioner,City of Greenwood Community Development Services / Commercial Building Permit Application,local,True
us-in-city_of_hammond_inspections_department_building_division__commercial__commercial_tenant_improvement__building,IN,City Of Hammond Inspections Department Building Division,commercial_tenant_improvement,building,Hammond Building Division,Hammond Inspections Department / Building Division,local_with_state_companion_routes_where_applicable,True
us-in-city_of_kokomo_building_permits_office__commercial__commercial_tenant_improvement__building,IN,City Of Kokomo Building Permits Office,commercial_tenant_improvement,building,Kokomo Permit Office / Inspection Services,Kokomo Building Permits Office,local,True
us-in-city_of_lafayette_engineering_public_works_building_permits__commercial__commercial_tenant_improvement__building,IN,City Of Lafayette Engineering Public Works Building Permits,commercial_tenant_improvement,building,City of Lafayette Engineering & Public Works / Building Permits,Lafayette building permit application / commercial projects workflow,local,True
us-in-city_of_mishawaka_building_department__commercial__commercial_tenant_improvement__building,IN,City Of Mishawaka Building Department,commercial_tenant_improvement,building,Mishawaka Building Department,City of Mishawaka Building Department commercial requirements,local,True
us-in-city_of_muncie_building_commissioners_office__commercial__commercial_tenant_improvement__building,IN,City Of Muncie Building Commissioners Office,commercial_tenant_improvement,building,City Of Muncie Building Commissioners Office,City Of Muncie Building Commissioners Office,local,True
us-in-city_of_noblesville_planning_department_building_inspections__commercial__commercial_tenant_improvement__building,IN,City Of Noblesville Planning Department Building Inspections,commercial_tenant_improvement,building,Noblesville Planning Department / Building & Inspections,City of Noblesville Planning Department / Building & Inspections commercial permit guide,local,True
us-in-city_of_south_bend_building_department__commercial__commercial_tenant_improvement__building,IN,City Of South Bend Building Department,commercial_tenant_improvement,building,City of South Bend Building Department,City of South Bend 311 / Building Department commercial building permits,local,True
us-in-city_of_terre_haute_planning_building_permits__commercial__commercial_tenant_improvement__building,IN,City Of Terre Haute Planning Building Permits,commercial_tenant_improvement,building,Terre Haute Planning & Building / online permitting,City of Terre Haute Planning & Building Permits / Engineering permit requirements,local,True
us-in-city_of_west_lafayette_building_department__commercial__commercial_tenant_improvement__building,IN,City Of West Lafayette Building Department,commercial_tenant_improvement,building,West Lafayette Building Department,West Lafayette building permit applications and forms,local,True
us-in-crown_point__residential__residential_building_construction_alteration_or_inspection__building,IN,City of Crown Point Building Department,residential_remodel,building,City of Crown Point Building Department,Citizen Self Service portal,local,True
us-in-goshen__residential__residential_building_construction_alteration_or_inspection__building,IN,City of Goshen Building Department,residential_remodel,building,City of Goshen Building Department,City of Goshen portal / Building Department review,local,True
us-in-columbus__commercial__commercial_tenant_improvement__building,IN,Columbus,commercial_tenant_improvement,building,Columbus,Columbus,local,True
us-in-elkhart__commercial__commercial_tenant_improvement__building,IN,Elkhart,commercial_tenant_improvement,building,City of Elkhart Permit Center,City of Elkhart online applications or Permit Center counter,local,True
us-in-evansville__commercial__commercial_tenant_improvement__building,IN,Evansville,commercial_tenant_improvement,building,Evansville,Evansville,local,True
us-in-evansville_vanderburgh_county_building_commission__commercial__commercial_tenant_improvement__building,IN,Evansville Vanderburgh County Building Commission,commercial_tenant_improvement,building,Building Commission,Evansville/Vanderburgh online permitting portal,mixed,True
us-in-fishers__commercial__commercial_tenant_improvement__building,IN,Fishers,commercial_tenant_improvement,building,City of Fishers Permitting & Inspections,Fishers OpenGov portal / ViewPoint Cloud,local,True
us-in-fort_wayne__commercial__commercial_tenant_improvement__building,IN,Fort Wayne,commercial_tenant_improvement,building,Fort Wayne,Fort Wayne,local,True
us-in-fort_wayne_allen_county__commercial__commercial_tenant_improvement__building,IN,Fort Wayne Allen County,commercial_tenant_improvement,building,Allen County Building Department for Fort Wayne/Allen County,Accela Citizen Access / Allen County Building Department,county,True
us-in-gary__commercial__commercial_tenant_improvement__building,IN,Gary,commercial_tenant_improvement,building,City of Gary Building Department,City of Gary Building Department,local,True
us-in-greenwood__commercial__commercial_tenant_improvement__building,IN,Greenwood,commercial_tenant_improvement,building,Greenwood official building/permit authority,Greenwood official building/permit authority,local,True
us-in-hammond__commercial__commercial_tenant_improvement__building,IN,Hammond,commercial_tenant_improvement,building,Hammond,Hammond,local,True
us-in-indianapolis_marion__commercial__commercial_tenant_improvement__building,IN,Indianapolis Marion,commercial_tenant_improvement,building,Indianapolis Marion,Indianapolis Marion,local,True
us-in-indianapolis_marion_county_department_of_business_and_neighborhood_services__commercial__commercial_tenant_improvement__building,IN,Indianapolis Marion County Department Of Business And Neighborhood Services,commercial_tenant_improvement,building,Department of Business and Neighborhood Services / Class 1 structural permitting,Indianapolis / Marion County Department of Business and Neighborhood Services via Citizens Access Portal,mixed,True
us-in-jeffersonville__residential__residential_building_construction_alteration_or_inspection__building,IN,Jeffersonville,residential_remodel,building,Permit office,Permit office,local,True
us-in-kokomo__commercial__commercial_tenant_improvement__building,IN,Kokomo,commercial_tenant_improvement,building,Kokomo,Kokomo,local,True
us-in-lawrence__commercial__commercial_tenant_improvement__building,IN,Lawrence,commercial_tenant_improvement,building,City of Lawrence Building Department,Tyler Technologies eSuite Permit portal / City of Lawrence Building Department,local,True
us-in-merrillville__commercial__commercial_tenant_improvement__building,IN,Merrillville,commercial_tenant_improvement,building,Town of Merrillville Planning & Building Department,Merrillville Planning & Building Department paper/application workflow,local,True
us-in-mishawaka__commercial__commercial_tenant_improvement__building,IN,Mishawaka,commercial_tenant_improvement,building,Mishawaka,Mishawaka,local,True
us-in-monroe_county_building_department_for_bloomington_commercial_non_class_2_building_permits__commercial__commercial_tenant_improvement__building,IN,Monroe County Building Department For Bloomington Commercial Non Class 2 Building Permits,commercial_tenant_improvement,building,Monroe County Building Department,Monroe County Building Department for commercial/non-Class 2 structures; Bloomington CZC/CivicAccess where applicable,mixed,True
us-in-muncie__commercial__commercial_tenant_improvement__building,IN,Muncie,commercial_tenant_improvement,building,Muncie,Muncie,local,True
us-in-new_albany__commercial__commercial_tenant_improvement__building,IN,New Albany,commercial_tenant_improvement,building,City of New Albany Building Department,City of New Albany Public Portal / SmartGov for rental registration,local,True
us-in-new_albany__commercial__commercial_tenant_improvement__building,IN,New Albany,commercial_tenant_improvement,zoning,City of New Albany Building Department,City of New Albany Public Portal / SmartGov for rental registration,local,True
us-in-noblesville__commercial__commercial_tenant_improvement__building,IN,Noblesville,commercial_tenant_improvement,building,Noblesville official building/permit authority,Noblesville official building/permit authority,local,True
us-in-plainfield__residential__residential_building_construction_alteration_or_inspection__building,IN,Plainfield,residential_remodel,building,Permit office,Permit office,local,True
us-in-portage__residential__residential_building_construction_alteration_or_inspection__building,IN,Portage,residential_remodel,building,Permit office,Permit office,local,True
us-in-richmond__commercial__commercial_tenant_improvement__building,IN,Richmond,commercial_tenant_improvement,building,City of Richmond Permits and Inspections,BS&A online permitting/inspection system,local,True
us-in-south_bend__commercial__commercial_tenant_improvement__building,IN,South Bend,commercial_tenant_improvement,building,South Bend official building/permit authority,South Bend official building/permit authority,local,True
us-in-terre_haute__commercial__commercial_tenant_improvement__building,IN,Terre Haute,commercial_tenant_improvement,building,Terre Haute official building/permit authority,Terre Haute official building/permit authority,local,True
us-in-valparaiso__residential__residential_building_construction_alteration_or_inspection__building,IN,Valparaiso,residential_remodel,building,Permit office,Permit office,local,True
us-in-west_lafayette__commercial__commercial_tenant_improvement__building,IN,West Lafayette,commercial_tenant_improvement,building,West Lafayette,West Lafayette,local,True
us-in-westfield__residential__residential_building_construction_alteration_or_inspection__building,IN,Westfield,residential_remodel,building,Permit office,Permit office,local,True
us-ks-arkansas_city__commercial__commercial_tenant_improvement__building,KS,Arkansas City,commercial_tenant_improvement,building,City of Arkansas City Neighborhood Services,City of Arkansas City Neighborhood Services,local,True
us-ks-atchison__commercial__commercial_tenant_improvement__building,KS,Atchison,commercial_tenant_improvement,building,City of Atchison Community Development / City Hall,City of Atchison Community Development / City Hall,local,True
us-ks-augusta__commercial__commercial_tenant_improvement__building,KS,Augusta,commercial_tenant_improvement,building,City of Augusta Community Development Department,City of Augusta Community Development Department,local,True
us-ks-basehor__commercial__commercial_tenant_improvement__building,KS,Basehor,commercial_tenant_improvement,building,City of Basehor Building and Safety Department,City of Basehor Building and Safety Department,local,True
us-ks-bel_aire__commercial__commercial_tenant_improvement__building,KS,Bel Aire,commercial_tenant_improvement,building,City of Bel Aire Planning & Community Development / Building Inspector,City of Bel Aire Planning & Community Development / Building Inspector,local,True
us-ks-bonner_springs__commercial__commercial_tenant_improvement__building,KS,Bonner Springs,commercial_tenant_improvement,building,City of Bonner Springs Community Development / City Hall,City of Bonner Springs Community Development / City Hall,local,True
us-ks-chanute__commercial__commercial_tenant_improvement__building,KS,Chanute,commercial_tenant_improvement,building,City of Chanute Community Services,City of Chanute Community Services,local,True
us-ks-coffeyville__commercial__commercial_tenant_improvement__building,KS,Coffeyville,commercial_tenant_improvement,building,City of Coffeyville Building Inspection Division,City of Coffeyville Building Inspection Division,local,True
us-ks-derby__commercial__commercial_tenant_improvement__building,KS,Derby,commercial_tenant_improvement,building,City of Derby Building Official / Building Inspections & Codes,City of Derby Permitting Desk,local,True
us-ks-dodge_city__commercial__commercial_tenant_improvement__building,KS,Dodge City,commercial_tenant_improvement,building,City of Dodge City Development Services & Inspections,City of Dodge City Development Services & Inspections,local,True
us-ks-el_dorado__commercial__commercial_tenant_improvement__building,KS,El Dorado,commercial_tenant_improvement,building,City of El Dorado Building Permits & Inspections,City of El Dorado Engineering / Community Development online permit portal,local,True
us-ks-el_dorado__commercial__commercial_tenant_improvement__building,KS,El Dorado,commercial_tenant_improvement,occupancy,City of El Dorado Building Permits & Inspections,City of El Dorado Engineering / Community Development online permit portal,local,True
us-ks-emporia__commercial__commercial_tenant_improvement__building,KS,Emporia,commercial_tenant_improvement,building,City of Emporia Building Department,City of Emporia Building Department / Building & Neighborhood Development,local,True
us-ks-fort_scott__commercial__commercial_tenant_improvement__building,KS,Fort Scott,commercial_tenant_improvement,building,City of Fort Scott Codes Department,City of Fort Scott Codes Department,local,True
us-ks-garden_city__commercial__commercial_tenant_improvement__building,KS,Garden City,commercial_tenant_improvement,building,City of Garden City Building Inspections Division,City of Garden City Building Inspections Division,local,True
us-ks-gardner__commercial__commercial_tenant_improvement__building,KS,Gardner,commercial_tenant_improvement,building,City of Gardner Building & Inspections,City of Gardner Building & Inspections,local,True
us-ks-great_bend__commercial__commercial_tenant_improvement__building,KS,Great Bend,commercial_tenant_improvement,building,City of Great Bend Building Inspections Department,City of Great Bend Building Inspections Department,local,True
us-ks-hays__commercial__commercial_tenant_improvement__building,KS,Hays,commercial_tenant_improvement,building,City of Hays Inspections Office / online permit applications,City of Hays Inspections Office / online permit applications,local,True
us-ks-haysville__commercial__commercial_tenant_improvement__building,KS,Haysville,commercial_tenant_improvement,building,Haysville,Haysville,local,True
us-ks-hutchinson__commercial__commercial_tenant_improvement__building,KS,Hutchinson,commercial_tenant_improvement,building,City of Hutchinson Building Inspection Department,City of Hutchinson Building Inspection Department,local,True
us-ks-independence__commercial__commercial_tenant_improvement__building,KS,Independence,commercial_tenant_improvement,building,City of Independence Building Inspector,City of Independence Building Inspector,local,True
us-ks-kansas_city__commercial__commercial_tenant_improvement__building,KS,Kansas City,commercial_tenant_improvement,building,"Unified Government of Wyandotte County and Kansas City, Kansas Building Inspection division","Unified Government of Wyandotte County and Kansas City, Kansas Building Inspection division",local,True
us-ks-kansas_city_wyandotte__commercial__commercial_tenant_improvement__building,KS,Kansas City Wyandotte,commercial_tenant_improvement,building,Unified Government Building Inspection,Unified Government Building Inspection,local,True
us-ks-lansing__commercial__commercial_tenant_improvement__building,KS,Lansing,commercial_tenant_improvement,building,City of Lansing Community and Economic Development Department,City of Lansing Community and Economic Development Department,local,True
us-ks-lawrence__commercial__commercial_tenant_improvement__building,KS,Lawrence,commercial_tenant_improvement,building,City of Lawrence Development Services Building Safety Division,City of Lawrence Enterprise Permitting & Licensing (EPL),local,True
us-ks-leavenworth__commercial__commercial_tenant_improvement__building,KS,Leavenworth,commercial_tenant_improvement,building,City of Leavenworth Inspections and Permits Division,City of Leavenworth Inspections and Permits Division,local,True
us-ks-leawood__commercial__commercial_tenant_improvement__building,KS,Leawood,commercial_tenant_improvement,building,City of Leawood Code Services,Access Leawood / City of Leawood Building Permits,local,True
us-ks-lenexa__commercial__commercial_tenant_improvement__building,KS,Lenexa,commercial_tenant_improvement,building,City of Lenexa Community Development,City of Lenexa online public portal,local,True
us-ks-liberal__commercial__commercial_tenant_improvement__building,KS,Liberal,commercial_tenant_improvement,building,City of Liberal Building Department,City of Liberal Building Department / online application portal,local,True
us-ks-maize__commercial__commercial_tenant_improvement__building,KS,Maize,commercial_tenant_improvement,building,City of Maize Planning & Zoning,City of Maize Planning & Zoning,local,True
us-ks-manhattan__commercial__commercial_tenant_improvement__building,KS,Manhattan,commercial_tenant_improvement,building,Manhattan,Manhattan,local,True
us-ks-mcpherson__commercial__commercial_tenant_improvement__building,KS,Mcpherson,commercial_tenant_improvement,building,City of McPherson Building Inspections Department,City of McPherson Building Inspections Department,local,True
us-ks-mission__commercial__commercial_tenant_improvement__building,KS,Mission,commercial_tenant_improvement,building,City of Mission Community Development Department,City of Mission Community Development Department,local_city_community_development,True
us-ks-newton__commercial__commercial_tenant_improvement__building,KS,Newton,commercial_tenant_improvement,building,City of Newton Building Inspection Office,"City of Newton Building Inspection Office / Building, Zoning & Planning permit intake",local,True
us-ks-olathe__commercial__commercial_tenant_improvement__building,KS,Olathe,commercial_tenant_improvement,building,City of Olathe Building Codes,City of Olathe Customer Self-Service (CSS) Portal,local,True
us-ks-ottawa__commercial__commercial_tenant_improvement__building,KS,Ottawa,commercial_tenant_improvement,building,City of Ottawa Community Development / Building Codes,City of Ottawa Community Development Department,local,True
us-ks-overland_park__commercial__commercial_tenant_improvement__building,KS,Overland Park,commercial_tenant_improvement,building,City of Overland Park,City of Overland Park ePLACE,local,True
us-ks-park_city__commercial__commercial_tenant_improvement__building,KS,Park City,commercial_tenant_improvement,building,City of Park City Planning Department,City of Park City Planning Department,local,True
us-ks-prairie_village__commercial__commercial_tenant_improvement__building,KS,Prairie Village,commercial_tenant_improvement,building,City of Prairie Village Community Development Department,City of Prairie Village Community Development / OpenGov online permitting portal,local,True
us-ks-salina__commercial__commercial_tenant_improvement__building,KS,Salina,commercial_tenant_improvement,building,City of Salina Building & Neighborhood Services,City of Salina Building Services / GovBuilt portal,local,True
us-ks-shawnee__commercial__commercial_tenant_improvement__building,KS,Shawnee,commercial_tenant_improvement,building,City of Shawnee Community Development / Building Permits & Inspections,City of Shawnee Citizenserve Portal / City Hall,local,True
us-ks-shawnee__commercial__commercial_tenant_improvement__building,KS,Shawnee,commercial_tenant_improvement,occupancy,City of Shawnee Community Development / Building Permits & Inspections,City of Shawnee Citizenserve Portal / City Hall,local,True
us-ks-spring_hill__commercial__commercial_tenant_improvement__building,KS,Spring Hill,commercial_tenant_improvement,building,City of Spring Hill Community Development / online permitting and application portal,City of Spring Hill Community Development / online permitting and application portal,local,True
us-ks-topeka__commercial__commercial_tenant_improvement__building,KS,Topeka,commercial_tenant_improvement,building,City of Topeka Development Services,City of Topeka Building Permit Office / Development Services,local,True
us-ks-wichita__commercial__commercial_tenant_improvement__building,KS,Wichita,commercial_tenant_improvement,building,Sedgwick County Metropolitan Area Building and Construction Department (MABCD),Sedgwick County Metropolitan Area Building and Construction Department (MABCD),local,True
us-ks-wichita_mabcd__commercial__commercial_tenant_improvement__building,KS,Wichita Mabcd,commercial_tenant_improvement,building,Sedgwick County Metropolitan Area Building and Construction Department (MABCD),Sedgwick County Metropolitan Area Building and Construction Department (MABCD),county_administered,True
us-ks-winfield__commercial__commercial_tenant_improvement__building,KS,Winfield,commercial_tenant_improvement,building,City of Winfield Building Services division / Public Improvements,City of Winfield Building Services division / Public Improvements,local,True
us-ky-ashland__commercial__commercial_tenant_improvement__building,KY,Ashland,commercial_tenant_improvement,building,City of Ashland - Building Inspection Department,City of Ashland - Building Inspection Department,local,True
us-ky-bardstown__commercial__commercial_tenant_improvement__building,KY,Bardstown,commercial_tenant_improvement,building,City of Bardstown Building & Safety,City of Bardstown Building & Safety / iWorQ portal,local,True
us-ky-boone_county_building_department__commercial__commercial_tenant_improvement__building,KY,Boone County Building Department,commercial_tenant_improvement,building,Boone County Building Department / Building Services,Boone County online permit portal,county,True
us-ky-bowling_green__commercial__commercial_tenant_improvement__building,KY,Bowling Green,commercial_tenant_improvement,building,City of Bowling Green Building Division,City of Bowling Green Building Division,local_with_state_trade_delegation,True
us-ky-bowling_green__commercial__commercial_tenant_improvement__building,KY,Bowling Green,commercial_tenant_improvement,occupancy,City of Bowling Green Building Division,City of Bowling Green Building Division,local_with_state_trade_delegation,True
us-ky-bullitt_county__commercial__commercial_tenant_improvement__building,KY,Bullitt County,commercial_tenant_improvement,building,Bullitt County Buildings & Safety / Planning and Zoning,Bullitt County Buildings & Safety / Planning and Zoning Division,county,True
us-ky-campbell_county_planning_zoning_building_inspections__commercial__commercial_tenant_improvement__building,KY,Campbell County Planning Zoning Building Inspections,commercial_tenant_improvement,building,"Campbell County Planning, Zoning & Building Inspections Department",Campbell County building permit applications / handouts,county,True
us-ky-city_of_ashland__commercial__commercial_tenant_improvement__building,KY,City Of Ashland,commercial_tenant_improvement,building,City of Ashland Building Inspection division,City of Ashland Building Inspection applications / Online Action Center,local,True
us-ky-city_of_berea__commercial__commercial_tenant_improvement__building,KY,City Of Berea,commercial_tenant_improvement,building,City of Berea OpenGov permitting portal,City of Berea OpenGov permitting portal,local,True
us-ky-city_of_bowling_green__commercial__commercial_tenant_improvement__building,KY,City Of Bowling Green,commercial_tenant_improvement,building,City of Bowling Green Building Division,City of Bowling Green E-Permits / Building Division,local,True
us-ky-city_of_frankfort__commercial__commercial_tenant_improvement__building,KY,City Of Frankfort,commercial_tenant_improvement,building,City of Frankfort Planning & Community Development,City of Frankfort Planning & Community Development / building permit process,local,True
us-ky-city_of_henderson__commercial__commercial_tenant_improvement__building,KY,City Of Henderson,commercial_tenant_improvement,building,City of Henderson Code Enforcement office and/or State of Kentucky as applicable,City of Henderson Code Enforcement / Building Codes & Permits,local,True
us-ky-city_of_jeffersontown__commercial__commercial_tenant_improvement__building,KY,City Of Jeffersontown,commercial_tenant_improvement,building,City of Jeffersontown Building Department,"City of Jeffersontown Building Department / permits, applications and fees",local,True
us-ky-city_of_murray__commercial__commercial_tenant_improvement__building,KY,City Of Murray,commercial_tenant_improvement,building,City of Murray Building Permit Application / Department of Planning and Engineering,City of Murray Building Permit Application / Department of Planning and Engineering,local,True
us-ky-city_of_nicholasville__commercial__commercial_tenant_improvement__building,KY,City Of Nicholasville,commercial_tenant_improvement,building,City of Nicholasville Planning and Zoning / Building and Electrical Permits,City of Nicholasville forms page / Building Permit Application,local,True
us-ky-city_of_paducah__commercial__commercial_tenant_improvement__building,KY,City Of Paducah,commercial_tenant_improvement,building,City of Paducah Fire Prevention / Construction Division,City of Paducah Online Services Portal,local,True
us-ky-city_of_winchester_clark_county_building_inspection__commercial__commercial_tenant_improvement__building,KY,City Of Winchester Clark County Building Inspection,commercial_tenant_improvement,building,Winchester Building Inspection staff (City of Winchester and all Clark County) plus Kentucky HBC trade divisions when electrical/plumbing/HVAC/fire-safety trade scope applies,Winchester Building Inspection Department / Planning & Community Development with Kentucky HBC statewide trade divisions for trade permits,mixed_local_state_trade,True
us-ky-city_of_winchester_clark_county_building_inspection__commercial__commercial_tenant_improvement__building,KY,City Of Winchester Clark County Building Inspection,commercial_tenant_improvement,occupancy,Winchester Building Inspection staff (City of Winchester and all Clark County) plus Kentucky HBC trade divisions when electrical/plumbing/HVAC/fire-safety trade scope applies,Winchester Building Inspection Department / Planning & Community Development with Kentucky HBC statewide trade divisions for trade permits,mixed_local_state_trade,True
us-ky-city_of_winchester_clark_county_building_inspection__commercial__commercial_tenant_improvement__building,KY,City Of Winchester Clark County Building Inspection,commercial_tenant_improvement,zoning,Winchester Building Inspection staff (City of Winchester and all Clark County) plus Kentucky HBC trade divisions when electrical/plumbing/HVAC/fire-safety trade scope applies,Winchester Building Inspection Department / Planning & Community Development with Kentucky HBC statewide trade divisions for trade permits,mixed_local_state_trade,True
us-ky-covington__commercial__commercial_tenant_improvement__building,KY,Covington,commercial_tenant_improvement,building,KY|us-ky-covington|city|City of Covington - Building and Zoning Department,KY|us-ky-covington|city|City of Covington - Building and Zoning Department,local,True
us-ky-elizabethtown__commercial__commercial_tenant_improvement__building,KY,Elizabethtown,commercial_tenant_improvement,building,City of Elizabethtown Online Permit Center,City of Elizabethtown SmartGov / Granicus public portal,local,True
us-ky-florence__commercial__commercial_tenant_improvement__building,KY,Florence,commercial_tenant_improvement,building,Florence official building/permit authority,Florence official building/permit authority,local,True
us-ky-frankfort__commercial__commercial_tenant_improvement__building,KY,Frankfort,commercial_tenant_improvement,building,KY|us-ky-frankfort|city|City of Frankfort - Planning and Community Development,KY|us-ky-frankfort|city|City of Frankfort - Planning and Community Development,local,True
us-ky-georgetown__commercial__commercial_tenant_improvement__building,KY,Georgetown,commercial_tenant_improvement,building,City of Georgetown - Georgetown/Scott County Building Inspection Department,City of Georgetown - Georgetown/Scott County Building Inspection Department,local_or_official_source_backed,True
us-ky-georgetown_scott_county_building_inspection_department__commercial__commercial_tenant_improvement__building,KY,Georgetown Scott County Building Inspection Department,commercial_tenant_improvement,building,Georgetown / Scott County Building Inspection Department,Georgetown / Scott County Building Inspection Department permit forms / fee schedule,mixed,True
us-ky-hardin_county__commercial__commercial_tenant_improvement__building,KY,Hardin County,commercial_tenant_improvement,building,Hardin County Planning and Development Commission,Hardin County Planning and Development Commission,county,True
us-ky-henderson__commercial__commercial_tenant_improvement__building,KY,Henderson,commercial_tenant_improvement,building,Henderson official building/permit authority,Henderson official building/permit authority,local,True
us-ky-hopkinsville__commercial__commercial_tenant_improvement__building,KY,Hopkinsville,commercial_tenant_improvement,building,Hopkinsville,Hopkinsville,local,True
us-ky-independence__commercial__commercial_tenant_improvement__building,KY,Independence,commercial_tenant_improvement,building,Independence,Independence,local,True
us-ky-kenton_county_pds__commercial__commercial_tenant_improvement__building,KY,Kenton County Pds,commercial_tenant_improvement,building,Planning and Development Services of Kenton County - Building Codes Administration,PDS Kenton County Building Codes Administration online permit portal,delegated,True
us-ky-lexington_fayette__commercial__commercial_tenant_improvement__building,KY,Lexington Fayette,commercial_tenant_improvement,building,Lexington Fayette,Lexington Fayette,local,True
us-ky-lexington_fayette_urban_county_government__commercial__commercial_tenant_improvement__building,KY,Lexington Fayette Urban County Government,commercial_tenant_improvement,building,LFUCG Division of Building Inspection,LFUCG Accela / lexingtonky.gov/permit,local,True
us-ky-lexington_fayette_urban_county_government__commercial__commercial_tenant_improvement__building,KY,Lexington Fayette Urban County Government,commercial_tenant_improvement,zoning,LFUCG Division of Building Inspection,LFUCG Accela / lexingtonky.gov/permit,local,True
us-ky-london__commercial__commercial_tenant_improvement__building,KY,London,commercial_tenant_improvement,building,City of London Building Inspector,City of London Building Inspector,local,True
us-ky-louisville_jefferson__commercial__commercial_tenant_improvement__building,KY,Louisville Jefferson,commercial_tenant_improvement,building,Louisville Metro Construction Review / Codes and Regulations,Louisville Metro Construction Review / Codes and Regulations,local_metro_with_state_plumbing_delegation,True
us-ky-louisville_metro_government__commercial__commercial_tenant_improvement__building,KY,Louisville Metro Government,commercial_tenant_improvement,building,Louisville Metro Department of Codes and Regulations / Construction Review,Louisville Metro Accela online portal or Construction Review office,local,True
us-ky-louisville_metro_government__commercial__commercial_tenant_improvement__building,KY,Louisville Metro Government,commercial_tenant_improvement,occupancy,Louisville Metro Department of Codes and Regulations / Construction Review,Louisville Metro Accela online portal or Construction Review office,local,True
us-ky-madison_county__commercial__commercial_tenant_improvement__building,KY,Madison County,commercial_tenant_improvement,building,Madison County,Madison County Planning & Development Services online applications,local,True
us-ky-mccracken_county__commercial__commercial_tenant_improvement__building,KY,Mccracken County,commercial_tenant_improvement,building,McCracken County Inspection Department,McCracken County Inspection Department / Cloudpermit,county,True
us-ky-mount_washington__residential__residential_building_construction_alteration_or_inspection__building,KY,Mount Washington,residential_remodel,building,Permit office,Permit office,local,True
us-ky-murray__commercial__commercial_tenant_improvement__building,KY,Murray,commercial_tenant_improvement,building,Murray,Murray,local,True
us-ky-nicholasville__commercial__commercial_tenant_improvement__building,KY,Nicholasville,commercial_tenant_improvement,building,Nicholasville official building/permit authority,Nicholasville official building/permit authority,local,True
us-ky-oldham_county__residential__residential_building_construction_alteration_or_inspection__building,KY,Oldham County,residential_remodel,building,Permit office,Permit office,local,True
us-ky-owensboro__commercial__commercial_tenant_improvement__building,KY,Owensboro,commercial_tenant_improvement,building,City of Owensboro / Owensboro Metropolitan Planning Commission Building & Electrical Division,Owensboro Metropolitan Planning Commission Building & Electrical Division,delegated,True
us-ky-paducah__commercial__commercial_tenant_improvement__building,KY,Paducah,commercial_tenant_improvement,building,Paducah,Paducah,local,True
us-ky-pikeville__commercial__commercial_tenant_improvement__building,KY,Pikeville,commercial_tenant_improvement,building,City of Pikeville Building Permit Department,City of Pikeville building permit form / Building Resources,local,True
us-ky-pikeville__commercial__commercial_tenant_improvement__building,KY,Pikeville,commercial_tenant_improvement,electrical,City of Pikeville Building Permit Department,City of Pikeville building permit form / Building Resources,local,True
us-ky-pikeville__commercial__commercial_tenant_improvement__building,KY,Pikeville,commercial_tenant_improvement,fire,City of Pikeville Building Permit Department,City of Pikeville building permit form / Building Resources,local,True
us-ky-pikeville__commercial__commercial_tenant_improvement__building,KY,Pikeville,commercial_tenant_improvement,mechanical,City of Pikeville Building Permit Department,City of Pikeville building permit form / Building Resources,local,True
us-ky-pikeville__commercial__commercial_tenant_improvement__building,KY,Pikeville,commercial_tenant_improvement,occupancy,City of Pikeville Building Permit Department,City of Pikeville building permit form / Building Resources,local,True
us-ky-pikeville__commercial__commercial_tenant_improvement__building,KY,Pikeville,commercial_tenant_improvement,plumbing,City of Pikeville Building Permit Department,City of Pikeville building permit form / Building Resources,local,True
us-ky-pikeville__commercial__commercial_tenant_improvement__building,KY,Pikeville,commercial_tenant_improvement,zoning,City of Pikeville Building Permit Department,City of Pikeville building permit form / Building Resources,local,True
us-ky-radcliff__commercial__commercial_tenant_improvement__building,KY,Radcliff,commercial_tenant_improvement,building,Radcliff,Radcliff,local,True
us-ky-richmond__commercial__commercial_tenant_improvement__building,KY,Richmond,commercial_tenant_improvement,building,City of Richmond Building Inspection Department,City of Richmond Building Inspection Department / online permit application route,local,True
us-ky-somerset__commercial__commercial_tenant_improvement__building,KY,Somerset,commercial_tenant_improvement,building,City of Somerset Building Inspection Department,City of Somerset Building Inspection Department,local,True
us-ky-warren_county__commercial__commercial_tenant_improvement__building,KY,Warren County,commercial_tenant_improvement,building,Warren County Division for Building Services,Warren County Division for Building Services / SmartGov portal,county,True
us-ky-winchester__commercial__commercial_tenant_improvement__building,KY,Winchester,commercial_tenant_improvement,building,City of Winchester Building Inspections,City of Winchester Building Inspections,local_city_building_inspections,True
us-la-acadia_parish__commercial__commercial_tenant_improvement__building,LA,Acadia Parish,commercial_tenant_improvement,building,Acadia Parish Police Jury Building Permits,Acadia Parish Police Jury Building Permits,local,True
us-la-alexandria__commercial__commercial_tenant_improvement__building,LA,Alexandria,commercial_tenant_improvement,building,City of Alexandria Building Permits and Inspections,City of Alexandria Building Permits and Inspections,local,True
us-la-ascension_parish__commercial__commercial_tenant_improvement__building,LA,Ascension Parish,commercial_tenant_improvement,building,Ascension Parish Government Building Department,Ascension Parish Government Building Department,county,True
us-la-avoyelles_parish__commercial__commercial_tenant_improvement__building,LA,Avoyelles Parish,commercial_tenant_improvement,building,Avoyelles Parish Police Jury Permitting Department,Avoyelles Parish Police Jury Permitting Department,local,True
us-la-baker__commercial__commercial_tenant_improvement__building,LA,Baker,commercial_tenant_improvement,building,City of Baker Buildings and Grounds Department,City of Baker Buildings and Grounds Department,local,True
us-la-baker__commercial__commercial_tenant_improvement__building,LA,Baker,commercial_tenant_improvement,zoning,City of Baker Buildings and Grounds Department,City of Baker Buildings and Grounds Department,local,True
us-la-beauregard_parish__commercial__commercial_tenant_improvement__building,LA,Beauregard Parish,commercial_tenant_improvement,building,Rapides Area Planning Commission / local permit office route listed by City of DeRidder,Rapides Area Planning Commission permit office at the Beauregard Parish Police Jury Building,delegated,True
us-la-bossier_city__commercial__commercial_tenant_improvement__building,LA,Bossier City,commercial_tenant_improvement,building,Bossier City Permits and Inspections Division,Bossier City Permits and Inspections Division,local,True
us-la-bossier_parish__commercial__commercial_tenant_improvement__building,LA,Bossier Parish,commercial_tenant_improvement,building,Bossier Parish Police Jury building official: Code Inspections Plus,Code Inspections Plus / My Government Online for unincorporated Bossier Parish,third_party,True
us-la-bossier_parish__commercial__commercial_tenant_improvement__building,LA,Bossier Parish,commercial_tenant_improvement,fire,Bossier Parish Police Jury building official: Code Inspections Plus,Code Inspections Plus / My Government Online for unincorporated Bossier Parish,third_party,True
us-la-bossier_parish__commercial__commercial_tenant_improvement__building,LA,Bossier Parish,commercial_tenant_improvement,occupancy,Bossier Parish Police Jury building official: Code Inspections Plus,Code Inspections Plus / My Government Online for unincorporated Bossier Parish,third_party,True
us-la-bossier_parish__commercial__commercial_tenant_improvement__building,LA,Bossier Parish,commercial_tenant_improvement,zoning,Bossier Parish Police Jury building official: Code Inspections Plus,Code Inspections Plus / My Government Online for unincorporated Bossier Parish,third_party,True
us-la-broussard__commercial__commercial_tenant_improvement__building,LA,Broussard,commercial_tenant_improvement,building,City of Broussard Permitting and Licensing Department,City of Broussard Permitting and Licensing Department,local,True
us-la-caddo_parish__commercial__commercial_tenant_improvement__building,LA,Caddo Parish,commercial_tenant_improvement,building,City of Shreveport Division of Permits and Inspections,City of Shreveport Division of Permits and Inspections,delegated,True
us-la-caddo_parish__commercial__commercial_tenant_improvement__building,LA,Caddo Parish,commercial_tenant_improvement,electrical,City of Shreveport Division of Permits and Inspections,City of Shreveport Division of Permits and Inspections,delegated,True
us-la-caddo_parish__commercial__commercial_tenant_improvement__building,LA,Caddo Parish,commercial_tenant_improvement,fire,City of Shreveport Division of Permits and Inspections,City of Shreveport Division of Permits and Inspections,delegated,True
us-la-caddo_parish__commercial__commercial_tenant_improvement__building,LA,Caddo Parish,commercial_tenant_improvement,mechanical,City of Shreveport Division of Permits and Inspections,City of Shreveport Division of Permits and Inspections,delegated,True
us-la-caddo_parish__commercial__commercial_tenant_improvement__building,LA,Caddo Parish,commercial_tenant_improvement,occupancy,City of Shreveport Division of Permits and Inspections,City of Shreveport Division of Permits and Inspections,delegated,True
us-la-caddo_parish__commercial__commercial_tenant_improvement__building,LA,Caddo Parish,commercial_tenant_improvement,plumbing,City of Shreveport Division of Permits and Inspections,City of Shreveport Division of Permits and Inspections,delegated,True
us-la-caddo_parish__commercial__commercial_tenant_improvement__building,LA,Caddo Parish,commercial_tenant_improvement,zoning,City of Shreveport Division of Permits and Inspections,City of Shreveport Division of Permits and Inspections,delegated,True
us-la-calcasieu_parish__commercial__commercial_tenant_improvement__building,LA,Calcasieu Parish,commercial_tenant_improvement,building,Calcasieu Parish Police Jury Division of Planning and Development,Calcasieu Parish Police Jury Division of Planning and Development,county,True
us-la-central__commercial__commercial_tenant_improvement__building,LA,Central,commercial_tenant_improvement,building,City of Central Permits and Inspections,City of Central Permits and Inspections,local,True
us-la-covington__residential__residential_building_construction_alteration_or_inspection__building,LA,Covington,residential_remodel,building,Permit office,Permit office,local,True
us-la-east_baton_rouge_parish__commercial__commercial_tenant_improvement__building,LA,East Baton Rouge Parish / Baton Rouge City-Parish,commercial_tenant_improvement,building,City of Baton Rouge / Parish of East Baton Rouge Permits & Inspections Division,City of Baton Rouge / Parish of East Baton Rouge Permits & Inspections Division,local_city_parish_with_conditional_state_fire_marshal_and_planning_routes,True
us-la-gretna__commercial__commercial_tenant_improvement__building,LA,Gretna,commercial_tenant_improvement,building,City of Gretna Building Department,City of Gretna Building Department,local,True
us-la-hammond__residential__residential_building_construction_alteration_or_inspection__building,LA,Hammond,residential_remodel,building,Permit office,Permit office,local,True
us-la-iberia_parish__commercial__commercial_tenant_improvement__building,LA,Iberia Parish,commercial_tenant_improvement,building,Iberia Parish Government Permit Office,Iberia Parish Government Permit Office,local,True
us-la-jefferson_parish__commercial__commercial_tenant_improvement__building,LA,Jefferson Parish,commercial_tenant_improvement,building,Jefferson Parish Building Department,Jefferson Parish Building Department,county,True
us-la-kenner__residential__residential_building_construction_alteration_or_inspection__building,LA,Kenner,residential_remodel,building,Permit office,Permit office,local,True
us-la-lafayette_parish__commercial__commercial_tenant_improvement__building,LA,Lafayette Parish,commercial_tenant_improvement,building,Lafayette Parish,Lafayette Parish,local,True
us-la-lafourche_parish__commercial__commercial_tenant_improvement__building,LA,Lafourche Parish,commercial_tenant_improvement,building,Lafourche Parish Permits and Planning Department,Lafourche Parish Permits and Planning Department,county,True
us-la-lake_charles__residential__residential_building_construction_alteration_or_inspection__building,LA,Lake Charles,residential_remodel,building,Permit office,Permit office,local,True
us-la-livingston_parish__commercial__commercial_tenant_improvement__building,LA,Livingston Parish,commercial_tenant_improvement,building,Livingston Parish Building and Permits Department,Livingston Parish Building and Permits Department,county,True
us-la-mandeville__residential__residential_building_construction_alteration_or_inspection__building,LA,Mandeville,residential_remodel,building,Permit office,Permit office,local,True
us-la-monroe__commercial__commercial_tenant_improvement__building,LA,Monroe,commercial_tenant_improvement,building,City of Monroe Inspections and Permitting,City of Monroe Inspections and Permitting,local,True
us-la-new_iberia__residential__residential_building_construction_alteration_or_inspection__building,LA,New Iberia,residential_remodel,building,Permit office,Permit office,local,True
us-la-opelousas__commercial__commercial_tenant_improvement__building,LA,Opelousas,commercial_tenant_improvement,building,City of Opelousas Permits Licenses and Inspections,City of Opelousas Permits Licenses and Inspections,local,True
us-la-orleans_parish__commercial__commercial_tenant_improvement__building,LA,Orleans Parish,commercial_tenant_improvement,building,City of New Orleans Department of Safety and Permits,City of New Orleans Department of Safety and Permits,local,True
us-la-ouachita_parish__commercial__commercial_tenant_improvement__building,LA,Ouachita Parish,commercial_tenant_improvement,building,Ouachita Parish Police Jury Permit Office,Ouachita Parish Police Jury Permit Office,county_with_state_fire_marshal_condition,True
us-la-ouachita_parish__commercial__commercial_tenant_improvement__building,LA,Ouachita Parish,commercial_tenant_improvement,occupancy,Ouachita Parish Police Jury Permit Office,Ouachita Parish Police Jury Permit Office,county_with_state_fire_marshal_condition,True
us-la-plaquemines_parish__commercial__commercial_tenant_improvement__building,LA,Plaquemines Parish,commercial_tenant_improvement,building,Plaquemines Parish Department of Permits,Plaquemines Parish Department of Permits,local,True
us-la-rapides_parish__commercial__commercial_tenant_improvement__building,LA,Rapides Parish,commercial_tenant_improvement,building,Rapides Area Planning Commission,Rapides Area Planning Commission Building Code Enforcement,delegated,True
us-la-rapides_parish__commercial__commercial_tenant_improvement__building,LA,Rapides Parish,commercial_tenant_improvement,electrical,Rapides Area Planning Commission,Rapides Area Planning Commission Building Code Enforcement,delegated,True
us-la-rapides_parish__commercial__commercial_tenant_improvement__building,LA,Rapides Parish,commercial_tenant_improvement,fire,Rapides Area Planning Commission,Rapides Area Planning Commission Building Code Enforcement,delegated,True
us-la-rapides_parish__commercial__commercial_tenant_improvement__building,LA,Rapides Parish,commercial_tenant_improvement,mechanical,Rapides Area Planning Commission,Rapides Area Planning Commission Building Code Enforcement,delegated,True
us-la-rapides_parish__commercial__commercial_tenant_improvement__building,LA,Rapides Parish,commercial_tenant_improvement,occupancy,Rapides Area Planning Commission,Rapides Area Planning Commission Building Code Enforcement,delegated,True
us-la-rapides_parish__commercial__commercial_tenant_improvement__building,LA,Rapides Parish,commercial_tenant_improvement,plumbing,Rapides Area Planning Commission,Rapides Area Planning Commission Building Code Enforcement,delegated,True
us-la-rapides_parish__commercial__commercial_tenant_improvement__building,LA,Rapides Parish,commercial_tenant_improvement,zoning,Rapides Area Planning Commission,Rapides Area Planning Commission Building Code Enforcement,delegated,True
us-la-ruston__commercial__commercial_tenant_improvement__building,LA,Ruston,commercial_tenant_improvement,building,Ruston,Ruston,local,True
us-la-slidell__commercial__commercial_tenant_improvement__building,LA,Slidell,commercial_tenant_improvement,building,City of Slidell Building Safety Permits and Code Enforcement,City of Slidell Building Safety Permits and Code Enforcement,local,True
us-la-st_bernard_parish__commercial__commercial_tenant_improvement__building,LA,St Bernard Parish,commercial_tenant_improvement,building,St. Bernard Parish Safety and Permits Division,St. Bernard Parish Safety and Permits Division,county,True
us-la-st_charles_parish__commercial__commercial_tenant_improvement__building,LA,St Charles Parish,commercial_tenant_improvement,building,St. Charles Parish Planning and Zoning Permits,St. Charles Parish Planning and Zoning Permits,local,True
us-la-st_john_the_baptist_parish__commercial__commercial_tenant_improvement__building,LA,St John The Baptist Parish,commercial_tenant_improvement,building,St. John the Baptist Parish Permits,St. John the Baptist Parish Permits,local,True
us-la-st_tammany_parish__commercial__commercial_tenant_improvement__building,LA,St Tammany Parish,commercial_tenant_improvement,building,St. Tammany Parish Department of Permits and Inspections,St. Tammany Parish Department of Permits and Inspections,county,True
us-la-sulphur__residential__residential_building_construction_alteration_or_inspection__building,LA,Sulphur,residential_remodel,building,Permit office,Permit office,local,True
us-la-tangipahoa_parish__commercial__commercial_tenant_improvement__building,LA,Tangipahoa Parish,commercial_tenant_improvement,building,Tangipahoa Parish Permit Office,Tangipahoa Parish Permit Office,county,True
us-la-terrebonne_parish__commercial__commercial_tenant_improvement__building,LA,Terrebonne Parish,commercial_tenant_improvement,building,Terrebonne Parish Consolidated Government Permits Division,Terrebonne Parish Consolidated Government Permits Division,local,True
us-la-vernon_parish__commercial__commercial_tenant_improvement__building,LA,Vernon Parish,commercial_tenant_improvement,building,Rapides Area Planning Commission Building Code Enforcement for Vernon Parish,Vernon Parish Police Jury / Rapides Area Planning Commission Building Code Enforcement,local,True
us-la-washington_parish__commercial__commercial_tenant_improvement__building,LA,Washington Parish,commercial_tenant_improvement,building,Washington Parish Building and Permitting Department,Washington Parish Building and Permitting Department,local,True
us-la-west_baton_rouge_parish__commercial__commercial_tenant_improvement__building,LA,West Baton Rouge Parish,commercial_tenant_improvement,building,West Baton Rouge Parish Community Planning and Development Permit Office,West Baton Rouge Parish Community Planning and Development Permit Office,local,True
us-la-west_monroe__residential__residential_building_construction_alteration_or_inspection__building,LA,West Monroe,residential_remodel,building,Permit office,Permit office,local,True
us-la-zachary__commercial__commercial_tenant_improvement__building,LA,Zachary,commercial_tenant_improvement,building,City of Zachary Inspections Department,City of Zachary Inspections Department,local,True
us-ma-amherst__commercial__commercial_tenant_improvement__building,MA,Amherst,commercial_tenant_improvement,building,Town of Amherst Building Department,Town of Amherst Building Department,local,True
us-ma-arlington__commercial__commercial_tenant_improvement__building,MA,Arlington,commercial_tenant_improvement,building,Arlington official building/permit authority,Arlington official building/permit authority,local,True
us-ma-attleboro__commercial__commercial_tenant_improvement__building,MA,Attleboro,commercial_tenant_improvement,building,City of Attleboro Building Inspection Department,City of Attleboro Building Inspection Department,local,True
us-ma-barnstable__commercial__commercial_tenant_improvement__building,MA,Barnstable,commercial_tenant_improvement,building,Town of Barnstable Building Division,Town of Barnstable Building Division,local,True
us-ma-belmont__commercial__commercial_tenant_improvement__building,MA,Belmont,commercial_tenant_improvement,building,Belmont,Belmont,local,True
us-ma-billerica__commercial__commercial_tenant_improvement__building,MA,Billerica,commercial_tenant_improvement,building,MA|us-ma-billerica|city|Town of Billerica Building Department,MA|us-ma-billerica|city|Town of Billerica Building Department,local,True
us-ma-boston__commercial__commercial_tenant_improvement__building,MA,Boston,commercial_tenant_improvement,building,"Inspectional Services Department (ISD), City of Boston","Inspectional Services Department (ISD), City of Boston",local,True
us-ma-brockton__commercial__commercial_tenant_improvement__building,MA,Brockton,commercial_tenant_improvement,building,Brockton,City of Brockton Building Department,local,True
us-ma-brookline__commercial__commercial_tenant_improvement__building,MA,Brookline,commercial_tenant_improvement,building,Town of Brookline Building Department,Town of Brookline Building Department,local,True
us-ma-cambridge__commercial__commercial_tenant_improvement__building,MA,Cambridge,commercial_tenant_improvement,building,City of Cambridge Inspectional Services Department,City of Cambridge Inspectional Services Department / OpenGov Online Permitting System,local,True
us-ma-chelmsford__commercial__commercial_tenant_improvement__building,MA,Chelmsford,commercial_tenant_improvement,building,Chelmsford official permit authority,Chelmsford official permit authority,local,True
us-ma-chelsea__commercial__commercial_tenant_improvement__building,MA,Chelsea,commercial_tenant_improvement,building,Chelsea,Chelsea,local,True
us-ma-chicopee__commercial__commercial_tenant_improvement__building,MA,Chicopee,commercial_tenant_improvement,building,City of Chicopee Building Department,City of Chicopee Building Department,local,True
us-ma-dracut__commercial__commercial_tenant_improvement__building,MA,Dracut,commercial_tenant_improvement,building,Dracut official building/permit authority,Dracut official building/permit authority,local,True
us-ma-everett__commercial__commercial_tenant_improvement__building,MA,Everett,commercial_tenant_improvement,building,Everett,Everett,local,True
us-ma-fall_river__commercial__commercial_tenant_improvement__building,MA,Fall River,commercial_tenant_improvement,building,City of Fall River Inspectional Services — Building Division,City of Fall River Inspectional Services — Building Division,local,True
us-ma-framingham__commercial__commercial_tenant_improvement__building,MA,Framingham,commercial_tenant_improvement,building,City of Framingham Inspectional Services — Building Department,City of Framingham Inspectional Services — Building Department,local,True
us-ma-haverhill__commercial__commercial_tenant_improvement__building,MA,Haverhill,commercial_tenant_improvement,building,City of Haverhill Inspectional Services Department,City of Haverhill Inspectional Services Department,local,True
us-ma-lawrence__commercial__commercial_tenant_improvement__building,MA,Lawrence,commercial_tenant_improvement,building,City of Lawrence Inspectional Services Department,City of Lawrence Inspectional Services Department,local,True
us-ma-lexington__commercial__commercial_tenant_improvement__building,MA,Lexington,commercial_tenant_improvement,building,Lexington official permit authority,Lexington official permit authority,local,True
us-ma-lowell__commercial__commercial_tenant_improvement__building,MA,Lowell,commercial_tenant_improvement,building,City of Lowell Division of Development Services,City of Lowell Division of Development Services,local,True
us-ma-lynn__commercial__commercial_tenant_improvement__building,MA,Lynn,commercial_tenant_improvement,building,City of Lynn Inspectional Services Department,City of Lynn Inspectional Services Department,local,True
us-ma-malden__commercial__commercial_tenant_improvement__building,MA,Malden,commercial_tenant_improvement,building,City of Malden Inspectional Services Department,City of Malden Inspectional Services Department,local,True
us-ma-marlborough__commercial__commercial_tenant_improvement__building,MA,Marlborough,commercial_tenant_improvement,building,Marlborough,Marlborough,local,True
us-ma-medford__commercial__commercial_tenant_improvement__building,MA,Medford,commercial_tenant_improvement,building,City of Medford Building Department,City of Medford Building Department,local,True
us-ma-melrose__commercial__commercial_tenant_improvement__building,MA,Melrose,commercial_tenant_improvement,building,MA|us-ma-melrose|city|City of Melrose Building Department,MA|us-ma-melrose|city|City of Melrose Building Department,local,True
us-ma-methuen__commercial__commercial_tenant_improvement__building,MA,Methuen,commercial_tenant_improvement,building,City of Methuen Building Department,City of Methuen Building Department,local,True
us-ma-nantucket__commercial__commercial_tenant_improvement__building,MA,Nantucket,commercial_tenant_improvement,building,Town/County of Nantucket Building Office,Town/County of Nantucket Building Office,local,True
us-ma-natick__commercial__commercial_tenant_improvement__building,MA,Natick,commercial_tenant_improvement,building,Town of Natick Building Department,Town of Natick Building Department,local,True
us-ma-needham__commercial__commercial_tenant_improvement__building,MA,Needham,commercial_tenant_improvement,building,Needham official building/permit authority,Needham official building/permit authority,local,True
us-ma-new_bedford__commercial__commercial_tenant_improvement__building,MA,New Bedford,commercial_tenant_improvement,building,City of New Bedford Inspectional Services Department,City of New Bedford Inspectional Services Department,local,True
us-ma-new_bedford__commercial__commercial_tenant_improvement__building,MA,New Bedford,commercial_tenant_improvement,electrical,City of New Bedford Inspectional Services Department,City of New Bedford Inspectional Services Department,local,True
us-ma-new_bedford__commercial__commercial_tenant_improvement__building,MA,New Bedford,commercial_tenant_improvement,plumbing,City of New Bedford Inspectional Services Department,City of New Bedford Inspectional Services Department,local,True
us-ma-newton__commercial__commercial_tenant_improvement__building,MA,Newton,commercial_tenant_improvement,building,City of Newton Inspectional Services Department (ISD),City of Newton Inspectional Services Department (ISD),local,True
us-ma-peabody__commercial__commercial_tenant_improvement__building,MA,Peabody,commercial_tenant_improvement,building,City of Peabody Building Inspectors,City of Peabody Building Inspectors,local,True
us-ma-pittsfield__commercial__commercial_tenant_improvement__building,MA,Pittsfield,commercial_tenant_improvement,building,City of Pittsfield Building Inspectors,City of Pittsfield Building Inspectors,local,True
us-ma-plymouth__commercial__commercial_tenant_improvement__building,MA,Plymouth,commercial_tenant_improvement,building,Town of Plymouth Inspectional Services,Town of Plymouth Inspectional Services,local,True
us-ma-plymouth__commercial__commercial_tenant_improvement__building,MA,Plymouth,commercial_tenant_improvement,electrical,Town of Plymouth Inspectional Services,Town of Plymouth Inspectional Services,local,True
us-ma-plymouth__commercial__commercial_tenant_improvement__building,MA,Plymouth,commercial_tenant_improvement,mechanical,Town of Plymouth Inspectional Services,Town of Plymouth Inspectional Services,local,True
us-ma-plymouth__commercial__commercial_tenant_improvement__building,MA,Plymouth,commercial_tenant_improvement,plumbing,Town of Plymouth Inspectional Services,Town of Plymouth Inspectional Services,local,True
us-ma-plymouth__commercial__commercial_tenant_improvement__building,MA,Plymouth,commercial_tenant_improvement,zoning,Town of Plymouth Inspectional Services,Town of Plymouth Inspectional Services,local,True
us-ma-quincy__commercial__commercial_tenant_improvement__building,MA,Quincy,commercial_tenant_improvement,building,City of Quincy Inspectional Services Building Department,City of Quincy Inspectional Services Building Department,local,True
us-ma-revere__commercial__commercial_tenant_improvement__building,MA,Revere,commercial_tenant_improvement,building,City of Revere Building Division,City of Revere Building Division,local,True
us-ma-shrewsbury__commercial__commercial_tenant_improvement__building,MA,Shrewsbury,commercial_tenant_improvement,building,Town of Shrewsbury Building Department,Town of Shrewsbury Building Department,local,True
us-ma-somerville__commercial__commercial_tenant_improvement__building,MA,Somerville,commercial_tenant_improvement,building,City of Somerville Inspectional Services Department (ISD) — Building Division,City of Somerville Inspectional Services Department (ISD) — Building Division,local,True
us-ma-springfield__commercial__commercial_tenant_improvement__building,MA,Springfield,commercial_tenant_improvement,building,"City of Springfield Building Division, Department of Code Enforcement / Inspectional Services","City of Springfield Building Division, Department of Code Enforcement / Inspectional Services",local,True
us-ma-taunton__commercial__commercial_tenant_improvement__building,MA,Taunton,commercial_tenant_improvement,building,City of Taunton Building Department,City of Taunton Building Department,local,True
us-ma-taunton__commercial__commercial_tenant_improvement__building,MA,Taunton,commercial_tenant_improvement,electrical,City of Taunton Building Department,City of Taunton Building Department,local,True
us-ma-taunton__commercial__commercial_tenant_improvement__building,MA,Taunton,commercial_tenant_improvement,plumbing,City of Taunton Building Department,City of Taunton Building Department,local,True
us-ma-taunton__commercial__commercial_tenant_improvement__building,MA,Taunton,commercial_tenant_improvement,zoning,City of Taunton Building Department,City of Taunton Building Department,local,True
us-ma-tewksbury__commercial__commercial_tenant_improvement__building,MA,Tewksbury,commercial_tenant_improvement,building,Tewksbury,Tewksbury,local,True
us-ma-wakefield__commercial__commercial_tenant_improvement__building,MA,Wakefield,commercial_tenant_improvement,building,Wakefield official building/permit authority,Wakefield official building/permit authority,local,True
us-ma-waltham__commercial__commercial_tenant_improvement__building,MA,Waltham,commercial_tenant_improvement,building,City of Waltham Building Department,City of Waltham Building Department,local,True
us-ma-watertown__commercial__commercial_tenant_improvement__building,MA,Watertown,commercial_tenant_improvement,building,Watertown permitting authority,Watertown permitting authority,local,True
us-ma-weymouth__commercial__commercial_tenant_improvement__building,MA,Weymouth,commercial_tenant_improvement,building,Town of Weymouth Dept of Municipal Licenses and Inspections,Town of Weymouth Dept of Municipal Licenses and Inspections,local,True
us-ma-woburn__commercial__commercial_tenant_improvement__building,MA,Woburn,commercial_tenant_improvement,building,Woburn,Woburn,local,True
us-ma-woburn__commercial__commercial_tenant_improvement__building,MA,Woburn,commercial_tenant_improvement,electrical,Woburn,Woburn,local,True
us-ma-woburn__commercial__commercial_tenant_improvement__building,MA,Woburn,commercial_tenant_improvement,plumbing,Woburn,Woburn,local,True
us-ma-worcester__commercial__commercial_tenant_improvement__building,MA,Worcester,commercial_tenant_improvement,building,"Building & Zoning Division, Inspectional Services, City of Worcester","Building & Zoning Division, Inspectional Services, City of Worcester",local,True
us-md-allegany_county__residential__land_use_building_construction_project__land_use_building,MD,Allegany County,residential_remodel,building,Permit office,Permit office,local,True
us-md-anne_arundel_county__commercial__commercial_tenant_improvement__building,MD,Anne Arundel County,commercial_tenant_improvement,building,Anne Arundel County Department of Inspections and Permits,Anne Arundel County Department of Inspections and Permits,county,True
us-md-anne_arundel_county__commercial__commercial_tenant_improvement__building,MD,Anne Arundel County,commercial_tenant_improvement,electrical,Anne Arundel County Department of Inspections and Permits,Anne Arundel County Department of Inspections and Permits,county,True
us-md-anne_arundel_county__commercial__commercial_tenant_improvement__building,MD,Anne Arundel County,commercial_tenant_improvement,fire,Anne Arundel County Department of Inspections and Permits,Anne Arundel County Department of Inspections and Permits,county,True
us-md-anne_arundel_county__commercial__commercial_tenant_improvement__building,MD,Anne Arundel County,commercial_tenant_improvement,mechanical,Anne Arundel County Department of Inspections and Permits,Anne Arundel County Department of Inspections and Permits,county,True
us-md-anne_arundel_county__commercial__commercial_tenant_improvement__building,MD,Anne Arundel County,commercial_tenant_improvement,occupancy,Anne Arundel County Department of Inspections and Permits,Anne Arundel County Department of Inspections and Permits,county,True
us-md-anne_arundel_county__commercial__commercial_tenant_improvement__building,MD,Anne Arundel County,commercial_tenant_improvement,plumbing,Anne Arundel County Department of Inspections and Permits,Anne Arundel County Department of Inspections and Permits,county,True
us-md-anne_arundel_county__commercial__commercial_tenant_improvement__building,MD,Anne Arundel County,commercial_tenant_improvement,zoning,Anne Arundel County Department of Inspections and Permits,Anne Arundel County Department of Inspections and Permits,county,True
us-md-baltimore_city__commercial__commercial_tenant_improvement__building,MD,Baltimore City,commercial_tenant_improvement,building,Baltimore City Department of Housing and Community Development (DHCD),Baltimore City DHCD,local,True
us-md-baltimore_county__commercial__commercial_tenant_improvement__building,MD,Baltimore County,commercial_tenant_improvement,building,"Baltimore County Department of Permits, Approvals and Inspections (PAI)","Baltimore County Department of Permits, Approvals and Inspections (PAI)",county,True
us-md-bel_air__commercial__commercial_tenant_improvement__building,MD,Bel Air,commercial_tenant_improvement,building,Town of Bel Air Department of Public Works - Building Permits,Town of Bel Air Department of Public Works - Building Permits,local,True
us-md-cambridge__commercial__commercial_tenant_improvement__building,MD,Cambridge,commercial_tenant_improvement,building,City of Cambridge Department of Public Works - Permits,City of Cambridge Building Safety Services / City of Cambridge online permitting,local,True
us-md-carroll_county__commercial__commercial_tenant_improvement__building,MD,Carroll County,commercial_tenant_improvement,building,Carroll County Bureau of Permits and Inspections,Carroll County Bureau of Permits and Inspections,county,True
us-md-cecil_county__commercial__commercial_tenant_improvement__building,MD,Cecil County,commercial_tenant_improvement,building,Cecil County Permits and Inspections Division,Cecil County Permits and Inspections Division,county,True
us-md-charles_county__commercial__commercial_tenant_improvement__building,MD,Charles County,commercial_tenant_improvement,building,"Charles County Planning and Growth Management Department (Codes, Permits and Inspection Services Division)",Charles County Planning and Growth Management Department,county,True
us-md-chevy_chase_village__commercial__commercial_tenant_improvement__building,MD,Chevy Chase Village,commercial_tenant_improvement,building,Chevy Chase Village Building Permits,Chevy Chase Village Building Permits,local,True
us-md-college_park__commercial__commercial_tenant_improvement__building,MD,College Park,commercial_tenant_improvement,building,City of College Park Code Enforcement Division - Building Permits,City of College Park Code Enforcement Division - Building Permits,mixed,True
us-md-crisfield__commercial__commercial_tenant_improvement__building,MD,Crisfield,commercial_tenant_improvement,building,City of Crisfield - Building Permits,City of Crisfield - Building Permits,local,True
us-md-easton__commercial__commercial_tenant_improvement__building,MD,Easton,commercial_tenant_improvement,building,Town of Easton Building Inspection Division,Town of Easton Building Inspection Division,local,True
us-md-frederick_city__commercial__commercial_tenant_improvement__building,MD,Frederick City,commercial_tenant_improvement,building,City of Frederick Building and Permits Division,City of Frederick Building and Permits Division,local,True
us-md-frederick_county__commercial__commercial_tenant_improvement__building,MD,Frederick County,commercial_tenant_improvement,building,Frederick County Department of Permits and Inspections,Frederick County Department of Permits and Inspections,county,True
us-md-harford_county__commercial__commercial_tenant_improvement__building,MD,Harford County,commercial_tenant_improvement,building,Harford County Building Services / Permit Center,"Harford County Department of Inspections, Licenses and Permits (DILP)",county,True
us-md-havre_de_grace__commercial__commercial_tenant_improvement__building,MD,Havre de Grace,commercial_tenant_improvement,building,City of Havre de Grace Department of Planning for building/use/occupancy; Harford County DILP for plumbing/electric/HVAC,City of Havre de Grace Department of Planning / MGO Connect; Harford County DILP for trade permits,municipal_building_with_county_trade_delegation,True
us-md-havre_de_grace__commercial__commercial_tenant_improvement__building,MD,Havre de Grace,commercial_tenant_improvement,occupancy,City of Havre de Grace Department of Planning for building/use/occupancy; Harford County DILP for plumbing/electric/HVAC,City of Havre de Grace Department of Planning / MGO Connect; Harford County DILP for trade permits,municipal_building_with_county_trade_delegation,True
us-md-havre_de_grace__commercial__commercial_tenant_improvement__building,MD,Havre de Grace,commercial_tenant_improvement,zoning,City of Havre de Grace Department of Planning for building/use/occupancy; Harford County DILP for plumbing/electric/HVAC,City of Havre de Grace Department of Planning / MGO Connect; Harford County DILP for trade permits,municipal_building_with_county_trade_delegation,True
us-md-howard_county__commercial__commercial_tenant_improvement__building,MD,Howard County,commercial_tenant_improvement,building,"Howard County Department of Inspections, Licenses & Permits (DILP)","Howard County Department of Inspections, Licenses & Permits (DILP)",county,True
us-md-hyattsville__commercial__commercial_tenant_improvement__building,MD,Hyattsville,commercial_tenant_improvement,building,Prince George's County DPIE,Prince George's County DPIE,delegated,True
us-md-hyattsville__commercial__commercial_tenant_improvement__building,MD,Hyattsville,commercial_tenant_improvement,electrical,Prince George's County DPIE,Prince George's County DPIE,delegated,True
us-md-hyattsville__commercial__commercial_tenant_improvement__building,MD,Hyattsville,commercial_tenant_improvement,fire,Prince George's County DPIE,Prince George's County DPIE,delegated,True
us-md-hyattsville__commercial__commercial_tenant_improvement__building,MD,Hyattsville,commercial_tenant_improvement,mechanical,Prince George's County DPIE,Prince George's County DPIE,delegated,True
us-md-hyattsville__commercial__commercial_tenant_improvement__building,MD,Hyattsville,commercial_tenant_improvement,occupancy,Prince George's County DPIE,Prince George's County DPIE,delegated,True
us-md-hyattsville__commercial__commercial_tenant_improvement__building,MD,Hyattsville,commercial_tenant_improvement,plumbing,Prince George's County DPIE,Prince George's County DPIE,delegated,True
us-md-hyattsville__commercial__commercial_tenant_improvement__building,MD,Hyattsville,commercial_tenant_improvement,zoning,Prince George's County DPIE,Prince George's County DPIE,delegated,True
us-md-kensington__commercial__commercial_tenant_improvement__building,MD,Kensington,commercial_tenant_improvement,building,Town of Kensington,Town of Kensington,local,True
us-md-la_plata__commercial__commercial_tenant_improvement__building,MD,La Plata,commercial_tenant_improvement,building,Town of La Plata Planning Department - Building Permits,Town of La Plata Planning Department - Building Permits,local,True
us-md-montgomery_county__commercial__commercial_tenant_improvement__building,MD,Montgomery County,commercial_tenant_improvement,building,Montgomery County Department of Permitting Services (DPS),Montgomery County Department of Permitting Services (DPS),county,True
us-md-ocean_city__commercial__commercial_tenant_improvement__building,MD,Ocean City,commercial_tenant_improvement,building,Town of Ocean City Planning and Community Development - Building Division,Town of Ocean City Planning and Community Development - Building Division,local,True
us-md-pocomoke_city__commercial__commercial_tenant_improvement__building,MD,Pocomoke City,commercial_tenant_improvement,building,City of Pocomoke - Housing and Building Permits,City of Pocomoke - Housing and Building Permits,local,True
us-md-poolesville__commercial__commercial_tenant_improvement__building,MD,Poolesville,commercial_tenant_improvement,building,Town of Poolesville Permits and Applications,Town of Poolesville Permits and Applications,local,True
us-md-prince_georges_county__commercial__commercial_tenant_improvement__building,MD,Prince George's County,commercial_tenant_improvement,building,"Prince George's County Department of Permitting, Inspections and Enforcement (DPIE)",Prince George's County DPIE via Momentum/ePlan,county,True
us-md-prince_georges_county__commercial__commercial_tenant_improvement__building,MD,Prince George's County,commercial_tenant_improvement,occupancy,"Prince George's County Department of Permitting, Inspections and Enforcement (DPIE)",Prince George's County DPIE via Momentum/ePlan,county,True
us-md-rockville__commercial__commercial_tenant_improvement__building,MD,Rockville,commercial_tenant_improvement,building,City of Rockville Inspection Services Division,City of Rockville Inspection Services Division,local,True
us-md-salisbury__commercial__commercial_tenant_improvement__building,MD,Salisbury,commercial_tenant_improvement,building,City of Salisbury Building Permits and Inspections,City of Salisbury Building Permits and Inspections,local,True
us-md-somerset_county__commercial__commercial_tenant_improvement__building,MD,Somerset County,commercial_tenant_improvement,building,Somerset County Department of Technical and Community Services,Somerset County Department of Technical and Community Services,county_with_state_fire_marshal_fire_suppression_delegated_component,True
us-md-talbot_county__commercial__commercial_tenant_improvement__building,MD,Talbot County,commercial_tenant_improvement,building,Talbot County Office of Permits and Inspections,Talbot County Office of Permits and Inspections,county,True
us-md-washington_county__commercial__commercial_tenant_improvement__building,MD,Washington County,commercial_tenant_improvement,building,Washington County Division of Plan Review and Permitting,Washington County Division of Plan Review and Permitting,county,True
us-md-wicomico_county__commercial__commercial_tenant_improvement__building,MD,Wicomico County,commercial_tenant_improvement,building,Wicomico County Department of Planning Zoning & Community Development Building Division,Wicomico County Department of Planning Zoning & Community Development Building Division,county,True
us-me-auburn__commercial__commercial_tenant_improvement__building,ME,Auburn,commercial_tenant_improvement,building,"City of Auburn Planning, Permitting and Code Department","City of Auburn Planning, Permitting and Code Department",local,True
us-me-bangor__commercial__commercial_tenant_improvement__building,ME,Bangor,commercial_tenant_improvement,building,City of Bangor Code Enforcement Office,City of Bangor Code Enforcement Office,local,True
us-me-bath__commercial__commercial_tenant_improvement__building,ME,Bath,commercial_tenant_improvement,building,Bath official building/permit authority,Bath official building/permit authority,local,True
us-me-belfast__commercial__commercial_tenant_improvement__building,ME,Belfast,commercial_tenant_improvement,building,City of Belfast Planning and Codes Department,City of Belfast Planning and Codes Department,local,True
us-me-berwick__commercial__commercial_tenant_improvement__building,ME,Berwick,commercial_tenant_improvement,building,Berwick official building/permit authority,Berwick official building/permit authority,local,True
us-me-biddeford__commercial__commercial_tenant_improvement__building,ME,Biddeford,commercial_tenant_improvement,building,City of Biddeford Code Enforcement Office,City of Biddeford Code Enforcement Office,local,True
us-me-brewer__commercial__commercial_tenant_improvement__building,ME,Brewer,commercial_tenant_improvement,building,City of Brewer Code Enforcement Office,City of Brewer Code Enforcement Office,local,True
us-me-brunswick__commercial__commercial_tenant_improvement__building,ME,Brunswick,commercial_tenant_improvement,building,Town of Brunswick Planning and Development Department,Town of Brunswick Planning and Development Department,local,True
us-me-buxton__commercial__commercial_tenant_improvement__building,ME,Buxton,commercial_tenant_improvement,building,ME|us-me-buxton|city|Town of Buxton Code Enforcement Office,ME|us-me-buxton|city|Town of Buxton Code Enforcement Office,local,True
us-me-cape_elizabeth__commercial__commercial_tenant_improvement__building,ME,Cape Elizabeth,commercial_tenant_improvement,building,Town of Cape Elizabeth Code Enforcement Office,Town of Cape Elizabeth Code Enforcement Office,local,True
us-me-caribou__commercial__commercial_tenant_improvement__building,ME,Caribou,commercial_tenant_improvement,building,Caribou,Caribou,local,True
us-me-cumberland__commercial__commercial_tenant_improvement__building,ME,Cumberland,commercial_tenant_improvement,building,ME|us-me-cumberland|city|Town of Cumberland Code Enforcement Office,ME|us-me-cumberland|city|Town of Cumberland Code Enforcement Office,local,True
us-me-ellsworth__commercial__commercial_tenant_improvement__building,ME,Ellsworth,commercial_tenant_improvement,building,City of Ellsworth Code Enforcement Office,City of Ellsworth Code Enforcement Office,local,True
us-me-falmouth__commercial__commercial_tenant_improvement__building,ME,Falmouth,commercial_tenant_improvement,building,Town of Falmouth Code Enforcement Division,Town of Falmouth Code Enforcement Division,local,True
us-me-freeport__commercial__commercial_tenant_improvement__building,ME,Freeport,commercial_tenant_improvement,building,ME|us-me-freeport|city|Town of Freeport Code Enforcement Office,ME|us-me-freeport|city|Town of Freeport Code Enforcement Office,local,True
us-me-greenville__commercial__commercial_tenant_improvement__building,ME,Greenville,commercial_tenant_improvement,building,Town of Greenville Code Enforcement Office,Town of Greenville Code Enforcement Office,local,True
us-me-hampden__commercial__commercial_tenant_improvement__building,ME,Hampden,commercial_tenant_improvement,building,Town of Hampden Code Enforcement Office / Building Official,Town of Hampden Code Enforcement Office,local,True
us-me-hampden__commercial__commercial_tenant_improvement__building,ME,Hampden,commercial_tenant_improvement,electrical,Town of Hampden Code Enforcement Office / Building Official,Town of Hampden Code Enforcement Office,local,True
us-me-hampden__commercial__commercial_tenant_improvement__building,ME,Hampden,commercial_tenant_improvement,occupancy,Town of Hampden Code Enforcement Office / Building Official,Town of Hampden Code Enforcement Office,local,True
us-me-harpswell__commercial__commercial_tenant_improvement__building,ME,Harpswell,commercial_tenant_improvement,building,Town of Harpswell Code Enforcement Office,Town of Harpswell Code Enforcement Office,local,True
us-me-harpswell__commercial__commercial_tenant_improvement__building,ME,Harpswell,commercial_tenant_improvement,zoning,Town of Harpswell Code Enforcement Office,Town of Harpswell Code Enforcement Office,local,True
us-me-hermon__commercial__commercial_tenant_improvement__building,ME,Hermon,commercial_tenant_improvement,building,Town of Hermon Code Enforcement Office,Town of Hermon Code Enforcement Office,local,True
us-me-kennebunk__commercial__commercial_tenant_improvement__building,ME,Kennebunk,commercial_tenant_improvement,building,Town of Kennebunk Code Enforcement Office,Town of Kennebunk Code Enforcement Office,local,True
us-me-kittery__commercial__commercial_tenant_improvement__building,ME,Kittery,commercial_tenant_improvement,building,Town of Kittery Planning and Development Department,Town of Kittery Planning and Development Department,local,True
us-me-lewiston__commercial__commercial_tenant_improvement__building,ME,Lewiston,commercial_tenant_improvement,building,City of Lewiston Planning and Code Enforcement Department,City of Lewiston Planning and Code Enforcement Department,local,True
us-me-limington__commercial__commercial_tenant_improvement__building,ME,Limington,commercial_tenant_improvement,building,Town of Limington Code Enforcement Office,Town of Limington Code Enforcement Office,local,True
us-me-limington__commercial__commercial_tenant_improvement__building,ME,Limington,commercial_tenant_improvement,electrical,Town of Limington Code Enforcement Office,Town of Limington Code Enforcement Office,local,True
us-me-limington__commercial__commercial_tenant_improvement__building,ME,Limington,commercial_tenant_improvement,plumbing,Town of Limington Code Enforcement Office,Town of Limington Code Enforcement Office,local,True
us-me-old_orchard_beach__commercial__commercial_tenant_improvement__building,ME,Old Orchard Beach,commercial_tenant_improvement,building,Old Orchard Beach official building/permit authority,Old Orchard Beach official building/permit authority,local,True
us-me-old_town__commercial__commercial_tenant_improvement__building,ME,Old Town,commercial_tenant_improvement,building,Old Town,Old Town,local,True
us-me-orono__commercial__commercial_tenant_improvement__building,ME,Orono,commercial_tenant_improvement,building,Town of Orono Code Enforcement Office,Town of Orono Code Enforcement Office,local,True
us-me-portland__commercial__commercial_tenant_improvement__building,ME,Portland,commercial_tenant_improvement,building,City of Portland Building Division,City of Portland Building Division,local,True
us-me-raymond__commercial__commercial_tenant_improvement__building,ME,Raymond,commercial_tenant_improvement,building,Raymond,Raymond,local,True
us-me-rockland__commercial__commercial_tenant_improvement__building,ME,Rockland,commercial_tenant_improvement,building,City of Rockland Code Enforcement Office,City of Rockland Code Enforcement Office,local,True
us-me-rockport__commercial__commercial_tenant_improvement__building,ME,Rockport,commercial_tenant_improvement,building,Town of Rockport Code Enforcement Office,Town of Rockport Code Enforcement Office,local,True
us-me-saco__commercial__commercial_tenant_improvement__building,ME,Saco,commercial_tenant_improvement,building,City of Saco Code Enforcement Office,City of Saco Code Enforcement Office,local,True
us-me-sanford__commercial__commercial_tenant_improvement__building,ME,Sanford,commercial_tenant_improvement,building,City of Sanford Building Official / Code Enforcement Department,City of Sanford Code Enforcement Department,local,True
us-me-scarborough__commercial__commercial_tenant_improvement__building,ME,Scarborough,commercial_tenant_improvement,building,Town of Scarborough Planning and Codes Department (Code Enforcement / building official),Town of Scarborough Planning and Codes Department,local,True
us-me-skowhegan__commercial__commercial_tenant_improvement__building,ME,Skowhegan,commercial_tenant_improvement,building,Skowhegan official building/permit authority,Skowhegan official building/permit authority,local,True
us-me-south_berwick__commercial__commercial_tenant_improvement__building,ME,South Berwick,commercial_tenant_improvement,building,ME|us-me-south_berwick|city|Town of South Berwick Code Enforcement Office,ME|us-me-south_berwick|city|Town of South Berwick Code Enforcement Office,local,True
us-me-standish__commercial__commercial_tenant_improvement__building,ME,Standish,commercial_tenant_improvement,building,Town of Standish Code Enforcement Office,Town of Standish Code Enforcement Office,local,True
us-me-topsham__commercial__commercial_tenant_improvement__building,ME,Topsham,commercial_tenant_improvement,building,Town of Topsham Code Enforcement Office,Town of Topsham Code Enforcement Office,local,True
us-me-topsham__commercial__commercial_tenant_improvement__building,ME,Topsham,commercial_tenant_improvement,electrical,Town of Topsham Code Enforcement Office,Town of Topsham Code Enforcement Office,local,True
us-me-topsham__commercial__commercial_tenant_improvement__building,ME,Topsham,commercial_tenant_improvement,mechanical,Town of Topsham Code Enforcement Office,Town of Topsham Code Enforcement Office,local,True
us-me-topsham__commercial__commercial_tenant_improvement__building,ME,Topsham,commercial_tenant_improvement,plumbing,Town of Topsham Code Enforcement Office,Town of Topsham Code Enforcement Office,local,True
us-me-waterville__commercial__commercial_tenant_improvement__building,ME,Waterville,commercial_tenant_improvement,building,City of Waterville Code Enforcement Office,City of Waterville Code Enforcement Office,local,True
us-me-wells__commercial__commercial_tenant_improvement__building,ME,Wells,commercial_tenant_improvement,building,Town of Wells Code Enforcement Department,Town of Wells Code Enforcement Department,local,True
us-me-westbrook__commercial__commercial_tenant_improvement__building,ME,Westbrook,commercial_tenant_improvement,building,Westbrook,Westbrook,local,True
us-me-yarmouth__commercial__commercial_tenant_improvement__building,ME,Yarmouth,commercial_tenant_improvement,building,Yarmouth official building/permit authority,Yarmouth official building/permit authority,local,True
us-me-york__commercial__commercial_tenant_improvement__building,ME,York,commercial_tenant_improvement,building,Town of York Code Enforcement Department,Town of York Code Enforcement Department,local,True
us-mi-battle_creek__commercial__commercial_tenant_improvement__building,MI,Battle Creek,commercial_tenant_improvement,building,City of Battle Creek Building Department,City of Battle Creek Building Department,local,True
us-mi-bay_city__commercial__commercial_tenant_improvement__building,MI,Bay City,commercial_tenant_improvement,building,Bay City official building/permit authority,Bay City official building/permit authority,local,True
us-mi-canton_charter_township__commercial__commercial_tenant_improvement__building,MI,Canton Charter Township,commercial_tenant_improvement,building,Charter Township of Canton Building and Inspection Services,Charter Township of Canton Building and Inspection Services,local,True
us-mi-sterling_heights__residential__reroof__building,MI,"City of Sterling Heights, Office of Building",reroof,building,"City of Sterling Heights, Office of Building","City of Sterling Heights, Office of Building",local,True
us-mi-clinton_charter_township__commercial__commercial_tenant_improvement__building,MI,Clinton Charter Township,commercial_tenant_improvement,building,Charter Township of Clinton Building Department,Charter Township of Clinton Building Department,local,True
us-mi-clinton_county__commercial__commercial_tenant_improvement__building,MI,Clinton County,commercial_tenant_improvement,building,Clinton County,Clinton County,local,True
us-mi-dearborn_heights__commercial__commercial_tenant_improvement__building,MI,Dearborn Heights,commercial_tenant_improvement,building,City of Dearborn Heights Building Department,City of Dearborn Heights Building Department,local,True
us-mi-detroit__commercial__commercial_tenant_improvement__building,MI,Detroit,commercial_tenant_improvement,building,"City of Detroit — Buildings, Safety Engineering, and Environmental Department (BSEED)",BSEED Development Resource Center / eLAPS online system,local,True
us-mi-east_lansing__commercial__commercial_tenant_improvement__building,MI,East Lansing,commercial_tenant_improvement,building,City of East Lansing Building Division,City of East Lansing Building Division,local,True
us-mi-east_lansing__commercial__commercial_tenant_improvement__building,MI,East Lansing,commercial_tenant_improvement,occupancy,City of East Lansing Building Division,City of East Lansing Building Division,local,True
us-mi-farmington_hills__commercial__commercial_tenant_improvement__building,MI,Farmington Hills,commercial_tenant_improvement,building,City of Farmington Hills Building Division,City of Farmington Hills Building Division,local,True
us-mi-flint__commercial__commercial_tenant_improvement__building,MI,Flint,commercial_tenant_improvement,building,City of Flint Building & Safety Inspections,City of Flint Building & Safety Inspections,local,True
us-mi-flint_charter_township__commercial__commercial_tenant_improvement__building,MI,Flint Charter Township,commercial_tenant_improvement,building,Flint Charter Township,Flint Charter Township,local,True
us-mi-grand_rapids__commercial__commercial_tenant_improvement__building,MI,Grand Rapids,commercial_tenant_improvement,building,City of Grand Rapids Development Center,City of Grand Rapids Development Center,local,True
us-mi-grand_traverse_county__commercial__commercial_tenant_improvement__building,MI,Grand Traverse County,commercial_tenant_improvement,building,Grand Traverse County Building Department,Grand Traverse County Building Department,county,True
us-mi-jackson__commercial__commercial_tenant_improvement__building,MI,Jackson,commercial_tenant_improvement,building,Jackson official building/permit authority,Jackson official building/permit authority,local,True
us-mi-kalamazoo__commercial__commercial_tenant_improvement__building,MI,Kalamazoo,commercial_tenant_improvement,building,City of Kalamazoo Building and Construction Permits,City of Kalamazoo Building and Construction Permits,local,True
us-mi-kalamazoo_county__commercial__commercial_tenant_improvement__building,MI,Kalamazoo County,commercial_tenant_improvement,building,Kalamazoo Area Building Authority,Kalamazoo Area Building Authority,local,True
us-mi-kentwood__commercial__commercial_tenant_improvement__building,MI,Kentwood,commercial_tenant_improvement,building,City of Kentwood Building Department,City of Kentwood Building Department,local,True
us-mi-kentwood__commercial__commercial_tenant_improvement__building,MI,Kentwood,commercial_tenant_improvement,zoning,City of Kentwood Building Department,City of Kentwood Building Department,local,True
us-mi-lansing__commercial__commercial_tenant_improvement__building,MI,Lansing,commercial_tenant_improvement,building,Lansing,City of Lansing Building Safety Office,local,True
us-mi-livonia__commercial__commercial_tenant_improvement__building,MI,Livonia,commercial_tenant_improvement,building,City of Livonia Inspection and Building Enforcement,City of Livonia Inspection and Building Enforcement,local,True
us-mi-midland__commercial__commercial_tenant_improvement__building,MI,Midland,commercial_tenant_improvement,building,Midland official building/permit authority,Midland official building/permit authority,local,True
us-mi-montcalm_county__commercial__commercial_tenant_improvement__building,MI,Montcalm County,commercial_tenant_improvement,building,Montcalm County official building/permit authority,Montcalm County official building/permit authority,local,True
us-mi-mount_pleasant__commercial__commercial_tenant_improvement__building,MI,Mount Pleasant,commercial_tenant_improvement,building,City of Mt. Pleasant Building Safety Department,City of Mt. Pleasant Building Safety Department,local,True
us-mi-muskegon__commercial__commercial_tenant_improvement__building,MI,Muskegon,commercial_tenant_improvement,building,City of Muskegon Building and Inspection Services / SAFEbuilt,City of Muskegon Building and Inspection Services / SAFEbuilt,city,True
us-mi-muskegon__commercial__commercial_tenant_improvement__building,MI,Muskegon,commercial_tenant_improvement,electrical,City of Muskegon Building and Inspection Services / SAFEbuilt,City of Muskegon Building and Inspection Services / SAFEbuilt,city,True
us-mi-muskegon__commercial__commercial_tenant_improvement__building,MI,Muskegon,commercial_tenant_improvement,mechanical,City of Muskegon Building and Inspection Services / SAFEbuilt,City of Muskegon Building and Inspection Services / SAFEbuilt,city,True
us-mi-muskegon__commercial__commercial_tenant_improvement__building,MI,Muskegon,commercial_tenant_improvement,plumbing,City of Muskegon Building and Inspection Services / SAFEbuilt,City of Muskegon Building and Inspection Services / SAFEbuilt,city,True
us-mi-pontiac__commercial__commercial_tenant_improvement__building,MI,Pontiac,commercial_tenant_improvement,building,City of Pontiac Building Safety Division,City of Pontiac Building Safety Division,local,True
us-mi-portage__commercial__commercial_tenant_improvement__building,MI,Portage,commercial_tenant_improvement,building,City of Portage Building Department,City of Portage Building Department,local,True
us-mi-portage__commercial__commercial_tenant_improvement__building,MI,Portage,commercial_tenant_improvement,electrical,City of Portage Building Department,City of Portage Building Department,local,True
us-mi-portage__commercial__commercial_tenant_improvement__building,MI,Portage,commercial_tenant_improvement,mechanical,City of Portage Building Department,City of Portage Building Department,local,True
us-mi-portage__commercial__commercial_tenant_improvement__building,MI,Portage,commercial_tenant_improvement,plumbing,City of Portage Building Department,City of Portage Building Department,local,True
us-mi-portage__commercial__commercial_tenant_improvement__building,MI,Portage,commercial_tenant_improvement,zoning,City of Portage Building Department,City of Portage Building Department,local,True
us-mi-rochester_hills__commercial__commercial_tenant_improvement__building,MI,Rochester Hills,commercial_tenant_improvement,building,City of Rochester Hills Building Department,City of Rochester Hills Building Department,local,True
us-mi-saginaw__commercial__commercial_tenant_improvement__building,MI,Saginaw,commercial_tenant_improvement,building,Saginaw official building/permit authority,Saginaw official building/permit authority,local,True
us-mi-saginaw_township__commercial__commercial_tenant_improvement__building,MI,Saginaw Township,commercial_tenant_improvement,building,MI|us-mi-saginaw_township|city|Saginaw Charter Township Community Development Building Department,MI|us-mi-saginaw_township|city|Saginaw Charter Township Community Development Building Department,local,True
us-mi-southfield__commercial__commercial_tenant_improvement__building,MI,Southfield,commercial_tenant_improvement,building,City of Southfield Building Department,City of Southfield Building Department,local,True
us-mi-st_clair_shores__commercial__commercial_tenant_improvement__building,MI,St Clair Shores,commercial_tenant_improvement,building,MI|us-mi-st_clair_shores|city|City of St. Clair Shores Community Development & Inspections,MI|us-mi-st_clair_shores|city|City of St. Clair Shores Community Development & Inspections,local,True
us-mi-st_clair_shores__commercial__commercial_tenant_improvement__building,MI,St Clair Shores,commercial_tenant_improvement,occupancy,MI|us-mi-st_clair_shores|city|City of St. Clair Shores Community Development & Inspections,MI|us-mi-st_clair_shores|city|City of St. Clair Shores Community Development & Inspections,local,True
us-mi-taylor__commercial__commercial_tenant_improvement__building,MI,Taylor,commercial_tenant_improvement,building,City of Taylor Building Department,City of Taylor Building Department,local,True
us-mi-troy__commercial__commercial_tenant_improvement__building,MI,Troy,commercial_tenant_improvement,building,City of Troy Building Department,City of Troy Building Department,local,True
us-mi-troy__commercial__commercial_tenant_improvement__building,MI,Troy,commercial_tenant_improvement,occupancy,City of Troy Building Department,City of Troy Building Department,local,True
us-mi-warren__commercial__commercial_tenant_improvement__building,MI,Warren,commercial_tenant_improvement,building,City of Warren Building Division,City of Warren Building Division,local,True
us-mi-warren__commercial__commercial_tenant_improvement__building,MI,Warren,commercial_tenant_improvement,occupancy,City of Warren Building Division,City of Warren Building Division,local,True
us-mi-waterford_charter_township__commercial__commercial_tenant_improvement__building,MI,Waterford Charter Township,commercial_tenant_improvement,building,Charter Township of Waterford Development Services,Charter Township of Waterford Development Services,local,True
us-mi-west_bloomfield_township__commercial__commercial_tenant_improvement__building,MI,West Bloomfield Township,commercial_tenant_improvement,building,Charter Township of West Bloomfield Building and Zoning,Charter Township of West Bloomfield Building and Zoning,local,True
us-mi-west_bloomfield_township__commercial__commercial_tenant_improvement__building,MI,West Bloomfield Township,commercial_tenant_improvement,zoning,Charter Township of West Bloomfield Building and Zoning,Charter Township of West Bloomfield Building and Zoning,local,True
us-mi-westland__commercial__commercial_tenant_improvement__building,MI,Westland,commercial_tenant_improvement,building,City of Westland Planning & Building Department / Building Division,City of Westland Planning & Building Department / Building Division,local,True
us-mi-wyoming__commercial__commercial_tenant_improvement__building,MI,Wyoming,commercial_tenant_improvement,building,City of Wyoming Planning and Development Services,City of Wyoming Planning and Development Services,local,True
us-mn-anoka__commercial__commercial_tenant_improvement__building,MN,Anoka,commercial_tenant_improvement,building,Anoka,Anoka,local,True
us-mn-apple_valley__commercial__commercial_tenant_improvement__building,MN,Apple Valley,commercial_tenant_improvement,building,City of Apple Valley,City of Apple Valley,local,True
us-mn-beltrami__commercial__commercial_tenant_improvement__building,MN,Beltrami,commercial_tenant_improvement,building,Beltrami,Beltrami,local,True
us-mn-blaine__commercial__commercial_tenant_improvement__building,MN,Blaine,commercial_tenant_improvement,building,City of Blaine,City of Blaine,local,True
us-mn-bloomington__commercial__commercial_tenant_improvement__building,MN,Bloomington,commercial_tenant_improvement,building,Bloomington Building and Inspections,Bloomington Building and Inspections,mixed,True
us-mn-blue_earth__commercial__commercial_tenant_improvement__building,MN,Blue Earth,commercial_tenant_improvement,building,Blue Earth County Building Permits,Blue Earth County Building Permits,county_administered,True
us-mn-brooklyn_park__commercial__commercial_tenant_improvement__building,MN,Brooklyn Park,commercial_tenant_improvement,building,Brooklyn Park,Brooklyn Park Building Permits and Inspections,local,True
us-mn-burnsville__commercial__commercial_tenant_improvement__building,MN,Burnsville,commercial_tenant_improvement,building,Burnsville Inspection Division / Building Inspections,Burnsville Inspection Division / Building Inspections,mixed,True
us-mn-carver__commercial__commercial_tenant_improvement__building,MN,Carver,commercial_tenant_improvement,building,Carver,Carver,local,True
us-mn-chaska__commercial__commercial_tenant_improvement__building,MN,Chaska,commercial_tenant_improvement,building,City of Chaska Building Inspections / Chaska Fire Department / Minnesota State Board of Electricity as delegated,City of Chaska Building Inspections,local,True
us-mn-chisago__commercial__commercial_tenant_improvement__building,MN,Chisago,commercial_tenant_improvement,building,Chisago County Building Permits,Chisago County Building Permits,county_administered,True
us-mn-chisago__commercial__commercial_tenant_improvement__building,MN,Chisago,commercial_tenant_improvement,occupancy,Chisago County Building Permits,Chisago County Building Permits,county_administered,True
us-mn-clay__commercial__commercial_tenant_improvement__building,MN,Clay,commercial_tenant_improvement,building,Clay,Clay,local,True
us-mn-coon_rapids__commercial__commercial_tenant_improvement__building,MN,Coon Rapids,commercial_tenant_improvement,building,Coon Rapids Building Inspections,Coon Rapids Building Inspections,mixed,True
us-mn-cottage_grove__commercial__commercial_tenant_improvement__building,MN,Cottage Grove,commercial_tenant_improvement,building,City of Cottage Grove,City of Cottage Grove,local,True
us-mn-crow_wing__commercial__commercial_tenant_improvement__building,MN,Crow Wing,commercial_tenant_improvement,building,Crow Wing,Crow Wing,local,True
us-mn-dakota__commercial__commercial_tenant_improvement__building,MN,Dakota,commercial_tenant_improvement,building,Dakota,Dakota,local,True
us-mn-douglas__commercial__commercial_tenant_improvement__building,MN,Douglas,commercial_tenant_improvement,building,Douglas,Douglas,local,True
us-mn-duluth__commercial__commercial_tenant_improvement__building,MN,Duluth,commercial_tenant_improvement,building,Duluth Construction Services & Inspections (CSI),Duluth Construction Services & Inspections (CSI),mixed,True
us-mn-eagan__commercial__commercial_tenant_improvement__building,MN,Eagan,commercial_tenant_improvement,building,Eagan Building Inspections Division,Eagan Building Inspections Division,mixed,True
us-mn-eden_prairie__commercial__commercial_tenant_improvement__building,MN,Eden Prairie,commercial_tenant_improvement,building,Eden Prairie Building Inspections Division,Eden Prairie Building Inspections Division,mixed,True
us-mn-edina__commercial__commercial_tenant_improvement__building,MN,Edina,commercial_tenant_improvement,building,City of Edina,City of Edina,local,True
us-mn-goodhue__commercial__commercial_tenant_improvement__building,MN,Goodhue,commercial_tenant_improvement,building,Goodhue official building/permit authority,Goodhue official building/permit authority,local,True
us-mn-hennepin__commercial__commercial_tenant_improvement__building,MN,Hennepin,commercial_tenant_improvement,building,Hennepin official building/permit authority,Hennepin official building/permit authority,local,True
us-mn-isanti__commercial__commercial_tenant_improvement__building,MN,Isanti,commercial_tenant_improvement,building,Isanti County Building Permits,Isanti County Building Permits,county_administered,True
us-mn-kandiyohi__commercial__commercial_tenant_improvement__building,MN,Kandiyohi,commercial_tenant_improvement,building,Kandiyohi,Kandiyohi,local,True
us-mn-lakeville__commercial__commercial_tenant_improvement__building,MN,Lakeville,commercial_tenant_improvement,building,Lakeville,Lakeville,local,True
us-mn-lyon__commercial__commercial_tenant_improvement__building,MN,Lyon,commercial_tenant_improvement,building,Lyon,Lyon,local,True
us-mn-mankato__commercial__commercial_tenant_improvement__building,MN,Mankato,commercial_tenant_improvement,building,Mankato Building Inspections,Mankato Building Inspections,mixed,True
us-mn-maple_grove__commercial__commercial_tenant_improvement__building,MN,Maple Grove,commercial_tenant_improvement,building,Maple Grove Building Inspection Services,Maple Grove Building Inspection Services,mixed,True
us-mn-maplewood__commercial__commercial_tenant_improvement__building,MN,Maplewood,commercial_tenant_improvement,building,City of Maplewood,City of Maplewood,local,True
us-mn-minneapolis__commercial__commercial_tenant_improvement__building,MN,Minneapolis,commercial_tenant_improvement,building,Minneapolis,Minneapolis,local,True
us-mn-minnetonka__commercial__commercial_tenant_improvement__building,MN,Minnetonka,commercial_tenant_improvement,building,Minnetonka Community Development / Permits,Minnetonka Community Development / Permits,mixed,True
us-mn-moorhead__commercial__commercial_tenant_improvement__building,MN,Moorhead,commercial_tenant_improvement,building,City of Moorhead,City of Moorhead,local,True
us-mn-mower__commercial__commercial_tenant_improvement__building,MN,Mower,commercial_tenant_improvement,occupancy,Mower,Mower,local,True
us-mn-olmsted__commercial__commercial_tenant_improvement__building,MN,Olmsted,commercial_tenant_improvement,building,Olmsted County Building Permits,Olmsted County Building Permits,county_administered,True
us-mn-olmsted__commercial__commercial_tenant_improvement__building,MN,Olmsted,commercial_tenant_improvement,zoning,Olmsted County Building Permits,Olmsted County Building Permits,county_administered,True
us-mn-plymouth__commercial__commercial_tenant_improvement__building,MN,Plymouth,commercial_tenant_improvement,building,Plymouth Building Inspection Division,Plymouth Building Inspection Division,mixed,True
us-mn-ramsey__commercial__commercial_tenant_improvement__building,MN,Ramsey,commercial_tenant_improvement,building,City of Ramsey Building Division,City of Ramsey Building Division,local,True
us-mn-rice__commercial__commercial_tenant_improvement__building,MN,Rice,commercial_tenant_improvement,building,Rice County Building Permits,Rice County Building Permits,county_administered,True
us-mn-rochester__commercial__commercial_tenant_improvement__building,MN,Rochester,commercial_tenant_improvement,building,Rochester Community Development Department / Building Safety,Rochester Community Development Department / Building Safety,mixed,True
us-mn-scott__commercial__commercial_tenant_improvement__building,MN,Scott,commercial_tenant_improvement,building,Scott County Building Permits,Scott County Building Permits,county_administered,True
us-mn-sherburne__commercial__commercial_tenant_improvement__building,MN,Sherburne,commercial_tenant_improvement,building,Sherburne County Building Permits,Sherburne County Building Permits with Minnesota DLI/state specialty permit routes as applicable,county_administered,True
us-mn-st_cloud__commercial__commercial_tenant_improvement__building,MN,St Cloud,commercial_tenant_improvement,building,City of St. Cloud,City of St. Cloud,local,True
us-mn-st_cloud__commercial__commercial_tenant_improvement__building,MN,St Cloud,commercial_tenant_improvement,fire,City of St. Cloud,City of St. Cloud,local,True
us-mn-st_louis__commercial__commercial_tenant_improvement__building,MN,St Louis,commercial_tenant_improvement,building,St Louis,St Louis,local,True
us-mn-st_paul__commercial__commercial_tenant_improvement__building,MN,St Paul,commercial_tenant_improvement,building,Saint Paul Department of Safety and Inspections (DSI),Saint Paul Department of Safety and Inspections (DSI),mixed,True
us-mn-stearns__commercial__commercial_tenant_improvement__building,MN,Stearns,commercial_tenant_improvement,building,Stearns County Building Permits,Stearns County Building Permits,local,True
us-mn-washington__commercial__commercial_tenant_improvement__building,MN,Washington,commercial_tenant_improvement,building,Property-specific city/township building official; Minnesota DLI for state projects; Washington County/township zoning per map jurisdiction,Property city/township building department for Washington County project location (verify in Minnesota DLI Local Code Lookup); Washington County Zoning Administrator/township for zoning,delegated_local_city_or_township_building_route_with_county_zoning_route,True
us-mn-winona__commercial__commercial_tenant_improvement__building,MN,Winona,commercial_tenant_improvement,building,Winona official building/permit authority,Winona official building/permit authority,local,True
us-mn-woodbury__commercial__commercial_tenant_improvement__building,MN,Woodbury,commercial_tenant_improvement,building,Woodbury,Woodbury,local,True
us-mn-wright__commercial__commercial_tenant_improvement__building,MN,Wright,commercial_tenant_improvement,building,Wright County Building Permits,Wright County Building Permits,county_administered,True
us-mn-wright__commercial__commercial_tenant_improvement__building,MN,Wright,commercial_tenant_improvement,fire,Wright County Building Permits,Wright County Building Permits,county_administered,True
us-mn-wright__commercial__commercial_tenant_improvement__building,MN,Wright,commercial_tenant_improvement,mechanical,Wright County Building Permits,Wright County Building Permits,county_administered,True
us-mn-wright__commercial__commercial_tenant_improvement__building,MN,Wright,commercial_tenant_improvement,plumbing,Wright County Building Permits,Wright County Building Permits,county_administered,True
us-mn-wright__commercial__commercial_tenant_improvement__building,MN,Wright,commercial_tenant_improvement,zoning,Wright County Building Permits,Wright County Building Permits,county_administered,True
us-mo-arnold__commercial__commercial_tenant_improvement__building,MO,Arnold,commercial_tenant_improvement,building,City of Arnold Building and Code Compliance,City of Arnold Building and Code Compliance,local,True
us-mo-ballwin__commercial__commercial_tenant_improvement__building,MO,Ballwin,commercial_tenant_improvement,building,City of Ballwin Building Division,City of Ballwin Building Division,local,True
us-mo-belton__commercial__commercial_tenant_improvement__building,MO,Belton,commercial_tenant_improvement,building,City of Belton Community Development,City of Belton Community Development,local,True
us-mo-blue_springs__commercial__commercial_tenant_improvement__building,MO,Blue Springs,commercial_tenant_improvement,building,City of Blue Springs Permit & Application Center / Building Permits,Blue Springs electronic/mail/drop-off permit submittal / Citizens Self Service Portal,local,True
us-mo-boone_county__commercial__commercial_tenant_improvement__building,MO,Boone County,commercial_tenant_improvement,building,Boone County Resource Management Inspections Division,Boone County Resource Management Inspections Division,local,True
us-mo-camden_county__commercial__commercial_tenant_improvement__building,MO,Camden County,commercial_tenant_improvement,building,Camden County Lake Area Planning and Zoning,Camden County Lake Area Planning and Zoning,local,True
us-mo-cape_girardeau__commercial__commercial_tenant_improvement__building,MO,Cape Girardeau,commercial_tenant_improvement,building,Cape Girardeau Community Development / Inspection Services Division,Cape Girardeau construction and building permit applications / ePlans,local,True
us-mo-cass_county__commercial__commercial_tenant_improvement__building,MO,Cass County,commercial_tenant_improvement,building,Cass County Building Codes Department,Cass County Building Codes Department,local,True
us-mo-chesterfield__commercial__commercial_tenant_improvement__building,MO,Chesterfield,commercial_tenant_improvement,building,St. Louis County Department of Transportation and Public Works (building permit after Chesterfield MZA),City of Chesterfield Planning and Development (Municipal Zoning Approval before county permit),local,True
us-mo-christian_county__commercial__commercial_tenant_improvement__building,MO,Christian County,commercial_tenant_improvement,building,Christian County Resource Management Building Regulations,Christian County Resource Management Building Regulations,local,True
us-mo-clay_county__commercial__commercial_tenant_improvement__building,MO,Clay County,commercial_tenant_improvement,building,Clay County Planning and Zoning Department / Building Official,Clay County Planning and Zoning Department / Division of Building Safety,county,True
us-mo-cole_county__commercial__commercial_tenant_improvement__building,MO,Cole County,commercial_tenant_improvement,building,Cole County Public Works / Building Permits,Cole County Public Works / Building Permits,local,True
us-mo-columbia__commercial__commercial_tenant_improvement__building,MO,Columbia,commercial_tenant_improvement,building,City of Columbia Building and Site Development Division,City of Columbia application/plan review/building permit process,local,True
us-mo-columbia__commercial__commercial_tenant_improvement__building,MO,Columbia,commercial_tenant_improvement,electrical,City of Columbia Building and Site Development Division,City of Columbia application/plan review/building permit process,local,True
us-mo-columbia__commercial__commercial_tenant_improvement__building,MO,Columbia,commercial_tenant_improvement,fire,City of Columbia Building and Site Development Division,City of Columbia application/plan review/building permit process,local,True
us-mo-columbia__commercial__commercial_tenant_improvement__building,MO,Columbia,commercial_tenant_improvement,mechanical,City of Columbia Building and Site Development Division,City of Columbia application/plan review/building permit process,local,True
us-mo-columbia__commercial__commercial_tenant_improvement__building,MO,Columbia,commercial_tenant_improvement,occupancy,City of Columbia Building and Site Development Division,City of Columbia application/plan review/building permit process,local,True
us-mo-columbia__commercial__commercial_tenant_improvement__building,MO,Columbia,commercial_tenant_improvement,plumbing,City of Columbia Building and Site Development Division,City of Columbia application/plan review/building permit process,local,True
us-mo-columbia__commercial__commercial_tenant_improvement__building,MO,Columbia,commercial_tenant_improvement,zoning,City of Columbia Building and Site Development Division,City of Columbia application/plan review/building permit process,local,True
us-mo-festus__commercial__commercial_tenant_improvement__building,MO,Festus,commercial_tenant_improvement,building,Festus online building permit application / Building Department,Festus online building permit application / Building Department,local,True
us-mo-florissant__commercial__commercial_tenant_improvement__building,MO,Florissant,commercial_tenant_improvement,building,City of Florissant Building and Code Enforcement,City of Florissant Building and Code Enforcement,local,True
us-mo-gladstone__commercial__commercial_tenant_improvement__building,MO,Gladstone,commercial_tenant_improvement,building,City of Gladstone Community Development,City of Gladstone Community Development,local,True
us-mo-grandview__commercial__commercial_tenant_improvement__building,MO,Grandview,commercial_tenant_improvement,building,City of Grandview Building Services,City of Grandview Building Services,local,True
us-mo-greene_county__commercial__commercial_tenant_improvement__building,MO,Greene County,commercial_tenant_improvement,building,Greene County Resource Management Building Regulations,Greene County Resource Management Building Regulations,local,True
us-mo-hazelwood__commercial__commercial_tenant_improvement__building,MO,Hazelwood,commercial_tenant_improvement,building,City of Hazelwood Building Department,City of Hazelwood Building Department,local,True
us-mo-independence__commercial__commercial_tenant_improvement__building,MO,Independence,commercial_tenant_improvement,building,Independence,Independence,local,True
us-mo-jackson_county__commercial__commercial_tenant_improvement__building,MO,Jackson County,commercial_tenant_improvement,building,Jackson County Department of Public Works Development Division,Jackson County Department of Public Works Development Division,local,True
us-mo-jefferson_city__commercial__commercial_tenant_improvement__building,MO,Jefferson City,commercial_tenant_improvement,building,Jefferson City Building Regulations Division,Jefferson City Building Regulations Division permit applications,local,True
us-mo-jefferson_county__commercial__commercial_tenant_improvement__building,MO,Jefferson County,commercial_tenant_improvement,building,Jefferson County Code Enforcement Division,Jefferson County Code Enforcement Division,local,True
us-mo-joplin__commercial__commercial_tenant_improvement__building,MO,Joplin,commercial_tenant_improvement,building,Joplin,Joplin,local,True
us-mo-kansas_city__commercial__commercial_tenant_improvement__building,MO,Kansas City,commercial_tenant_improvement,building,City of Kansas City City Planning & Development / permits and plans review,Compass KC / City Planning & Development permit process,local,True
us-mo-kirkwood__commercial__commercial_tenant_improvement__building,MO,Kirkwood,commercial_tenant_improvement,building,Kirkwood,Kirkwood,local,True
us-mo-lees_summit__commercial__commercial_tenant_improvement__building,MO,Lees Summit,commercial_tenant_improvement,building,City of Lee's Summit Development Services,City of Lee's Summit Development Services / CityView Online Portal,local,True
us-mo-lees_summit__commercial__commercial_tenant_improvement__building,MO,Lees Summit,commercial_tenant_improvement,fire,City of Lee's Summit Development Services,City of Lee's Summit Development Services / CityView Online Portal,local,True
us-mo-liberty__commercial__commercial_tenant_improvement__building,MO,Liberty,commercial_tenant_improvement,building,City of Liberty Building Permit Division,City of Liberty Building Permit Division,local,True
us-mo-maryland_heights__commercial__commercial_tenant_improvement__building,MO,Maryland Heights,commercial_tenant_improvement,building,City of Maryland Heights Community Development,City of Maryland Heights Community Development,local,True
us-mo-nixa__commercial__commercial_tenant_improvement__building,MO,Nixa,commercial_tenant_improvement,building,City of Nixa Planning and Development,City of Nixa Planning and Development,local,True
us-mo-ozark_city__commercial__commercial_tenant_improvement__building,MO,Ozark City,commercial_tenant_improvement,building,City of Ozark Planning and Development / Building Department,City of Ozark Planning and Development / Building Department,local,True
us-mo-raymore__commercial__commercial_tenant_improvement__building,MO,Raymore,commercial_tenant_improvement,building,City of Raymore Development Services,City of Raymore Development Services,local,True
us-mo-raytown__commercial__commercial_tenant_improvement__building,MO,Raytown,commercial_tenant_improvement,building,Raytown Community Development / Building Permits and Inspections,Raytown commercial building plan review and permit issuance process,local,True
us-mo-republic__commercial__commercial_tenant_improvement__building,MO,Republic,commercial_tenant_improvement,building,Republic,Republic,local,True
us-mo-rolla__commercial__commercial_tenant_improvement__building,MO,Rolla,commercial_tenant_improvement,building,City of Rolla Community Development,City of Rolla Community Development,local,True
us-mo-sedalia__commercial__commercial_tenant_improvement__building,MO,Sedalia,commercial_tenant_improvement,building,City of Sedalia Building Division,City of Sedalia Building Division,local,True
us-mo-springfield__commercial__commercial_tenant_improvement__building,MO,Springfield,commercial_tenant_improvement,building,City of Springfield Building Development Services,Springfield commercial plan review and permit application / permit desk,local,True
us-mo-st_charles_city__commercial__commercial_tenant_improvement__building,MO,St Charles City,commercial_tenant_improvement,building,City of St. Charles Building Division,Building Division permit submittal,local,True
us-mo-st_charles_county__commercial__commercial_tenant_improvement__building,MO,St Charles County,commercial_tenant_improvement,building,St. Charles County Department of Community Development,St. Charles County Department of Community Development,local,True
us-mo-st_joseph__commercial__commercial_tenant_improvement__building,MO,St Joseph,commercial_tenant_improvement,building,City of St. Joseph Building Development,City of St. Joseph Building Development,local,True
us-mo-st_louis_city__commercial__commercial_tenant_improvement__building,MO,St Louis City,commercial_tenant_improvement,building,City of St. Louis Building Division Permits Section,City of St. Louis commercial building permit process / city account,local,True
us-mo-st_louis_county__commercial__commercial_tenant_improvement__building,MO,St Louis County,commercial_tenant_improvement,building,St. Louis County Department of Transportation and Public Works,St. Louis County Department of Transportation and Public Works,local,True
us-mo-st_peters__commercial__commercial_tenant_improvement__building,MO,St Peters,commercial_tenant_improvement,building,St Peters,St Peters,local,True
us-mo-university_city__commercial__commercial_tenant_improvement__building,MO,University City,commercial_tenant_improvement,building,City of University City Planning and Zoning,City of University City Planning and Zoning,local,True
us-mo-webster_groves__commercial__commercial_tenant_improvement__building,MO,Webster Groves,commercial_tenant_improvement,building,City of Webster Groves Building Division,City of Webster Groves Building Division,local,True
us-mo-wentzville__commercial__commercial_tenant_improvement__building,MO,Wentzville,commercial_tenant_improvement,building,City of Wentzville Building Division,City of Wentzville Building Division,local,True
us-mo-wildwood__commercial__commercial_tenant_improvement__building,MO,Wildwood,commercial_tenant_improvement,building,City of Wildwood Planning Department,City of Wildwood Planning Department,local,True
us-ms-biloxi_city__commercial__commercial_tenant_improvement__building,MS,Biloxi City,commercial_tenant_improvement,building,"City of Biloxi, Office of the Building Official (Community Development Department)","City of Biloxi, Office of the Building Official (Community Development Department)",local,True
us-ms-brandon_city__commercial__commercial_tenant_improvement__building,MS,Brandon City,commercial_tenant_improvement,building,City of Brandon Community Development Department,City of Brandon Community Development Department,local,True
us-ms-clarksdale__commercial__commercial_tenant_improvement__building,MS,Clarksdale,commercial_tenant_improvement,building,City of Clarksdale building/permit authority,City of Clarksdale building/permit authority,local,True
us-ms-clinton_city__commercial__commercial_tenant_improvement__building,MS,Clinton City,commercial_tenant_improvement,building,Clinton City,Clinton City,local,True
us-ms-columbus_city__commercial__commercial_tenant_improvement__building,MS,Columbus City,commercial_tenant_improvement,building,Columbus City official building/permit authority,Columbus City official building/permit authority,local,True
us-ms-desoto_county__commercial__commercial_tenant_improvement__building,MS,Desoto County,commercial_tenant_improvement,building,DeSoto County Planning and Building Department,DeSoto County Planning and Building Department,county,True
us-ms-diamondhead_city__commercial__commercial_tenant_improvement__building,MS,Diamondhead City,commercial_tenant_improvement,building,Diamondhead City official building/permit authority,Diamondhead City official building/permit authority,local,True
us-ms-flowood__commercial__commercial_tenant_improvement__building,MS,Flowood,commercial_tenant_improvement,building,City of Flowood building/permit authority,City of Flowood City Hall / Engineering / building permit authority,local_city_permit_authority,True
us-ms-flowood__commercial__commercial_tenant_improvement__building,MS,Flowood,commercial_tenant_improvement,electrical,City of Flowood building/permit authority,City of Flowood City Hall / Engineering / building permit authority,local_city_permit_authority,True
us-ms-flowood__commercial__commercial_tenant_improvement__building,MS,Flowood,commercial_tenant_improvement,mechanical,City of Flowood building/permit authority,City of Flowood City Hall / Engineering / building permit authority,local_city_permit_authority,True
us-ms-flowood__commercial__commercial_tenant_improvement__building,MS,Flowood,commercial_tenant_improvement,occupancy,City of Flowood building/permit authority,City of Flowood City Hall / Engineering / building permit authority,local_city_permit_authority,True
us-ms-flowood__commercial__commercial_tenant_improvement__building,MS,Flowood,commercial_tenant_improvement,plumbing,City of Flowood building/permit authority,City of Flowood City Hall / Engineering / building permit authority,local_city_permit_authority,True
us-ms-flowood_city__commercial__commercial_tenant_improvement__building,MS,Flowood City,commercial_tenant_improvement,building,Flowood City,Flowood City,local,True
us-ms-flowood_city__commercial__commercial_tenant_improvement__building,MS,Flowood City,commercial_tenant_improvement,electrical,Flowood City,Flowood City,local,True
us-ms-flowood_city__commercial__commercial_tenant_improvement__building,MS,Flowood City,commercial_tenant_improvement,fire,Flowood City,Flowood City,local,True
us-ms-flowood_city__commercial__commercial_tenant_improvement__building,MS,Flowood City,commercial_tenant_improvement,mechanical,Flowood City,Flowood City,local,True
us-ms-flowood_city__commercial__commercial_tenant_improvement__building,MS,Flowood City,commercial_tenant_improvement,plumbing,Flowood City,Flowood City,local,True
us-ms-gautier_city__commercial__commercial_tenant_improvement__building,MS,Gautier City,commercial_tenant_improvement,building,City of Gautier - Planning and Building Department,City of Gautier - Planning and Building Department,local,True
us-ms-greenville_city__commercial__commercial_tenant_improvement__building,MS,Greenville City,commercial_tenant_improvement,building,Greenville City,Greenville City,local,True
us-ms-greenwood_city__commercial__commercial_tenant_improvement__building,MS,Greenwood City,commercial_tenant_improvement,building,City of Greenwood Community Development Department,City of Greenwood Community Development Department,local,True
us-ms-gulfport__commercial__commercial_tenant_improvement__building,MS,Gulfport,commercial_tenant_improvement,building,City of Gulfport building/permit authority,City of Gulfport building/permit authority,local,True
us-ms-gulfport_city__commercial__commercial_tenant_improvement__building,MS,Gulfport City,commercial_tenant_improvement,building,Gulfport City official building/permit authority,Gulfport City official building/permit authority,local,True
us-ms-harrison_county__commercial__commercial_tenant_improvement__building,MS,Harrison County,commercial_tenant_improvement,building,Harrison County Code Administration,Harrison County Code Administration,county,True
us-ms-hattiesburg_city__commercial__commercial_tenant_improvement__building,MS,Hattiesburg City,commercial_tenant_improvement,building,City of Hattiesburg Department of Urban Development,City of Hattiesburg Department of Urban Development,local,True
us-ms-hattiesburg_city__commercial__commercial_tenant_improvement__building,MS,Hattiesburg City,commercial_tenant_improvement,occupancy,City of Hattiesburg Department of Urban Development,City of Hattiesburg Department of Urban Development,local,True
us-ms-horn_lake_city__commercial__commercial_tenant_improvement__building,MS,Horn Lake City,commercial_tenant_improvement,building,City of Horn Lake Planning and Development Department,City of Horn Lake Planning and Development Department,local,True
us-ms-indianola__commercial__commercial_tenant_improvement__building,MS,Indianola,commercial_tenant_improvement,building,City of Indianola building/permit authority,City of Indianola building/permit authority,local,True
us-ms-jackson_city__commercial__commercial_tenant_improvement__building,MS,Jackson City,commercial_tenant_improvement,building,City of Jackson Office of Code Services,City of Jackson Office of Code Services,local,True
us-ms-jackson_county__commercial__commercial_tenant_improvement__building,MS,Jackson County,commercial_tenant_improvement,building,Jackson County Building Department,Jackson County Building Department,county,True
us-ms-madison_city__commercial__commercial_tenant_improvement__building,MS,Madison City,commercial_tenant_improvement,building,City of Madison Building and Permits Department,City of Madison Building and Permits Department,local,True
us-ms-madison_county__commercial__commercial_tenant_improvement__building,MS,Madison County,commercial_tenant_improvement,building,Madison County,Madison County,local,True
us-ms-mccomb__commercial__commercial_tenant_improvement__building,MS,Mccomb,commercial_tenant_improvement,building,City of McComb building/permit authority,City of McComb building/permit authority,local,True
us-ms-mccomb__commercial__commercial_tenant_improvement__building,MS,Mccomb,commercial_tenant_improvement,zoning,City of McComb building/permit authority,City of McComb building/permit authority,local,True
us-ms-meridian_city__commercial__commercial_tenant_improvement__building,MS,Meridian City,commercial_tenant_improvement,building,Meridian City official building/permit authority,Meridian City official building/permit authority,local,True
us-ms-natchez_city__commercial__commercial_tenant_improvement__building,MS,Natchez City,commercial_tenant_improvement,building,City of Natchez,City of Natchez Office of Inspections,local,True
us-ms-ocean_springs_city__commercial__commercial_tenant_improvement__building,MS,Ocean Springs City,commercial_tenant_improvement,building,City of Ocean Springs Building Department,City of Ocean Springs Building Department,city,True
us-ms-olive_branch_city__commercial__commercial_tenant_improvement__building,MS,Olive Branch City,commercial_tenant_improvement,building,City of Olive Branch Planning and Building Department,City of Olive Branch Planning and Building Department,local,True
us-ms-oxford__commercial__commercial_tenant_improvement__building,MS,Oxford,commercial_tenant_improvement,building,City of Oxford building/permit authority,City of Oxford building/permit authority,local,True
us-ms-oxford_city__commercial__commercial_tenant_improvement__building,MS,Oxford City,commercial_tenant_improvement,building,Oxford City,Oxford City,local,True
us-ms-pascagoula_city__commercial__commercial_tenant_improvement__building,MS,Pascagoula City,commercial_tenant_improvement,building,City of Pascagoula Building Department,City of Pascagoula Building Department,local,True
us-ms-pearl_city__commercial__commercial_tenant_improvement__building,MS,Pearl City,commercial_tenant_improvement,building,City of Pearl Community Development Department,City of Pearl Community Development Department,local,True
us-ms-rankin_county__commercial__commercial_tenant_improvement__building,MS,Rankin County,commercial_tenant_improvement,building,Rankin County Community Development Department,Rankin County Community Development Department,local,True
us-ms-richland__commercial__commercial_tenant_improvement__building,MS,Richland,commercial_tenant_improvement,building,City of Richland building/permit authority,City of Richland building/permit authority,local,True
us-ms-senatobia__commercial__commercial_tenant_improvement__building,MS,Senatobia,commercial_tenant_improvement,building,City of Senatobia building/permit authority,City of Senatobia building/permit authority,local,True
us-ms-southaven_city__commercial__commercial_tenant_improvement__building,MS,Southaven City,commercial_tenant_improvement,building,City of Southaven Building Department,City of Southaven Building Department,local,True
us-ms-starkville_city__commercial__commercial_tenant_improvement__building,MS,Starkville City,commercial_tenant_improvement,building,City of Starkville Building Division,City of Starkville Building Division,local,True
us-ms-stone_county__commercial__commercial_tenant_improvement__building,MS,Stone County,commercial_tenant_improvement,building,Stone County building/permit authority,Stone County building/permit authority,county,True
us-ms-the_rez__commercial__commercial_tenant_improvement__building,MS,The Rez,commercial_tenant_improvement,building,Pearl River Valley Water Supply District / The Rez building/permit authority,Pearl River Valley Water Supply District / The Rez building/permit authority,local,True
us-ms-tupelo__commercial__commercial_tenant_improvement__building,MS,Tupelo,commercial_tenant_improvement,building,City of Tupelo building/permit authority,City of Tupelo building/permit authority,local,True
us-ms-tupelo_city__commercial__commercial_tenant_improvement__building,MS,Tupelo City,commercial_tenant_improvement,building,Tupelo City,Tupelo City,local,True
us-ms-vicksburg_city__commercial__commercial_tenant_improvement__building,MS,Vicksburg City,commercial_tenant_improvement,building,Vicksburg City,Vicksburg City,local,True
us-ms-vicksburg_city__commercial__commercial_tenant_improvement__building,MS,Vicksburg City,commercial_tenant_improvement,electrical,Vicksburg City,Vicksburg City,local,True
us-ms-vicksburg_city__commercial__commercial_tenant_improvement__building,MS,Vicksburg City,commercial_tenant_improvement,fire,Vicksburg City,Vicksburg City,local,True
us-ms-vicksburg_city__commercial__commercial_tenant_improvement__building,MS,Vicksburg City,commercial_tenant_improvement,mechanical,Vicksburg City,Vicksburg City,local,True
us-ms-vicksburg_city__commercial__commercial_tenant_improvement__building,MS,Vicksburg City,commercial_tenant_improvement,occupancy,Vicksburg City,Vicksburg City,local,True
us-ms-vicksburg_city__commercial__commercial_tenant_improvement__building,MS,Vicksburg City,commercial_tenant_improvement,plumbing,Vicksburg City,Vicksburg City,local,True
us-ms-vicksburg_city__commercial__commercial_tenant_improvement__building,MS,Vicksburg City,commercial_tenant_improvement,zoning,Vicksburg City,Vicksburg City,local,True
us-mt-anaconda_deer_lodge__commercial__commercial_tenant_improvement__building,MT,Anaconda Deer Lodge,commercial_tenant_improvement,building,Anaconda-Deer Lodge County Building Inspector,Anaconda-Deer Lodge County Building Inspector,local,True
us-mt-belgrade__commercial__commercial_tenant_improvement__building,MT,Belgrade,commercial_tenant_improvement,building,City of Belgrade Building Department,City of Belgrade Building Department,local,True
us-mt-billings__commercial__commercial_tenant_improvement__building,MT,Billings,commercial_tenant_improvement,building,City of Billings Building Division,City of Billings Building Division,local,True
us-mt-bozeman__commercial__commercial_tenant_improvement__building,MT,Bozeman,commercial_tenant_improvement,building,City of Bozeman Building Division / Community Development,City of Bozeman Building Division / Community Development,local,True
us-mt-butte_silver_bow__commercial__commercial_tenant_improvement__building,MT,Butte Silver Bow,commercial_tenant_improvement,building,City and County of Butte-Silver Bow Building and Code Enforcement,City and County of Butte-Silver Bow Building and Code Enforcement,local,True
us-mt-cascade_county__commercial__commercial_tenant_improvement__building,MT,Cascade County,commercial_tenant_improvement,building,Cascade County,Cascade County,local,True
us-mt-choteau__commercial__commercial_tenant_improvement__building,MT,Choteau,commercial_tenant_improvement,building,City of Choteau Building Department,City of Choteau Building Department,local,True
us-mt-colstrip__commercial__commercial_tenant_improvement__building,MT,Colstrip,commercial_tenant_improvement,building,Montana Building Codes Program / City of Colstrip Building and Zoning,Montana Building Codes Program / City of Colstrip Building and Zoning,state_building_codes_city_zoning_residential_only,True
us-mt-columbia_falls__commercial__commercial_tenant_improvement__building,MT,Columbia Falls,commercial_tenant_improvement,building,City of Columbia Falls Building Inspection and Code Enforcement,City of Columbia Falls Building Inspection and Code Enforcement,local,True
us-mt-cut_bank__commercial__commercial_tenant_improvement__building,MT,Cut Bank,commercial_tenant_improvement,building,Montana Building Codes Program / Building Standards Section,Montana Building Codes Program / Building Standards Section,local,True
us-mt-darby__commercial__commercial_tenant_improvement__building,MT,Darby,commercial_tenant_improvement,building,Town of Darby Building Department,Town of Darby Building Department,local,True
us-mt-east_helena__commercial__commercial_tenant_improvement__building,MT,East Helena,commercial_tenant_improvement,building,East Helena,East Helena,local,True
us-mt-flathead_county__commercial__commercial_tenant_improvement__building,MT,Flathead County,commercial_tenant_improvement,building,Flathead County,Flathead County,local,True
us-mt-forsyth__commercial__commercial_tenant_improvement__building,MT,Forsyth,commercial_tenant_improvement,building,Montana Building Codes Program / City of Forsyth zoning contact,Montana Building Codes Program / City of Forsyth zoning contact,state_building_codes_commercial_city_residential_only,True
us-mt-gallatin_county__commercial__commercial_tenant_improvement__building,MT,Gallatin County,commercial_tenant_improvement,building,Gallatin County,Gallatin County,local,True
us-mt-gallatin_county__commercial__commercial_tenant_improvement__building,MT,Gallatin County,commercial_tenant_improvement,electrical,Gallatin County,Gallatin County,local,True
us-mt-gallatin_county__commercial__commercial_tenant_improvement__building,MT,Gallatin County,commercial_tenant_improvement,fire,Gallatin County,Gallatin County,local,True
us-mt-gallatin_county__commercial__commercial_tenant_improvement__building,MT,Gallatin County,commercial_tenant_improvement,mechanical,Gallatin County,Gallatin County,local,True
us-mt-gallatin_county__commercial__commercial_tenant_improvement__building,MT,Gallatin County,commercial_tenant_improvement,occupancy,Gallatin County,Gallatin County,local,True
us-mt-gallatin_county__commercial__commercial_tenant_improvement__building,MT,Gallatin County,commercial_tenant_improvement,plumbing,Gallatin County,Gallatin County,local,True
us-mt-gallatin_county__commercial__commercial_tenant_improvement__building,MT,Gallatin County,commercial_tenant_improvement,zoning,Gallatin County,Gallatin County,local,True
us-mt-glasgow__commercial__commercial_tenant_improvement__building,MT,Glasgow,commercial_tenant_improvement,building,City of Glasgow Building Department,City of Glasgow Building Department,local,True
us-mt-great_falls__commercial__commercial_tenant_improvement__building,MT,Great Falls,commercial_tenant_improvement,building,City of Great Falls Building Division,"City of Great Falls Planning & Community Development Department, Building Division",local,True
us-mt-hardin__commercial__commercial_tenant_improvement__building,MT,Hardin,commercial_tenant_improvement,building,City of Hardin Building Department,City of Hardin Building Department,local,True
us-mt-havre__commercial__commercial_tenant_improvement__building,MT,Havre,commercial_tenant_improvement,building,City of Havre Building Department,City of Havre Building Department,local,True
us-mt-helena__commercial__commercial_tenant_improvement__building,MT,Helena,commercial_tenant_improvement,building,City of Helena Building Division,City of Helena Building Division,local,True
us-mt-kalispell__commercial__commercial_tenant_improvement__building,MT,Kalispell,commercial_tenant_improvement,building,City of Kalispell Building Division,City of Kalispell Building Division,local,True
us-mt-laurel__commercial__commercial_tenant_improvement__building,MT,Laurel,commercial_tenant_improvement,building,City of Laurel Building Department,City of Laurel Building Department,local,True
us-mt-libby__commercial__commercial_tenant_improvement__building,MT,Libby,commercial_tenant_improvement,building,Libby,Libby,local,True
us-mt-livingston__commercial__commercial_tenant_improvement__building,MT,Livingston,commercial_tenant_improvement,building,Livingston,Livingston,local,True
us-mt-manhattan__commercial__commercial_tenant_improvement__building,MT,Manhattan,commercial_tenant_improvement,building,Town of Manhattan Building Department,Town of Manhattan Building Department,local,True
us-mt-miles_city__commercial__commercial_tenant_improvement__building,MT,Miles City,commercial_tenant_improvement,building,City of Miles City Building Department,City of Miles City Building Department,local,True
us-mt-missoula_city__commercial__commercial_tenant_improvement__building,MT,Missoula City,commercial_tenant_improvement,building,Missoula City,Missoula City,local,True
us-mt-missoula_county__commercial__commercial_tenant_improvement__building,MT,Missoula County,commercial_tenant_improvement,building,Missoula County Public Works Building Division with PDS/Public Health routed reviews where applicable,Missoula County Public Works Building Division,county_with_pds_public_health_delegated_reviews,True
us-mt-missoula_county__commercial__commercial_tenant_improvement__building,MT,Missoula County,commercial_tenant_improvement,zoning,Missoula County Public Works Building Division with PDS/Public Health routed reviews where applicable,Missoula County Public Works Building Division,county_with_pds_public_health_delegated_reviews,True
us-mt-mt_dli_bsd__commercial__commercial_tenant_improvement__building,MT,Mt Dli Bsd,commercial_tenant_improvement,building,Montana Department of Labor and Industry Building Codes Program,Montana Department of Labor and Industry Building Codes Program,state_administered,True
us-mt-park_county__commercial__commercial_tenant_improvement__building,MT,Park County,commercial_tenant_improvement,building,Park County Planning Department,Park County Planning Department,local,True
us-mt-polson__commercial__commercial_tenant_improvement__building,MT,Polson,commercial_tenant_improvement,building,City of Polson Building Department,City of Polson Building Department,local,True
us-mt-ravalli_county__commercial__commercial_tenant_improvement__building,MT,Ravalli County,commercial_tenant_improvement,building,Ravalli County official building/permit authority,Ravalli County official building/permit authority,local,True
us-mt-red_lodge__commercial__commercial_tenant_improvement__building,MT,Red Lodge,commercial_tenant_improvement,building,City of Red Lodge Building Division / Montana Building Codes Bureau / Red Lodge Fire Rescue as applicable,City of Red Lodge Building Division / Montana Building Codes Bureau / Red Lodge Fire Rescue as applicable,mixed_local_building_state_trade_fire_rescue,True
us-mt-richland_county__commercial__commercial_tenant_improvement__building,MT,Richland County,commercial_tenant_improvement,building,Richland County Building Department,Richland County Building Department,local,True
us-mt-ronan__commercial__commercial_tenant_improvement__building,MT,Ronan,commercial_tenant_improvement,building,City of Ronan Building Department,City of Ronan Building Department,local,True
us-mt-sidney__commercial__commercial_tenant_improvement__building,MT,Sidney,commercial_tenant_improvement,building,City of Sidney / Richland County Building Department shared building inspector,City of Sidney / Richland County Building Department shared building inspector,local,True
us-mt-toole_county__commercial__commercial_tenant_improvement__building,MT,Toole County,commercial_tenant_improvement,building,Toole County Building Department,Toole County Building Department,local,True
us-mt-townsend__commercial__commercial_tenant_improvement__building,MT,Townsend,commercial_tenant_improvement,building,Montana Building Codes Program / City of Townsend office,Montana Building Codes Program / City of Townsend office,local,True
us-mt-west_yellowstone__commercial__commercial_tenant_improvement__building,MT,West Yellowstone,commercial_tenant_improvement,building,West Yellowstone,West Yellowstone,local,True
us-mt-whitefish__commercial__commercial_tenant_improvement__building,MT,Whitefish,commercial_tenant_improvement,building,Whitefish,City of Whitefish Building Division,local,True
us-mt-yellowstone_county__commercial__commercial_tenant_improvement__building,MT,Yellowstone County,commercial_tenant_improvement,building,Yellowstone County official building/permit authority,Yellowstone County official building/permit authority,local,True
us-nc-alamance_county__commercial__commercial_tenant_improvement__building,NC,Alamance County,commercial_tenant_improvement,building,Alamance County Inspections Department / Alamance County Fire Marshal (fire/life-safety coordination where applicable),Alamance County Inspections Department,county,True
us-nc-apex__commercial__commercial_tenant_improvement__building,NC,Apex,commercial_tenant_improvement,building,Town of Apex Building Inspections and Permits,Town of Apex Building Inspections and Permits,local,True
us-nc-asheville__commercial__commercial_tenant_improvement__building,NC,Asheville,commercial_tenant_improvement,building,City of Asheville Development Services,City of Asheville Development Services,local,True
us-nc-banner_elk__commercial__commercial_tenant_improvement__building,NC,Banner Elk,commercial_tenant_improvement,building,Avery County Inspections Department (building); Town of Banner Elk Development Department (zoning),Avery County Inspections Department,mixed,True
us-nc-brunswick_county__commercial__commercial_tenant_improvement__building,NC,Brunswick County,commercial_tenant_improvement,building,Brunswick County official building/permit authority,Brunswick County official building/permit authority,local,True
us-nc-buncombe_county__commercial__commercial_tenant_improvement__building,NC,Buncombe County,commercial_tenant_improvement,building,Buncombe County Permits and Inspections,Buncombe County Permits and Inspections,county,True
us-nc-burlington__commercial__commercial_tenant_improvement__building,NC,Burlington,commercial_tenant_improvement,building,Burlington,Burlington,local,True
us-nc-cabarrus_county__commercial__commercial_tenant_improvement__building,NC,Cabarrus County,commercial_tenant_improvement,building,Cabarrus County Construction Standards,Cabarrus County Construction Standards,county,True
us-nc-carrboro__commercial__commercial_tenant_improvement__building,NC,Carrboro,commercial_tenant_improvement,building,Town of Carrboro Planning and Inspections,Town of Carrboro Planning and Inspections,local,True
us-nc-cary__commercial__commercial_tenant_improvement__building,NC,Cary,commercial_tenant_improvement,building,Town of Cary Inspections and Permits,Town of Cary Inspections and Permits,local,True
us-nc-catawba_county__commercial__commercial_tenant_improvement__building,NC,Catawba County,commercial_tenant_improvement,building,Catawba County Building Services Division,Catawba County Building Services Division,county,True
us-nc-chapel_hill__commercial__commercial_tenant_improvement__building,NC,Chapel Hill,commercial_tenant_improvement,building,Town of Chapel Hill Building and Development Services,Town of Chapel Hill Building and Development Services,local,True
us-nc-charlotte__commercial__commercial_tenant_improvement__building,NC,Charlotte,commercial_tenant_improvement,building,Mecklenburg County Code Enforcement (LUESA — Land Use & Environmental Services Agency),Mecklenburg County Code Enforcement — Accela Citizen Access Portal,mixed,True
us-nc-clayton__commercial__commercial_tenant_improvement__building,NC,Clayton,commercial_tenant_improvement,building,Clayton,Clayton,local,True
us-nc-cumberland_county__commercial__commercial_tenant_improvement__building,NC,Cumberland County,commercial_tenant_improvement,building,Cumberland County Planning & Inspections Department,Cumberland County Planning & Inspections Department,county,True
us-nc-durham__commercial__commercial_tenant_improvement__building,NC,Durham,commercial_tenant_improvement,building,City-County Building & Safety,City-County Building & Safety / Land Development Office,mixed,True
us-nc-durham_city_county__commercial__commercial_tenant_improvement__building,NC,Durham City County,commercial_tenant_improvement,building,Durham City-County Building and Safety,Durham City-County Building and Safety / City of Durham LDO Web Portal,mixed,True
us-nc-fayetteville__commercial__commercial_tenant_improvement__building,NC,Fayetteville,commercial_tenant_improvement,building,City of Fayetteville Permitting and Inspections (Development Services),City of Fayetteville Permitting and Inspections,local,True
us-nc-forsyth_county__commercial__commercial_tenant_improvement__building,NC,Forsyth County,commercial_tenant_improvement,building,Winston-Salem Forsyth County Inspections Division,Winston-Salem Forsyth County Inspections Division,mixed,True
us-nc-fuquay_varina__commercial__commercial_tenant_improvement__building,NC,Fuquay Varina,commercial_tenant_improvement,building,Town of Fuquay-Varina Planning,Town of Fuquay-Varina Planning,local,True
us-nc-garner__commercial__commercial_tenant_improvement__building,NC,Garner,commercial_tenant_improvement,building,Garner,Garner,local,True
us-nc-gaston_county__commercial__commercial_tenant_improvement__building,NC,Gaston County,commercial_tenant_improvement,building,Gaston County Building and Development Services,Gaston County Building and Development Services,county_building_development_services_with_state_building_code_authority,True
us-nc-gaston_county__commercial__commercial_tenant_improvement__building,NC,Gaston County,commercial_tenant_improvement,occupancy,Gaston County Building and Development Services,Gaston County Building and Development Services,county_building_development_services_with_state_building_code_authority,True
us-nc-gaston_county__commercial__commercial_tenant_improvement__building,NC,Gaston County,commercial_tenant_improvement,zoning,Gaston County Building and Development Services,Gaston County Building and Development Services,county_building_development_services_with_state_building_code_authority,True
us-nc-greensboro__commercial__commercial_tenant_improvement__building,NC,Greensboro,commercial_tenant_improvement,building,City of Greensboro Engineering & Inspections,City of Greensboro Engineering & Inspections,local,True
us-nc-greenville__commercial__commercial_tenant_improvement__building,NC,Greenville,commercial_tenant_improvement,building,Greenville permitting authority,Greenville permitting authority,local,True
us-nc-guilford_county__commercial__commercial_tenant_improvement__building,NC,Guilford County,commercial_tenant_improvement,building,Guilford County,Guilford County,local,True
us-nc-henderson_county__commercial__commercial_tenant_improvement__building,NC,Henderson County,commercial_tenant_improvement,building,Henderson County,Henderson County,local,True
us-nc-high_point__commercial__commercial_tenant_improvement__building,NC,High Point,commercial_tenant_improvement,building,City of High Point Inspections Services,City of High Point Inspections Services,local,True
us-nc-high_point__commercial__commercial_tenant_improvement__building,NC,High Point,commercial_tenant_improvement,electrical,City of High Point Inspections Services,City of High Point Inspections Services,local,True
us-nc-high_point__commercial__commercial_tenant_improvement__building,NC,High Point,commercial_tenant_improvement,fire,City of High Point Inspections Services,City of High Point Inspections Services,local,True
us-nc-high_point__commercial__commercial_tenant_improvement__building,NC,High Point,commercial_tenant_improvement,mechanical,City of High Point Inspections Services,City of High Point Inspections Services,local,True
us-nc-high_point__commercial__commercial_tenant_improvement__building,NC,High Point,commercial_tenant_improvement,occupancy,City of High Point Inspections Services,City of High Point Inspections Services,local,True
us-nc-high_point__commercial__commercial_tenant_improvement__building,NC,High Point,commercial_tenant_improvement,plumbing,City of High Point Inspections Services,City of High Point Inspections Services,local,True
us-nc-high_point__commercial__commercial_tenant_improvement__building,NC,High Point,commercial_tenant_improvement,zoning,City of High Point Inspections Services,City of High Point Inspections Services,local,True
us-nc-holly_springs__commercial__commercial_tenant_improvement__building,NC,Holly Springs,commercial_tenant_improvement,building,Town of Holly Springs Permits,Town of Holly Springs Permits,local,True
us-nc-iredell_county__commercial__commercial_tenant_improvement__building,NC,Iredell County,commercial_tenant_improvement,building,Iredell County Building Standards Division,Iredell County Building Standards Division,local,True
us-nc-jacksonville__commercial__commercial_tenant_improvement__building,NC,Jacksonville,commercial_tenant_improvement,building,Jacksonville,Jacksonville,local,True
us-nc-johnston_county__commercial__commercial_tenant_improvement__building,NC,Johnston County,commercial_tenant_improvement,building,Johnston County,Johnston County,local,True
us-nc-johnston_county__commercial__commercial_tenant_improvement__building,NC,Johnston County,commercial_tenant_improvement,zoning,Johnston County,Johnston County,local,True
us-nc-kill_devil_hills__commercial__commercial_tenant_improvement__building,NC,Kill Devil Hills,commercial_tenant_improvement,building,Town of Kill Devil Hills Planning and Inspections Department,Town of Kill Devil Hills Planning and Inspections Department,local,True
us-nc-mecklenburg_county__commercial__commercial_tenant_improvement__building,NC,Mecklenburg County,commercial_tenant_improvement,building,Mecklenburg County Code Enforcement (LUESA),Mecklenburg County Code Enforcement — Accela Citizen Access (ACA) Portal,county,True
us-nc-mecklenburg_county__commercial__commercial_tenant_improvement__building,NC,Mecklenburg County,commercial_tenant_improvement,electrical,Mecklenburg County Code Enforcement (LUESA),Mecklenburg County Code Enforcement — Accela Citizen Access (ACA) Portal,county,True
us-nc-mecklenburg_county__commercial__commercial_tenant_improvement__building,NC,Mecklenburg County,commercial_tenant_improvement,fire,Mecklenburg County Code Enforcement (LUESA),Mecklenburg County Code Enforcement — Accela Citizen Access (ACA) Portal,county,True
us-nc-mecklenburg_county__commercial__commercial_tenant_improvement__building,NC,Mecklenburg County,commercial_tenant_improvement,mechanical,Mecklenburg County Code Enforcement (LUESA),Mecklenburg County Code Enforcement — Accela Citizen Access (ACA) Portal,county,True
us-nc-mecklenburg_county__commercial__commercial_tenant_improvement__building,NC,Mecklenburg County,commercial_tenant_improvement,occupancy,Mecklenburg County Code Enforcement (LUESA),Mecklenburg County Code Enforcement — Accela Citizen Access (ACA) Portal,county,True
us-nc-mecklenburg_county__commercial__commercial_tenant_improvement__building,NC,Mecklenburg County,commercial_tenant_improvement,plumbing,Mecklenburg County Code Enforcement (LUESA),Mecklenburg County Code Enforcement — Accela Citizen Access (ACA) Portal,county,True
us-nc-mecklenburg_county__commercial__commercial_tenant_improvement__building,NC,Mecklenburg County,commercial_tenant_improvement,zoning,Mecklenburg County Code Enforcement (LUESA),Mecklenburg County Code Enforcement — Accela Citizen Access (ACA) Portal,county,True
us-nc-monroe__commercial__commercial_tenant_improvement__building,NC,Monroe,commercial_tenant_improvement,building,Monroe,Monroe,local,True
us-nc-mooresville__commercial__commercial_tenant_improvement__building,NC,Mooresville,commercial_tenant_improvement,building,Mooresville,Mooresville,local,True
us-nc-morrisville__commercial__commercial_tenant_improvement__building,NC,Morrisville,commercial_tenant_improvement,building,Morrisville official building/permit authority,Morrisville official building/permit authority,local,True
us-nc-new_hanover_county__commercial__commercial_tenant_improvement__building,NC,New Hanover County,commercial_tenant_improvement,building,New Hanover County Building Safety,New Hanover County Building Safety,county,True
us-nc-onslow_county__commercial__commercial_tenant_improvement__building,NC,Onslow County,commercial_tenant_improvement,building,Onslow County Planning & Development Department / Building Code Enforcement,Onslow County Planning & Development Department,county,True
us-nc-orange_county__commercial__commercial_tenant_improvement__building,NC,Orange County,commercial_tenant_improvement,building,Orange County,Orange County,local,True
us-nc-pitt_county__commercial__commercial_tenant_improvement__building,NC,Pitt County,commercial_tenant_improvement,building,Pitt County Permitting and Inspections,Pitt County Permitting and Inspections,local_or_official_source_backed,True
us-nc-raleigh__commercial__commercial_tenant_improvement__building,NC,Raleigh,commercial_tenant_improvement,building,Raleigh,Raleigh,local,True
us-nc-robbins__commercial__commercial_tenant_improvement__building,NC,Robbins,commercial_tenant_improvement,building,Moore County Planning and Inspections,Moore County Central Permitting & Building Inspections,county,True
us-nc-robbins__commercial__commercial_tenant_improvement__building,NC,Robbins,commercial_tenant_improvement,electrical,Moore County Planning and Inspections,Moore County Central Permitting & Building Inspections,county,True
us-nc-robbins__commercial__commercial_tenant_improvement__building,NC,Robbins,commercial_tenant_improvement,fire,Moore County Planning and Inspections,Moore County Central Permitting & Building Inspections,county,True
us-nc-robbins__commercial__commercial_tenant_improvement__building,NC,Robbins,commercial_tenant_improvement,mechanical,Moore County Planning and Inspections,Moore County Central Permitting & Building Inspections,county,True
us-nc-robbins__commercial__commercial_tenant_improvement__building,NC,Robbins,commercial_tenant_improvement,occupancy,Moore County Planning and Inspections,Moore County Central Permitting & Building Inspections,county,True
us-nc-robbins__commercial__commercial_tenant_improvement__building,NC,Robbins,commercial_tenant_improvement,plumbing,Moore County Planning and Inspections,Moore County Central Permitting & Building Inspections,county,True
us-nc-robbins__commercial__commercial_tenant_improvement__building,NC,Robbins,commercial_tenant_improvement,zoning,Moore County Planning and Inspections,Moore County Central Permitting & Building Inspections,county,True
us-nc-union_county__commercial__commercial_tenant_improvement__building,NC,Union County,commercial_tenant_improvement,building,Union County Building Code Enforcement,Union County Building Code Enforcement / Evolve Online Plan Review and Permitting Service,county_with_municipal_exceptions,True
us-nc-union_county__commercial__commercial_tenant_improvement__building,NC,Union County,commercial_tenant_improvement,zoning,Union County Building Code Enforcement,Union County Building Code Enforcement / Evolve Online Plan Review and Permitting Service,county_with_municipal_exceptions,True
us-nc-wake_county__commercial__commercial_tenant_improvement__building,NC,Wake County,commercial_tenant_improvement,building,Wake County,Wake County,local,True
us-nc-wake_forest__commercial__commercial_tenant_improvement__building,NC,Wake Forest,commercial_tenant_improvement,building,Town of Wake Forest Inspections,Town of Wake Forest Inspections,local,True
us-nc-waxhaw__commercial__commercial_tenant_improvement__building,NC,Waxhaw,commercial_tenant_improvement,building,Town of Waxhaw Building Inspections and Permitting,Town of Waxhaw Building Inspections and Permitting,local,True
us-nc-wilmington__commercial__commercial_tenant_improvement__building,NC,Wilmington,commercial_tenant_improvement,building,New Hanover County Building Safety,New Hanover County Building Safety via COAST (newhanovercountync-energovpub.tylerhost.net),mixed,True
us-nc-winston_salem__commercial__commercial_tenant_improvement__building,NC,Winston Salem,commercial_tenant_improvement,building,City of Winston-Salem Inspections Division,City of Winston-Salem Planning and Development Services,local,True
us-nd-beulah__commercial__commercial_tenant_improvement__building,ND,Beulah,commercial_tenant_improvement,building,City of Beulah Planning & Zoning / Building Permit Portal,City of Beulah Planning & Zoning / Building Permit Portal,local,True
us-nd-bismarck__commercial__commercial_tenant_improvement__building,ND,Bismarck,commercial_tenant_improvement,building,City of Bismarck,City of Bismarck,local,True
us-nd-burleigh_county__commercial__commercial_tenant_improvement__building,ND,Burleigh County,commercial_tenant_improvement,building,Burleigh County official building/permit authority,Burleigh County official building/permit authority,local,True
us-nd-carrington__commercial__commercial_tenant_improvement__building,ND,Carrington,commercial_tenant_improvement,building,City of Carrington Building Permits & Inspections Department,City of Carrington Building Permits & Inspections Department,local,True
us-nd-cass_county__commercial__commercial_tenant_improvement__building,ND,Cass County,commercial_tenant_improvement,building,Cass County Planning Office,Cass County Planning Office,county_planning_township_resources,True
us-nd-casselton__commercial__commercial_tenant_improvement__building,ND,Casselton,commercial_tenant_improvement,building,City of Casselton / Midwest Inspection Services,City of Casselton / Midwest Inspection Services with Planning & Zoning and Fire Department routing as applicable,delegated_routed_city_midwest_inspection_services,True
us-nd-cavalier__commercial__commercial_tenant_improvement__building,ND,Cavalier,commercial_tenant_improvement,building,City of Cavalier Building Department,City of Cavalier Building Department,local,True
us-nd-devils_lake__commercial__commercial_tenant_improvement__building,ND,Devils Lake,commercial_tenant_improvement,building,City of Devils Lake,City of Devils Lake,local,True
us-nd-dickinson__commercial__commercial_tenant_improvement__building,ND,Dickinson,commercial_tenant_improvement,building,City of Dickinson,City of Dickinson,local,True
us-nd-ellendale__commercial__commercial_tenant_improvement__building,ND,Ellendale,commercial_tenant_improvement,building,City of Ellendale City Hall,City of Ellendale City Hall,local,True
us-nd-fargo__commercial__commercial_tenant_improvement__building,ND,Fargo,commercial_tenant_improvement,building,City of Fargo,City of Fargo,local,True
us-nd-fargo__commercial__commercial_tenant_improvement__building,ND,Fargo,commercial_tenant_improvement,electrical,City of Fargo,City of Fargo,local,True
us-nd-fargo__commercial__commercial_tenant_improvement__building,ND,Fargo,commercial_tenant_improvement,fire,City of Fargo,City of Fargo,local,True
us-nd-fargo__commercial__commercial_tenant_improvement__building,ND,Fargo,commercial_tenant_improvement,mechanical,City of Fargo,City of Fargo,local,True
us-nd-fargo__commercial__commercial_tenant_improvement__building,ND,Fargo,commercial_tenant_improvement,occupancy,City of Fargo,City of Fargo,local,True
us-nd-fargo__commercial__commercial_tenant_improvement__building,ND,Fargo,commercial_tenant_improvement,plumbing,City of Fargo,City of Fargo,local,True
us-nd-fargo__commercial__commercial_tenant_improvement__building,ND,Fargo,commercial_tenant_improvement,zoning,City of Fargo,City of Fargo,local,True
us-nd-grafton__commercial__commercial_tenant_improvement__building,ND,Grafton,commercial_tenant_improvement,building,City of Grafton,City of Grafton,local,True
us-nd-grand_forks__commercial__commercial_tenant_improvement__building,ND,Grand Forks,commercial_tenant_improvement,building,City of Grand Forks,City of Grand Forks,local,True
us-nd-grand_forks_county__commercial__commercial_tenant_improvement__building,ND,Grand Forks County,commercial_tenant_improvement,building,Grand Forks County,Grand Forks County,local,True
us-nd-hillsboro__commercial__commercial_tenant_improvement__building,ND,Hillsboro,commercial_tenant_improvement,building,City of Hillsboro Planning & Zoning / Building Inspector,City of Hillsboro Planning & Zoning / Building Inspector,local,True
us-nd-horace__commercial__commercial_tenant_improvement__building,ND,Horace,commercial_tenant_improvement,building,City of Horace,City of Horace,local,True
us-nd-jamestown__commercial__commercial_tenant_improvement__building,ND,Jamestown,commercial_tenant_improvement,building,Jamestown,Jamestown,local,True
us-nd-kenmare__commercial__commercial_tenant_improvement__building,ND,Kenmare,commercial_tenant_improvement,building,City of Kenmare Planning & Zoning / Ward County Building Inspector,City of Kenmare Planning & Zoning / Ward County Building Inspector,county_administered,True
us-nd-lamoure_city__commercial__commercial_tenant_improvement__building,ND,Lamoure City,commercial_tenant_improvement,building,City of LaMoure Building Department,City of LaMoure Building Department,local,True
us-nd-lincoln__commercial__commercial_tenant_improvement__building,ND,Lincoln,commercial_tenant_improvement,building,Burleigh County Building/Planning/Zoning Department; NDSEB electrical inspections and ND Fire Marshal fire-protection specialty routes when applicable,Burleigh County Building/Planning/Zoning Department; NDSEB electrical inspections and ND Fire Marshal fire-protection specialty routes when applicable,county_administered,True
us-nd-lincoln__commercial__commercial_tenant_improvement__building,ND,Lincoln,commercial_tenant_improvement,electrical,Burleigh County Building/Planning/Zoning Department; NDSEB electrical inspections and ND Fire Marshal fire-protection specialty routes when applicable,Burleigh County Building/Planning/Zoning Department; NDSEB electrical inspections and ND Fire Marshal fire-protection specialty routes when applicable,county_administered,True
us-nd-lincoln__commercial__commercial_tenant_improvement__building,ND,Lincoln,commercial_tenant_improvement,fire,Burleigh County Building/Planning/Zoning Department; NDSEB electrical inspections and ND Fire Marshal fire-protection specialty routes when applicable,Burleigh County Building/Planning/Zoning Department; NDSEB electrical inspections and ND Fire Marshal fire-protection specialty routes when applicable,county_administered,True
us-nd-lincoln__commercial__commercial_tenant_improvement__building,ND,Lincoln,commercial_tenant_improvement,mechanical,Burleigh County Building/Planning/Zoning Department; NDSEB electrical inspections and ND Fire Marshal fire-protection specialty routes when applicable,Burleigh County Building/Planning/Zoning Department; NDSEB electrical inspections and ND Fire Marshal fire-protection specialty routes when applicable,county_administered,True
us-nd-lincoln__commercial__commercial_tenant_improvement__building,ND,Lincoln,commercial_tenant_improvement,occupancy,Burleigh County Building/Planning/Zoning Department; NDSEB electrical inspections and ND Fire Marshal fire-protection specialty routes when applicable,Burleigh County Building/Planning/Zoning Department; NDSEB electrical inspections and ND Fire Marshal fire-protection specialty routes when applicable,county_administered,True
us-nd-lincoln__commercial__commercial_tenant_improvement__building,ND,Lincoln,commercial_tenant_improvement,plumbing,Burleigh County Building/Planning/Zoning Department; NDSEB electrical inspections and ND Fire Marshal fire-protection specialty routes when applicable,Burleigh County Building/Planning/Zoning Department; NDSEB electrical inspections and ND Fire Marshal fire-protection specialty routes when applicable,county_administered,True
us-nd-lincoln__commercial__commercial_tenant_improvement__building,ND,Lincoln,commercial_tenant_improvement,zoning,Burleigh County Building/Planning/Zoning Department; NDSEB electrical inspections and ND Fire Marshal fire-protection specialty routes when applicable,Burleigh County Building/Planning/Zoning Department; NDSEB electrical inspections and ND Fire Marshal fire-protection specialty routes when applicable,county_administered,True
us-nd-mandan__commercial__commercial_tenant_improvement__building,ND,Mandan,commercial_tenant_improvement,building,City of Mandan,City of Mandan,local,True
us-nd-mckenzie_county__commercial__commercial_tenant_improvement__building,ND,Mckenzie County,commercial_tenant_improvement,building,Mckenzie County official building/permit authority,Mckenzie County official building/permit authority,local,True
us-nd-minot__commercial__commercial_tenant_improvement__building,ND,Minot,commercial_tenant_improvement,building,City of Minot,City of Minot,local,True
us-nd-morton_county__commercial__commercial_tenant_improvement__building,ND,Morton County,commercial_tenant_improvement,building,Morton County permitting authority,Morton County permitting authority,local,True
us-nd-mountrail_county__commercial__commercial_tenant_improvement__building,ND,Mountrail County,commercial_tenant_improvement,building,Mountrail County,Mountrail County,local,True
us-nd-oakes__commercial__commercial_tenant_improvement__building,ND,Oakes,commercial_tenant_improvement,building,City of Oakes Building Department,City of Oakes Building Department,local,True
us-nd-reiles_acres__commercial__commercial_tenant_improvement__building,ND,Reiles Acres,commercial_tenant_improvement,building,City of Reile's Acres Building Department,City of Reile's Acres Building Department,local_or_official_source_backed,True
us-nd-stanley__commercial__commercial_tenant_improvement__building,ND,Stanley,commercial_tenant_improvement,building,City of Stanley Building Department,City of Stanley Building Department,local,True
us-nd-tioga__commercial__commercial_tenant_improvement__building,ND,Tioga,commercial_tenant_improvement,building,City of Tioga Building Department,City of Tioga Building Department,local,True
us-nd-valley_city__commercial__commercial_tenant_improvement__building,ND,Valley City,commercial_tenant_improvement,building,City of Valley City Building/Fire Inspector / Midwest Inspection Services,City of Valley City Building/Fire Inspector / Midwest Inspection Services,city_delegated_third_party_building_inspection_with_state_trade_boards,True
us-nd-wahpeton__commercial__commercial_tenant_improvement__building,ND,Wahpeton,commercial_tenant_improvement,building,City of Wahpeton,City of Wahpeton,local,True
us-nd-ward_county__commercial__commercial_tenant_improvement__building,ND,Ward County,commercial_tenant_improvement,building,Ward County,Ward County,local,True
us-nd-watford_city__commercial__commercial_tenant_improvement__building,ND,Watford City,commercial_tenant_improvement,building,City of Watford City,City of Watford City,local,True
us-nd-west_fargo__commercial__commercial_tenant_improvement__building,ND,West Fargo,commercial_tenant_improvement,building,City of West Fargo,City of West Fargo,local,True
us-nd-williams_county__commercial__commercial_tenant_improvement__building,ND,Williams County,commercial_tenant_improvement,building,Williams County,Williams County,local,True
us-nd-williston__commercial__commercial_tenant_improvement__building,ND,Williston,commercial_tenant_improvement,building,City of Williston,City of Williston,local,True
us-ne-atkinson__commercial__commercial_tenant_improvement__building,NE,Atkinson,commercial_tenant_improvement,building,City of Atkinson,City of Atkinson,local,True
us-ne-bellevue__commercial__commercial_tenant_improvement__building,NE,Bellevue,commercial_tenant_improvement,building,City of Bellevue Permits and Inspections,City of Bellevue Permits and Inspections,local,True
us-ne-blair__commercial__commercial_tenant_improvement__building,NE,Blair,commercial_tenant_improvement,building,City of Blair Building Permits,City of Blair Building Permits,local,True
us-ne-cambridge__commercial__commercial_tenant_improvement__building,NE,Cambridge,commercial_tenant_improvement,building,"City of Cambridge City Clerk / Building Inspector, with Nebraska State Fire Marshal/NSED conditional routes where scoped",City of Cambridge City Clerk / Building Inspector,local,True
us-ne-columbus__commercial__commercial_tenant_improvement__building,NE,Columbus,commercial_tenant_improvement,building,City of Columbus Community Development,City of Columbus Community Development,local,True
us-ne-columbus__commercial__commercial_tenant_improvement__building,NE,Columbus,commercial_tenant_improvement,zoning,City of Columbus Community Development,City of Columbus Community Development,local,True
us-ne-david_city__commercial__commercial_tenant_improvement__building,NE,David City,commercial_tenant_improvement,building,City of David City Building Department,City of David City Building Department with Nebraska State Fire Marshal specialty review/occupancy routes when applicable,local,True
us-ne-fillmore_county__commercial__commercial_tenant_improvement__building,NE,Fillmore County,commercial_tenant_improvement,building,Fillmore County,Fillmore County,county,True
us-ne-firth__commercial__commercial_tenant_improvement__building,NE,Firth,commercial_tenant_improvement,building,Village of Firth Building Codes/Permit Info,Village of Firth Building Codes/Permit Info,local,True
us-ne-fremont__commercial__commercial_tenant_improvement__building,NE,Fremont,commercial_tenant_improvement,building,Fremont,City of Fremont Building Permits and Inspections,local,True
us-ne-grand_island__commercial__commercial_tenant_improvement__building,NE,Grand Island,commercial_tenant_improvement,building,City of Grand Island Building Services,City of Grand Island Building Services,local,True
us-ne-gretna__commercial__commercial_tenant_improvement__building,NE,Gretna,commercial_tenant_improvement,building,City of Gretna Building Department,City of Gretna Building Department,local,True
us-ne-hastings__commercial__commercial_tenant_improvement__building,NE,Hastings,commercial_tenant_improvement,building,City of Hastings Development Services,City of Hastings Development Services,local,True
us-ne-kearney__commercial__commercial_tenant_improvement__building,NE,Kearney,commercial_tenant_improvement,building,City of Kearney Building Services,City of Kearney Building Services with Nebraska State Fire Marshal specialty review routes as applicable,local,True
us-ne-la_vista__commercial__commercial_tenant_improvement__building,NE,La Vista,commercial_tenant_improvement,building,City of La Vista Community Development Building Department,City of La Vista Community Development Building Department,local,True
us-ne-la_vista__commercial__commercial_tenant_improvement__building,NE,La Vista,commercial_tenant_improvement,electrical,City of La Vista Community Development Building Department,City of La Vista Community Development Building Department,local,True
us-ne-la_vista__commercial__commercial_tenant_improvement__building,NE,La Vista,commercial_tenant_improvement,fire,City of La Vista Community Development Building Department,City of La Vista Community Development Building Department,local,True
us-ne-la_vista__commercial__commercial_tenant_improvement__building,NE,La Vista,commercial_tenant_improvement,mechanical,City of La Vista Community Development Building Department,City of La Vista Community Development Building Department,local,True
us-ne-la_vista__commercial__commercial_tenant_improvement__building,NE,La Vista,commercial_tenant_improvement,occupancy,City of La Vista Community Development Building Department,City of La Vista Community Development Building Department,local,True
us-ne-la_vista__commercial__commercial_tenant_improvement__building,NE,La Vista,commercial_tenant_improvement,plumbing,City of La Vista Community Development Building Department,City of La Vista Community Development Building Department,local,True
us-ne-lexington__commercial__commercial_tenant_improvement__building,NE,Lexington,commercial_tenant_improvement,building,City of Lexington Building Permits,City of Lexington Building Permits,local,True
us-ne-lincoln__commercial__commercial_tenant_improvement__building,NE,Lincoln,commercial_tenant_improvement,building,City of Lincoln Planning and Development Services,City of Lincoln Planning and Development Services,local,True
us-ne-north_platte__commercial__commercial_tenant_improvement__building,NE,North Platte,commercial_tenant_improvement,building,City of North Platte Building and Inspection Department,City of North Platte Building and Inspection Department,local,True
us-ne-omaha__commercial__commercial_tenant_improvement__building,NE,Omaha,commercial_tenant_improvement,building,City of Omaha Planning Department - Permits and Inspections,City of Omaha Planning Department - Permits and Inspections,local,True
us-ne-papillion__commercial__commercial_tenant_improvement__building,NE,Papillion,commercial_tenant_improvement,building,City of Papillion Building and Fire Safety,City of Papillion Building and Fire Safety,local,True
ne-run3run4-next10-09-us_ne_plattsmouth-residential-building,NE,Plattsmouth,residential_remodel,building,Permit office,Permit office,local,True
ne-run3run4-next10-03-us_ne_ralston-residential-building,NE,Ralston,residential_remodel,building,Permit office,Permit office,local,True
ne-run3run4-next10-07-schuyler-residential-building,NE,Schuyler,residential_remodel,building,Permit office,Permit office,local,True
us-ne-scottsbluff__commercial__commercial_tenant_improvement__building,NE,Scottsbluff,commercial_tenant_improvement,building,City of Scottsbluff Development Services,City of Scottsbluff Development Services,local,True
us-ne-scottsbluff__commercial__commercial_tenant_improvement__building,NE,Scottsbluff,commercial_tenant_improvement,zoning,City of Scottsbluff Development Services,City of Scottsbluff Development Services,local,True
ne-run3run4-next10-01-us_ne_seward_city-residential-building,NE,Seward City,residential_remodel,building,Permit office,Permit office,local,True
us-ne-sidney__commercial__commercial_tenant_improvement__building,NE,Sidney,commercial_tenant_improvement,building,Sidney,City of Sidney Building Department,local,True
us-ne-south_sioux_city__commercial__commercial_tenant_improvement__building,NE,South Sioux City,commercial_tenant_improvement,building,City of South Sioux City Inspection and Zoning Services,City of South Sioux City Inspection and Zoning Services,local,True
ne-run3run4-next10-10-us_ne_wahoo_city-residential-building,NE,Wahoo City,residential_remodel,building,Permit office,Permit office,local,True
us-ne-waverly__commercial__commercial_tenant_improvement__building,NE,Waverly,commercial_tenant_improvement,building,City of Waverly Building & Zoning,City of Waverly Building & Zoning,local,True
ne-run3run4-next10-02-us_ne_wayne_city-residential-building,NE,Wayne City,residential_remodel,building,Permit office,Permit office,local,True
us-ne-wilber__commercial__commercial_tenant_improvement__building,NE,Wilber,commercial_tenant_improvement,building,City of Wilber,City of Wilber,local,True
us-ne-york__commercial__commercial_tenant_improvement__building,NE,York,commercial_tenant_improvement,building,City of York Building & Zoning,City of York Building & Zoning,local,True
us-nh-amherst__commercial__commercial_tenant_improvement__building,NH,Amherst,commercial_tenant_improvement,building,Town of Amherst Building Official,Town of Amherst Building Official,local,True
us-nh-atkinson__commercial__commercial_tenant_improvement__building,NH,Atkinson,commercial_tenant_improvement,building,Atkinson official building/permit authority,Atkinson official building/permit authority,local,True
us-nh-auburn__commercial__commercial_tenant_improvement__building,NH,Auburn,commercial_tenant_improvement,building,Auburn Building Department,Auburn Building Department,local,True
us-nh-barrington__commercial__commercial_tenant_improvement__building,NH,Barrington,commercial_tenant_improvement,building,Town of Barrington Building Inspector,Town of Barrington Building Inspector,local,True
us-nh-bedford__commercial__commercial_tenant_improvement__building,NH,Bedford,commercial_tenant_improvement,building,Town of Bedford Building Department,Town of Bedford Building Department,local,True
us-nh-berlin__commercial__commercial_tenant_improvement__building,NH,Berlin,commercial_tenant_improvement,building,Berlin Building Department,Berlin Building Department,local,True
us-nh-berlin__commercial__commercial_tenant_improvement__building,NH,Berlin,commercial_tenant_improvement,electrical,Berlin Building Department,Berlin Building Department,local,True
us-nh-berlin__commercial__commercial_tenant_improvement__building,NH,Berlin,commercial_tenant_improvement,mechanical,Berlin Building Department,Berlin Building Department,local,True
us-nh-berlin__commercial__commercial_tenant_improvement__building,NH,Berlin,commercial_tenant_improvement,plumbing,Berlin Building Department,Berlin Building Department,local,True
us-nh-brentwood__commercial__commercial_tenant_improvement__building,NH,Brentwood,commercial_tenant_improvement,building,NH|us-nh-brentwood|city|Brentwood Building Department,NH|us-nh-brentwood|city|Brentwood Building Department,local,True
us-nh-candia__commercial__commercial_tenant_improvement__building,NH,Candia,commercial_tenant_improvement,building,Candia,Candia,local,True
us-nh-chester__commercial__commercial_tenant_improvement__building,NH,Chester,commercial_tenant_improvement,building,NH|us-nh-chester|city|Chester Building Department,NH|us-nh-chester|city|Chester Building Department,local,True
us-nh-claremont__commercial__commercial_tenant_improvement__building,NH,Claremont,commercial_tenant_improvement,building,Claremont Code Enforcement,Claremont Code Enforcement,local,True
us-nh-concord__commercial__commercial_tenant_improvement__building,NH,Concord,commercial_tenant_improvement,building,Concord Building Safety Division,Concord Building Safety Division,local,True
us-nh-concord__commercial__commercial_tenant_improvement__building,NH,Concord,commercial_tenant_improvement,electrical,Concord Building Safety Division,Concord Building Safety Division,local,True
us-nh-concord__commercial__commercial_tenant_improvement__building,NH,Concord,commercial_tenant_improvement,mechanical,Concord Building Safety Division,Concord Building Safety Division,local,True
us-nh-concord__commercial__commercial_tenant_improvement__building,NH,Concord,commercial_tenant_improvement,occupancy,Concord Building Safety Division,Concord Building Safety Division,local,True
us-nh-concord__commercial__commercial_tenant_improvement__building,NH,Concord,commercial_tenant_improvement,plumbing,Concord Building Safety Division,Concord Building Safety Division,local,True
us-nh-derry__commercial__commercial_tenant_improvement__building,NH,Derry,commercial_tenant_improvement,building,Derry Code Enforcement Building Division,Derry Code Enforcement Building Division,local,True
us-nh-dover__commercial__commercial_tenant_improvement__building,NH,Dover,commercial_tenant_improvement,building,Dover Planning & Inspection Services,Dover Planning & Inspection Services,local,True
us-nh-durham__commercial__commercial_tenant_improvement__building,NH,Durham,commercial_tenant_improvement,building,Town of Durham Code Enforcement Officer,Town of Durham Code Enforcement Officer,local,True
us-nh-epping__commercial__commercial_tenant_improvement__building,NH,Epping,commercial_tenant_improvement,building,Epping official building/permit authority,Epping official building/permit authority,local,True
us-nh-franklin__commercial__commercial_tenant_improvement__building,NH,Franklin,commercial_tenant_improvement,building,Franklin Building Department,Franklin Building Department,local,True
us-nh-fremont__commercial__commercial_tenant_improvement__building,NH,Fremont,commercial_tenant_improvement,building,NH|us-nh-fremont|city|Fremont Building Department,NH|us-nh-fremont|city|Fremont Building Department,local,True
us-nh-gilsum__commercial__commercial_tenant_improvement__building,NH,Gilsum,commercial_tenant_improvement,building,Town of Gilsum Building Inspector,Town of Gilsum Building Inspector,local,True
us-nh-greenland__commercial__commercial_tenant_improvement__building,NH,Greenland,commercial_tenant_improvement,building,Town of Greenland Building Inspector,Town of Greenland Building Inspector,local,True
us-nh-hampstead__commercial__commercial_tenant_improvement__building,NH,Hampstead,commercial_tenant_improvement,building,Hampstead,Hampstead,local,True
us-nh-hampton_falls__commercial__commercial_tenant_improvement__building,NH,Hampton Falls,commercial_tenant_improvement,building,Town of Hampton Falls Code Enforcement,Town of Hampton Falls Code Enforcement,local,True
us-nh-holderness__commercial__commercial_tenant_improvement__building,NH,Holderness,commercial_tenant_improvement,building,Town of Holderness Building/Code Enforcement,Town of Holderness Building/Code Enforcement,local,True
us-nh-keene__commercial__commercial_tenant_improvement__building,NH,Keene,commercial_tenant_improvement,building,Keene Community Development Building Division,Keene Community Development Building Division,local,True
us-nh-laconia__commercial__commercial_tenant_improvement__building,NH,Laconia,commercial_tenant_improvement,building,Laconia Code Enforcement Building Division,Laconia Code Enforcement Building Division,local,True
us-nh-lebanon__commercial__commercial_tenant_improvement__building,NH,Lebanon,commercial_tenant_improvement,building,Lebanon Building Division,Lebanon Building Division,local,True
us-nh-londonderry__commercial__commercial_tenant_improvement__building,NH,Londonderry,commercial_tenant_improvement,building,Londonderry,Londonderry,local,True
us-nh-manchester__commercial__commercial_tenant_improvement__building,NH,Manchester,commercial_tenant_improvement,building,Manchester Building Safety Division,Manchester Building Safety Division,local,True
us-nh-nashua__commercial__commercial_tenant_improvement__building,NH,Nashua,commercial_tenant_improvement,building,Nashua Building Safety Department,Nashua Building Safety Department,local,True
us-nh-newmarket__commercial__commercial_tenant_improvement__building,NH,Newmarket,commercial_tenant_improvement,building,Newmarket,Newmarket,local,True
us-nh-plaistow__commercial__commercial_tenant_improvement__building,NH,Plaistow,commercial_tenant_improvement,building,Plaistow official building/permit authority,Plaistow official building/permit authority,local,True
us-nh-portsmouth__commercial__commercial_tenant_improvement__building,NH,Portsmouth,commercial_tenant_improvement,building,Portsmouth Inspection Services,Portsmouth Inspection Services,local,True
us-nh-raymond__commercial__commercial_tenant_improvement__building,NH,Raymond,commercial_tenant_improvement,building,Town of Raymond Building and Health Department / Raymond Fire Department / Planning Board as applicable,Town of Raymond Building and Health Department / Raymond Fire Department / Raymond Planning Board,local_building_health_fire_and_planning_authority_official_source_backed,True
us-nh-rochester__commercial__commercial_tenant_improvement__building,NH,Rochester,commercial_tenant_improvement,building,Rochester Building & Licensing Services,Rochester Building & Licensing Services,local,True
us-nh-salem__commercial__commercial_tenant_improvement__building,NH,Salem,commercial_tenant_improvement,building,Salem Inspectional Services Division,Salem Inspectional Services Division,local,True
us-nh-salisbury__commercial__commercial_tenant_improvement__building,NH,Salisbury,commercial_tenant_improvement,building,Town of Salisbury Building Inspector,Town of Salisbury Building Inspector,local,True
us-nh-sandown__commercial__commercial_tenant_improvement__building,NH,Sandown,commercial_tenant_improvement,building,Town of Sandown Building Department,Town of Sandown Building Department,local,True
us-nh-seabrook__commercial__commercial_tenant_improvement__building,NH,Seabrook,commercial_tenant_improvement,building,Seabrook official building/permit authority,Seabrook official building/permit authority,local,True
us-nh-somersworth__commercial__commercial_tenant_improvement__building,NH,Somersworth,commercial_tenant_improvement,building,Somersworth Code Enforcement Building Division,Somersworth Code Enforcement Building Division,local,True
us-nh-stratham__commercial__commercial_tenant_improvement__building,NH,Stratham,commercial_tenant_improvement,building,Town of Stratham Building Department & Code Enforcement,Town of Stratham Building Department & Code Enforcement,local_town_building_code_enforcement,True
us-nh-windham__commercial__commercial_tenant_improvement__building,NH,Windham,commercial_tenant_improvement,building,Windham Building Safety Division,Windham Building Safety Division,local,True
us-nj-bayonne_city__commercial__commercial_tenant_improvement__building,NJ,Bayonne City,commercial_tenant_improvement,building,Bayonne City Building Department,Bayonne City Building Department,local,True
us-nj-berkeley_twp__residential__building_construction_permit,NJ,Berkeley Twp,residential_remodel,building,Permit office,Permit office,local,True
us-nj-bloomfield_twp__residential__building_construction_permit,NJ,Bloomfield Twp,residential_remodel,building,Permit office,Permit office,local,True
us-nj-brick_twp__commercial__commercial_tenant_improvement__building,NJ,Brick Twp,commercial_tenant_improvement,building,Brick Township Division of Inspections (Construction Official),Brick Township Division of Inspections,local,True
us-nj-bridgewater_twp__residential__building_construction_permit,NJ,Bridgewater Twp,residential_remodel,building,Permit office,Permit office,local,True
us-nj-camden_city__commercial__commercial_tenant_improvement__building,NJ,Camden City,commercial_tenant_improvement,building,Camden City Construction & Building Bureau (Construction Official: James Rizzo),Camden City Construction & Building Bureau,local,True
us-nj-cherry_hill_twp__commercial__commercial_tenant_improvement__building,NJ,Cherry Hill Twp,commercial_tenant_improvement,building,Cherry Hill Township Office of Code Enforcement,Cherry Hill Township Office of Code Enforcement,local,True
us-nj-clifton_city__commercial__commercial_tenant_improvement__building,NJ,Clifton City,commercial_tenant_improvement,building,Clifton Building Department,Clifton Building Department,local,True
us-nj-east_brunswick_twp__residential__building_construction_permit,NJ,East Brunswick Twp,residential_remodel,building,Permit office,Permit office,local,True
us-nj-east_orange_city__commercial__commercial_tenant_improvement__building,NJ,East Orange City,commercial_tenant_improvement,building,East Orange Building Division (Construction Official),East Orange Building Division,local,True
us-nj-edison_twp__commercial__commercial_tenant_improvement__building,NJ,Edison Twp,commercial_tenant_improvement,building,Township of Edison Division of Construction Code Enforcement (Department of Planning and Engineering),Township of Edison Division of Construction Code Enforcement,local,True
us-nj-egg_harbor_twp__residential__building_construction_permit,NJ,Egg Harbor Twp,residential_remodel,building,Permit office,Permit office,local,True
us-nj-elizabeth_city__commercial__commercial_tenant_improvement__building,NJ,Elizabeth City,commercial_tenant_improvement,building,City of Elizabeth Bureau of Construction,City of Elizabeth Bureau of Construction,local,True
us-nj-evesham_twp__residential__building_construction_permit,NJ,Evesham Twp,residential_remodel,building,Permit office,Permit office,local,True
us-nj-franklin_twp_somerset__commercial__commercial_tenant_improvement__building,NJ,Franklin Twp Somerset,commercial_tenant_improvement,building,Franklin Twp Construction Office,Franklin Twp Construction Office,local,True
us-nj-gloucester_twp__commercial__commercial_tenant_improvement__building,NJ,Gloucester Twp,commercial_tenant_improvement,building,Gloucester Twp Community Development and Planning,Gloucester Twp Community Development and Planning,local,True
us-nj-hackensack_city__residential__building_construction_permit,NJ,Hackensack City,residential_remodel,building,Permit office,Permit office,local,True
us-nj-hamilton_twp_mercer__commercial__commercial_tenant_improvement__building,NJ,Hamilton Twp Mercer,commercial_tenant_improvement,building,Hamilton Township Division of Inspections,Hamilton Township Division of Inspections,local,True
us-nj-hoboken_city__commercial__commercial_tenant_improvement__building,NJ,Hoboken City,commercial_tenant_improvement,building,Hoboken City Construction Code Office,Hoboken City Construction Code Office,local,True
us-nj-howell_twp__residential__building_construction_permit,NJ,Howell Twp,residential_remodel,building,Permit office,Permit office,local,True
us-nj-irvington_twp__commercial__commercial_tenant_improvement__building,NJ,Irvington Twp,commercial_tenant_improvement,building,Irvington Twp Building & Construction Department,Irvington Twp Building & Construction Department,local,True
us-nj-jackson_twp__commercial__commercial_tenant_improvement__building,NJ,Jackson Twp,commercial_tenant_improvement,building,Jackson Twp Construction & Inspection,Jackson Twp Construction & Inspection,local,True
us-nj-jersey_city__commercial__commercial_tenant_improvement__building,NJ,Jersey City,commercial_tenant_improvement,building,"Division of the Construction Code Official, City of Jersey City",Jersey City Division of Construction Code Official,local,True
us-nj-lakewood_twp__commercial__commercial_tenant_improvement__building,NJ,Lakewood Twp,commercial_tenant_improvement,building,Township of Lakewood Building Department / Inspections & Construction Division,Township of Lakewood Inspections & Construction Division,local,True
us-nj-manchester_twp__residential__building_construction_permit,NJ,Manchester Twp,residential_remodel,building,Permit office,Permit office,local,True
us-nj-middletown_twp__commercial__commercial_tenant_improvement__building,NJ,Middletown Twp,commercial_tenant_improvement,building,Middletown Twp Building & Inspection,Middletown Twp Building & Inspection,local,True
us-nj-monroe_twp_middlesex__residential__building_construction_permit,NJ,Monroe Twp Middlesex,residential_remodel,building,Permit office,Permit office,local,True
us-nj-new_brunswick_city__commercial__commercial_tenant_improvement__building,NJ,New Brunswick City,commercial_tenant_improvement,building,New Brunswick City Construction Department,New Brunswick City Construction Department,local,True
us-nj-newark_city__commercial__commercial_tenant_improvement__building,NJ,Newark City,commercial_tenant_improvement,building,City of Newark Office of Uniform Construction Code (UCC) / Building Division,City of Newark Building Division,local,True
us-nj-north_bergen_twp__commercial__commercial_tenant_improvement__building,NJ,North Bergen Twp,commercial_tenant_improvement,building,North Bergen Twp Code Enforcement,North Bergen Twp Code Enforcement,local,True
us-nj-old_bridge_twp__commercial__commercial_tenant_improvement__building,NJ,Old Bridge Twp,commercial_tenant_improvement,building,Old Bridge Township Division of Code Enforcement / Building Permit Department,Old Bridge Township Building Permit Department / Division of Code Enforcement,local_ucc_enforcing_agency_with_state_ucc_forms_and_local_zoning_processing,True
us-nj-parsippany_troy_hills_twp__commercial__commercial_tenant_improvement__building,NJ,Parsippany Troy Hills Twp,commercial_tenant_improvement,building,Parsippany-Troy Hills Twp Building & Construction,Parsippany-Troy Hills Twp Building & Construction,local,True
us-nj-passaic_city__commercial__commercial_tenant_improvement__building,NJ,Passaic City,commercial_tenant_improvement,building,Passaic City,Passaic City Construction Office,local,True
us-nj-paterson_city__commercial__commercial_tenant_improvement__building,NJ,Paterson City,commercial_tenant_improvement,building,City of Paterson Division of Community Improvements / UCC Construction Division,City of Paterson Division of Community Improvements,local,True
us-nj-perth_amboy_city__commercial__commercial_tenant_improvement__building,NJ,Perth Amboy City,commercial_tenant_improvement,building,Perth Amboy City Code Enforcement,Perth Amboy City Code Enforcement,local,True
us-nj-piscataway_twp__commercial__commercial_tenant_improvement__building,NJ,Piscataway Twp,commercial_tenant_improvement,building,Piscataway Twp Building Division,Piscataway Twp Building Division,local,True
us-nj-toms_river_twp__commercial__commercial_tenant_improvement__building,NJ,Toms River Twp,commercial_tenant_improvement,building,Toms River Township Building Department,Toms River Township Building Department / Local Construction Code Enforcement Office,local,True
us-nj-trenton_city__commercial__commercial_tenant_improvement__building,NJ,Trenton City,commercial_tenant_improvement,building,Trenton Division of Technical Services (Construction Official),Trenton Division of Technical Services,local,True
us-nj-union_city__commercial__commercial_tenant_improvement__building,NJ,Union City,commercial_tenant_improvement,building,Union City Building Department,Union City Building Department,local,True
us-nj-union_twp_union__commercial__commercial_tenant_improvement__building,NJ,Union Twp Union,commercial_tenant_improvement,building,Union Twp Building Department,Union Twp Building Department,local,True
us-nj-vineland_city__commercial__commercial_tenant_improvement__building,NJ,Vineland City,commercial_tenant_improvement,building,Vineland City Uniform Construction Code Enforcement,Vineland City Uniform Construction Code Enforcement,local,True
us-nj-woodbridge_twp__commercial__commercial_tenant_improvement__building,NJ,Woodbridge Twp,commercial_tenant_improvement,building,Woodbridge Township Building Department,Woodbridge Township Building Department,local,True
us-nm-alamogordo__commercial__commercial_tenant_improvement__building,NM,Alamogordo,commercial_tenant_improvement,building,New Mexico Construction Industries Division,City of Alamogordo Planning & Zoning then New Mexico Construction Industries Division,state_administered,True
us-nm-albuquerque__commercial__commercial_tenant_improvement__building,NM,Albuquerque,commercial_tenant_improvement,building,City of Albuquerque Building Safety Division,City of Albuquerque Building Safety Division,local,True
us-nm-artesia__commercial__commercial_tenant_improvement__building,NM,Artesia,commercial_tenant_improvement,building,City of Artesia Building Inspection,City of Artesia Building Inspection,local,True
us-nm-aztec__commercial__commercial_tenant_improvement__building,NM,Aztec,commercial_tenant_improvement,building,"City of Aztec Community Development with San Juan County Building Division / San Juan County Fire Marshal / New Mexico statewide legal authority as source-backed partner authorities for building, trade, fire, and occupancy lanes",City of Aztec Community Development / San Juan County Building Division,local,True
us-nm-bernalillo_county__commercial__commercial_tenant_improvement__building,NM,Bernalillo County,commercial_tenant_improvement,building,Bernalillo County Planning and Development Services,Bernalillo County Planning and Development Services,local,True
us-nm-bernalillo_town__commercial__commercial_tenant_improvement__building,NM,Bernalillo Town,commercial_tenant_improvement,building,New Mexico Construction Industries Division / Town review,NM CID plus Town of Bernalillo Planning & Zoning forms,state_administered_with_local_zoning,True
us-nm-bloomfield__commercial__commercial_tenant_improvement__building,NM,Bloomfield,commercial_tenant_improvement,building,City of Bloomfield Planning and Zoning,City of Bloomfield Planning and Zoning,local,True
us-nm-carlsbad__commercial__commercial_tenant_improvement__building,NM,Carlsbad,commercial_tenant_improvement,building,"City of Carlsbad Planning, Engineering, and Regulation",City of Carlsbad / Tyler SelfService,third_party,True
us-nm-chaves_county__commercial__commercial_tenant_improvement__building,NM,Chaves County,commercial_tenant_improvement,building,Chaves County Planning & Zoning / Chaves County iWorQ; NMCID for electrical; NM State Fire Marshal/fire AHJ as applicable; municipal AHJ by project address,Chaves County Planning & Zoning/iWorQ for county building/mechanical-plumbing; NMCID for county electrical; NM State Fire Marshal/fire AHJ for fire protection/life safety; municipal AHJ such as Roswell by address.,mixed_county_state_municipal_address_and_trade_dependent,True
us-nm-cibola_county__commercial__commercial_tenant_improvement__building,NM,Cibola County,commercial_tenant_improvement,building,New Mexico Construction Industries Division,NM CID,state_administered,True
us-nm-cid_state__commercial__commercial_tenant_improvement__building,NM,Cid State,commercial_tenant_improvement,building,New Mexico Construction Industries Division,New Mexico Construction Industries Division,state_administered,True
us-nm-cid_state__commercial__commercial_tenant_improvement__building,NM,Cid State,commercial_tenant_improvement,zoning,New Mexico Construction Industries Division,New Mexico Construction Industries Division,state_administered,True
us-nm-clovis__commercial__commercial_tenant_improvement__building,NM,Clovis,commercial_tenant_improvement,building,City of Clovis Building Safety,City of Clovis Building Safety,local,True
us-nm-colfax_county__commercial__commercial_tenant_improvement__building,NM,Colfax County,commercial_tenant_improvement,building,NM CID,NM CID,state_administered,True
us-nm-corrales__commercial__commercial_tenant_improvement__building,NM,Corrales,commercial_tenant_improvement,building,Village of Corrales Building Official,Village of Corrales Planning and Zoning / Building Official,local,True
us-nm-deming__commercial__commercial_tenant_improvement__building,NM,Deming,commercial_tenant_improvement,building,City of Deming Building Permit Application and Planning & Zoning; NM CID for state construction code route,City of Deming Building Permit Application and Planning & Zoning; NM CID for state construction code route,mixed,True
us-nm-dona_ana_county__commercial__commercial_tenant_improvement__building,NM,Dona Ana County,commercial_tenant_improvement,building,Doña Ana County Building Services Division,Doña Ana County Building Services Division,local,True
us-nm-eddy_county__commercial__commercial_tenant_improvement__building,NM,Eddy County,commercial_tenant_improvement,building,New Mexico Construction Industries Division,New Mexico Construction Industries Division / Eddy County Planning & Development / New Mexico State Fire Marshal as applicable,state_administered_with_local_planning_and_fire_life_safety_routes,True
us-nm-elephant_butte__commercial__commercial_tenant_improvement__building,NM,Elephant Butte,commercial_tenant_improvement,building,New Mexico Construction Industries Division,NM CID,state_administered,True
us-nm-espanola__commercial__commercial_tenant_improvement__building,NM,Espanola,commercial_tenant_improvement,building,City of Espanola Planning and Land Use zoning/site development then New Mexico CID,City of Espanola Planning and Land Use zoning/site development then New Mexico CID,state_administered,True
us-nm-farmington__commercial__commercial_tenant_improvement__building,NM,Farmington,commercial_tenant_improvement,building,City of Farmington Building Inspection,City of Farmington Building Inspection,local,True
us-nm-gallup__commercial__commercial_tenant_improvement__building,NM,Gallup,commercial_tenant_improvement,building,City of Gallup Planning and Development Department,City of Gallup Planning and Development Department; trade permits route to New Mexico CID,mixed,True
us-nm-grant_county__commercial__commercial_tenant_improvement__building,NM,Grant County,commercial_tenant_improvement,building,New Mexico Construction Industries Division (Las Cruces office) with Grant County floodplain prerequisite,New Mexico Construction Industries Division (Las Cruces office) with Grant County floodplain prerequisite,state_administered,True
us-nm-hobbs__commercial__commercial_tenant_improvement__building,NM,Hobbs,commercial_tenant_improvement,building,City of Hobbs Building Inspection Department / Building Safety and Permits,City of Hobbs Building Inspection Department / Building Safety and Permits,local,True
us-nm-las_cruces__commercial__commercial_tenant_improvement__building,NM,Las Cruces,commercial_tenant_improvement,building,City of Las Cruces Community Development,City of Las Cruces Community Development,local,True
us-nm-las_vegas_nm__commercial__commercial_tenant_improvement__building,NM,Las Vegas Nm,commercial_tenant_improvement,building,New Mexico Construction Industries Division,NM CID for state building permit; City of Las Vegas permits/applications for local zoning/floodplain/home-commercial documents,state_administered_with_local_zoning,True
us-nm-lea_county__commercial__commercial_tenant_improvement__building,NM,Lea County,commercial_tenant_improvement,building,New Mexico Construction Industries Division,New Mexico Construction Industries Division,state_administered,True
us-nm-los_alamos_county__commercial__commercial_tenant_improvement__building,NM,Los Alamos County,commercial_tenant_improvement,building,Incorporated County of Los Alamos Building Safety Division,Los Alamos County Building Safety Division; CID for electrical/plumbing/mechanical,mixed,True
us-nm-los_lunas__commercial__commercial_tenant_improvement__building,NM,Los Lunas,commercial_tenant_improvement,building,Village of Los Lunas Community Development / New Mexico CID,Village of Los Lunas Community Development plus NMCID structural/trade permits,mixed,True
us-nm-lovington__commercial__commercial_tenant_improvement__building,NM,Lovington,commercial_tenant_improvement,building,City of Lovington Planning and Zoning with NM CID required permitting overlay,City of Lovington Planning and Zoning with NM CID required permitting overlay,mixed,True
us-nm-mora_county__commercial__commercial_tenant_improvement__building,NM,Mora County,commercial_tenant_improvement,building,New Mexico Construction Industries Division,NM CID,state_administered,True
us-nm-otero_county__commercial__commercial_tenant_improvement__building,NM,Otero County,commercial_tenant_improvement,building,New Mexico Construction Industries Division,New Mexico Construction Industries Division,state_administered,True
us-nm-portales__commercial__commercial_tenant_improvement__building,NM,Portales,commercial_tenant_improvement,building,NM CID for building permit; City of Portales Planning & Zoning for resource/service permits,NM CID for building permit; City of Portales Planning & Zoning for resource/service permits,state_administered_with_local_planning,True
us-nm-rio_arriba_county__commercial__commercial_tenant_improvement__building,NM,Rio Arriba County,commercial_tenant_improvement,building,New Mexico Construction Industries Division for building; Rio Arriba County Planning & Zoning for development/land-use permit,NM CID plus Rio Arriba County Planning & Zoning development permit process,state_administered_with_county_development_permit,True
us-nm-rio_arriba_county__commercial__commercial_tenant_improvement__building,NM,Rio Arriba County,commercial_tenant_improvement,electrical,New Mexico Construction Industries Division for building; Rio Arriba County Planning & Zoning for development/land-use permit,NM CID plus Rio Arriba County Planning & Zoning development permit process,state_administered_with_county_development_permit,True
us-nm-rio_arriba_county__commercial__commercial_tenant_improvement__building,NM,Rio Arriba County,commercial_tenant_improvement,fire,New Mexico Construction Industries Division for building; Rio Arriba County Planning & Zoning for development/land-use permit,NM CID plus Rio Arriba County Planning & Zoning development permit process,state_administered_with_county_development_permit,True
us-nm-rio_arriba_county__commercial__commercial_tenant_improvement__building,NM,Rio Arriba County,commercial_tenant_improvement,mechanical,New Mexico Construction Industries Division for building; Rio Arriba County Planning & Zoning for development/land-use permit,NM CID plus Rio Arriba County Planning & Zoning development permit process,state_administered_with_county_development_permit,True
us-nm-rio_arriba_county__commercial__commercial_tenant_improvement__building,NM,Rio Arriba County,commercial_tenant_improvement,occupancy,New Mexico Construction Industries Division for building; Rio Arriba County Planning & Zoning for development/land-use permit,NM CID plus Rio Arriba County Planning & Zoning development permit process,state_administered_with_county_development_permit,True
us-nm-rio_arriba_county__commercial__commercial_tenant_improvement__building,NM,Rio Arriba County,commercial_tenant_improvement,plumbing,New Mexico Construction Industries Division for building; Rio Arriba County Planning & Zoning for development/land-use permit,NM CID plus Rio Arriba County Planning & Zoning development permit process,state_administered_with_county_development_permit,True
us-nm-rio_arriba_county__commercial__commercial_tenant_improvement__building,NM,Rio Arriba County,commercial_tenant_improvement,zoning,New Mexico Construction Industries Division for building; Rio Arriba County Planning & Zoning for development/land-use permit,NM CID plus Rio Arriba County Planning & Zoning development permit process,state_administered_with_county_development_permit,True
us-nm-rio_rancho__commercial__commercial_tenant_improvement__building,NM,Rio Rancho,commercial_tenant_improvement,building,City of Rio Rancho Building Division,City of Rio Rancho Building Division,local,True
us-nm-rio_rancho__commercial__commercial_tenant_improvement__building,NM,Rio Rancho,commercial_tenant_improvement,occupancy,City of Rio Rancho Building Division,City of Rio Rancho Building Division,local,True
us-nm-ruidoso__commercial__commercial_tenant_improvement__building,NM,Ruidoso,commercial_tenant_improvement,building,Village of Ruidoso Building Inspections,Village of Ruidoso Building Inspections,local,True
us-nm-san_juan_county__commercial__commercial_tenant_improvement__building,NM,San Juan County,commercial_tenant_improvement,building,San Juan County,San Juan County,local,True
us-nm-sandoval_county__commercial__commercial_tenant_improvement__building,NM,Sandoval County,commercial_tenant_improvement,building,New Mexico Construction Industries Division,New Mexico Construction Industries Division,state_administered,True
us-nm-santa_fe_city__commercial__commercial_tenant_improvement__building,NM,Santa Fe City,commercial_tenant_improvement,building,City of Santa Fe Land Use Department,City of Santa Fe Land Use Department,local,True
us-nm-santa_fe_city__commercial__commercial_tenant_improvement__building,NM,Santa Fe City,commercial_tenant_improvement,zoning,City of Santa Fe Land Use Department,City of Santa Fe Land Use Department,local,True
us-nm-santa_fe_county__commercial__commercial_tenant_improvement__building,NM,Santa Fe County,commercial_tenant_improvement,building,Santa Fe County Building and Development Services,Santa Fe County Building and Development Services,county,True
us-nm-silver_city__commercial__commercial_tenant_improvement__building,NM,Silver City,commercial_tenant_improvement,building,New Mexico Construction Industries Division,NM CID for state building permit; Town of Silver City Community Development for local permits/zoning/drainage,state_administered_with_local_zoning,True
us-nm-socorro_city__commercial__commercial_tenant_improvement__building,NM,Socorro City,commercial_tenant_improvement,building,New Mexico Construction Industries Division via City of Socorro local intake,New Mexico Construction Industries Division via City of Socorro local intake,state_administered,True
us-nm-socorro_county__commercial__commercial_tenant_improvement__building,NM,Socorro County,commercial_tenant_improvement,building,New Mexico Construction Industries Division,NM CID,state_administered,True
us-nm-sunland_park__commercial__commercial_tenant_improvement__building,NM,Sunland Park,commercial_tenant_improvement,building,New Mexico Construction Industries Division and City of Sunland Park Community Development,City of Sunland Park Community Development with NMCID building application,mixed,True
us-nm-taos_county__commercial__commercial_tenant_improvement__building,NM,Taos County,commercial_tenant_improvement,building,Taos County,Taos County,local,True
us-nm-taos_town__commercial__commercial_tenant_improvement__building,NM,Taos Town,commercial_tenant_improvement,building,Town of Taos Planning Community and Economic Development with NM CID building-permit overlay,Town of Taos Planning Community and Economic Development with NM CID building-permit overlay,mixed,True
us-nm-torrance_county__commercial__commercial_tenant_improvement__building,NM,Torrance County,commercial_tenant_improvement,building,Torrance County Planning & Zoning / New Mexico Construction Industries Division,Torrance County Planning & Zoning and NM CID,mixed,True
us-nm-tucumcari__commercial__commercial_tenant_improvement__building,NM,Tucumcari,commercial_tenant_improvement,building,New Mexico Construction Industries Division,"NM CID for building permits; City Community Development for Planning/Zoning, Floodplain, Site Plan Review signatures",state_administered_with_local_zoning,True
us-nm-valencia_county__commercial__commercial_tenant_improvement__building,NM,Valencia County,commercial_tenant_improvement,building,Valencia County Planning and Zoning,Valencia County Planning and Zoning,county,True
us-nv-boulder_city__commercial__commercial_tenant_improvement__building,NV,Boulder City,commercial_tenant_improvement,building,Boulder City Development Services / Building Division,Boulder City Development Services / Building Division,local,True
us-nv-caliente__commercial__commercial_tenant_improvement__building,NV,Caliente,commercial_tenant_improvement,building,City of Caliente Building Department,City of Caliente Building Department,local,True
us-nv-churchill_county__commercial__county_residential_commercial_building_work__building__v231,NV,Churchill County,residential_remodel,building,Permit office,Permit office,local,True
us-nv-clark_county__commercial__commercial_tenant_improvement__building,NV,Clark County,commercial_tenant_improvement,building,Clark County Building & Fire Prevention Department,Clark County Building & Fire Prevention Department,county,True
us-nv-douglas_county__commercial__commercial_tenant_improvement__building,NV,Douglas County,commercial_tenant_improvement,building,Douglas County Community Development / Building Division,Douglas County Community Development / Building Division,county,True
us-nv-elko__commercial__commercial_tenant_improvement__building,NV,Elko,commercial_tenant_improvement,building,City of Elko Building Department,City of Elko Building Department,local,True
us-nv-elko_county__commercial__commercial_tenant_improvement__building,NV,Elko County,commercial_tenant_improvement,building,Elko County Building and Safety Department,Elko County Building and Safety Department,county,True
us-nv-ely__commercial__commercial_tenant_improvement__building,NV,Ely,commercial_tenant_improvement,building,City of Ely Building Department,City of Ely Building Department,local,True
us-nv-enterprise__commercial__commercial_tenant_improvement__building,NV,Enterprise,commercial_tenant_improvement,building,Clark County Building & Fire Prevention Department,Clark County Building & Fire Prevention Department,county,True
us-nv-fernley__commercial__commercial_tenant_improvement__building,NV,Fernley,commercial_tenant_improvement,building,City of Fernley Building Department,City of Fernley Building Department,local,True
us-nv-henderson__commercial__commercial_tenant_improvement__building,NV,Henderson,commercial_tenant_improvement,building,City of Henderson Building and Fire Safety Department,City of Henderson Building and Fire Safety Department,local,True
us-nv-humboldt_county__commercial__county_residential_commercial_building_work__building__v231,NV,Humboldt County,residential_remodel,building,Permit office,Permit office,local,True
us-nv-indian_springs__commercial__commercial_tenant_improvement__building,NV,Indian Springs,commercial_tenant_improvement,building,Clark County Building & Fire Prevention Department,Clark County Building & Fire Prevention Department,county,True
us-nv-lander_county__commercial__commercial_tenant_improvement__building,NV,Lander County,commercial_tenant_improvement,building,Lander County Building Department,Lander County Building Department,county,True
us-nv-las_vegas__commercial__commercial_tenant_improvement__building,NV,Las Vegas,commercial_tenant_improvement,building,Las Vegas,Las Vegas,local,True
us-nv-lincoln_county__commercial__commercial_tenant_improvement__building,NV,Lincoln County,commercial_tenant_improvement,building,Lincoln County Planning and Building Department,Lincoln County Planning and Building Department,county,True
us-nv-lovelock__residential__residential_conventional_construction_trade_work__building_trade__v231,NV,Lovelock,residential_remodel,building,Permit office,Permit office,local,True
us-nv-lovelock__residential__residential_conventional_construction_trade_work__building_trade__v231,NV,Lovelock,residential_remodel,building_trade,Permit office,Permit office,local,True
us-nv-lyon_county__commercial__commercial_tenant_improvement__building,NV,Lyon County,commercial_tenant_improvement,building,Lyon County Building Department,Lyon County Building Department,county,True
us-nv-mesquite__commercial__commercial_tenant_improvement__building,NV,Mesquite,commercial_tenant_improvement,building,City of Mesquite Building Division,City of Mesquite Building Division,local,True
us-nv-mineral_county__commercial__commercial_tenant_improvement__building,NV,Mineral County,commercial_tenant_improvement,building,Mineral County Building Inspector,Mineral County Building Inspector,county,True
us-nv-moapa_valley__commercial__commercial_tenant_improvement__building,NV,Moapa Valley,commercial_tenant_improvement,building,Clark County Building & Fire Prevention Department,Clark County Building & Fire Prevention Department,county,True
us-nv-mt_charleston__commercial__commercial_tenant_improvement__building,NV,Mt Charleston,commercial_tenant_improvement,building,Clark County Building & Fire Prevention Department,Clark County Building & Fire Prevention Department,county,True
us-nv-nevada_state_public_works__commercial__commercial_tenant_improvement__building,NV,Nevada State Public Works,commercial_tenant_improvement,building,Nevada State Public Works Division — Permitting & Code Enforcement,Nevada State Public Works Division — Permitting & Code Enforcement,state_administered,True
us-nv-north_las_vegas__commercial__commercial_tenant_improvement__building,NV,North Las Vegas,commercial_tenant_improvement,building,City of North Las Vegas Building Safety Division / Development Services Center,City of North Las Vegas Building Safety Division / Development Services Center,local,True
us-nv-nye_county__commercial__commercial_tenant_improvement__building,NV,Nye County,commercial_tenant_improvement,building,Nye County Building and Safety Department,Nye County Building and Safety Department,county,True
us-nv-paradise__commercial__commercial_tenant_improvement__building,NV,Paradise,commercial_tenant_improvement,building,Clark County Building & Fire Prevention Department,Clark County Building & Fire Prevention Department,county,True
us-nv-pershing_county__commercial__commercial_tenant_improvement__building,NV,Pershing County,commercial_tenant_improvement,building,Pershing County Planning and Building Department,Pershing County Planning and Building Department,county,True
us-nv-reno__commercial__commercial_tenant_improvement__building,NV,Reno,commercial_tenant_improvement,building,City of Reno Development Services / Building Permits,City of Reno Development Services / Building Permits,local,True
us-nv-sandy_valley__commercial__commercial_tenant_improvement__building,NV,Sandy Valley,commercial_tenant_improvement,building,Clark County Building & Fire Prevention Department,Clark County Building & Fire Prevention Department,county,True
us-nv-sparks__commercial__commercial_tenant_improvement__building,NV,Sparks,commercial_tenant_improvement,building,City of Sparks Community Development / Building Permits,City of Sparks Community Development / Building Permits,local,True
us-nv-storey_county__commercial__county_residential_commercial_building_work__building__v231,NV,Storey County,residential_remodel,building,Permit office,Permit office,local,True
us-nv-washoe_county__commercial__commercial_tenant_improvement__building,NV,Washoe County,commercial_tenant_improvement,building,Washoe County Building Program,Washoe County Building Program,county,True
us-nv-west_wendover__commercial__commercial_tenant_improvement__building,NV,West Wendover,commercial_tenant_improvement,building,City of West Wendover Community Development,City of West Wendover Community Development,local,True
us-nv-white_pine_county__commercial__commercial_tenant_improvement__building,NV,White Pine County,commercial_tenant_improvement,building,White Pine County Building Department,White Pine County Building Department,county,True
us-nv-whitney__commercial__commercial_tenant_improvement__building,NV,Whitney,commercial_tenant_improvement,building,Clark County Building & Fire Prevention Department,Clark County Building & Fire Prevention Department,county,True
us-nv-winchester__commercial__commercial_tenant_improvement__building,NV,Winchester,commercial_tenant_improvement,building,Clark County Building & Fire Prevention Department,Clark County Building & Fire Prevention Department,county,True
us-nv-winnemucca__residential__manufactured_structure_installation__manufactured_structure_installation__v231,NV,Winnemucca,residential_remodel,building,Permit office,Permit office,local,True
us-nv-winnemucca__residential__manufactured_structure_installation__manufactured_structure_installation__v231,NV,Winnemucca,residential_remodel,manufactured_structure_installation,Permit office,Permit office,local,True
us-nv-yerington__commercial__commercial_tenant_improvement__building,NV,Yerington,commercial_tenant_improvement,building,City of Yerington Building Department,City of Yerington Building Department,local,True
us-ny-albany__commercial__commercial_tenant_improvement__building,NY,Albany,commercial_tenant_improvement,building,City of Albany Department of Buildings and Regulatory Compliance,City of Albany Department of Buildings and Regulatory Compliance,local,True
us-ny-albany_county__commercial__commercial_tenant_improvement__building,NY,Albany County,commercial_tenant_improvement,building,Local city/town/village building department/code enforcement office for the project address in Albany County; Albany County Planning and Land Use for county planning referral when applicable,Local city/town/village building department/code enforcement office for the project address in Albany County; Albany County Planning and Land Use for county planning referral when applicable,county,True
us-ny-amsterdam__commercial__commercial_tenant_improvement__building,NY,Amsterdam,commercial_tenant_improvement,building,Amsterdam,Amsterdam,local,True
us-ny-auburn__commercial__commercial_tenant_improvement__building,NY,Auburn,commercial_tenant_improvement,building,Auburn,Auburn,local,True
us-ny-binghamton__commercial__commercial_tenant_improvement__building,NY,Binghamton,commercial_tenant_improvement,building,Binghamton,Binghamton,local,True
us-ny-buffalo__commercial__commercial_tenant_improvement__building,NY,Buffalo,commercial_tenant_improvement,building,City of Buffalo Department of Permit and Inspection Services,City of Buffalo Department of Permit and Inspection Services,local,True
us-ny-cohoes__commercial__commercial_tenant_improvement__building,NY,Cohoes,commercial_tenant_improvement,building,City of Cohoes Building Department,City of Cohoes Building Department,local,True
us-ny-cortland__commercial__commercial_tenant_improvement__building,NY,Cortland,commercial_tenant_improvement,building,Cortland official building/permit authority,Cortland official building/permit authority,local,True
us-ny-elmira__commercial__commercial_tenant_improvement__building,NY,Elmira,commercial_tenant_improvement,building,Elmira,Elmira,local,True
us-ny-elmira__commercial__commercial_tenant_improvement__building,NY,Elmira,commercial_tenant_improvement,electrical,Elmira,Elmira,local,True
us-ny-elmira__commercial__commercial_tenant_improvement__building,NY,Elmira,commercial_tenant_improvement,occupancy,Elmira,Elmira,local,True
us-ny-elmira__commercial__commercial_tenant_improvement__building,NY,Elmira,commercial_tenant_improvement,plumbing,Elmira,Elmira,local,True
us-ny-elmira__commercial__commercial_tenant_improvement__building,NY,Elmira,commercial_tenant_improvement,zoning,Elmira,Elmira,local,True
us-ny-erie_county__commercial__commercial_tenant_improvement__building,NY,Erie County,commercial_tenant_improvement,building,"Site municipality code enforcement office under NY Uniform Code, with Erie County/DOS fallback routing; Erie County DPW highway permits where county right-of-way is implicated",Site municipality code enforcement office under NY Uniform Code; Erie County/DOS fallback if opted out; Erie County DPW for county highway permits,county_state_local_delegated,True
us-ny-glen_cove__commercial__commercial_tenant_improvement__building,NY,Glen Cove,commercial_tenant_improvement,building,NY|us-ny-glen_cove|city|City of Glen Cove Building Department,NY|us-ny-glen_cove|city|City of Glen Cove Building Department,local,True
us-ny-glens_falls__commercial__commercial_tenant_improvement__building,NY,Glens Falls,commercial_tenant_improvement,building,Glens Falls official building/permit authority,Glens Falls official building/permit authority,local,True
us-ny-ithaca__commercial__commercial_tenant_improvement__building,NY,Ithaca,commercial_tenant_improvement,building,City of Ithaca Building Division,City of Ithaca Building Division,local,True
us-ny-jamestown__commercial__commercial_tenant_improvement__building,NY,Jamestown,commercial_tenant_improvement,building,Jamestown,Jamestown,local,True
us-ny-kingston__commercial__commercial_tenant_improvement__building,NY,Kingston,commercial_tenant_improvement,building,City of Kingston Building Division,City of Kingston Building Division,local,True
us-ny-lackawanna__commercial__commercial_tenant_improvement__building,NY,Lackawanna,commercial_tenant_improvement,building,City of Lackawanna Code Enforcement,City of Lackawanna Code Enforcement,local,True
us-ny-lockport__commercial__commercial_tenant_improvement__building,NY,Lockport,commercial_tenant_improvement,building,Lockport official building/permit authority,Lockport official building/permit authority,local,True
us-ny-long_beach__commercial__commercial_tenant_improvement__building,NY,Long Beach,commercial_tenant_improvement,building,City of Long Beach Building Department,City of Long Beach Building Department,local,True
us-ny-middletown__commercial__commercial_tenant_improvement__building,NY,Middletown,commercial_tenant_improvement,building,Middletown,Middletown,local,True
us-ny-monroe_county__commercial__commercial_tenant_improvement__building,NY,Monroe County,commercial_tenant_improvement,building,Monroe County Department of Planning and Development,Monroe County Department of Planning and Development,county,True
us-ny-mount_vernon__commercial__commercial_tenant_improvement__building,NY,Mount Vernon,commercial_tenant_improvement,building,City of Mount Vernon Building Department,City of Mount Vernon Building Department,local,True
us-ny-nassau_county__commercial__commercial_tenant_improvement__building,NY,Nassau County,commercial_tenant_improvement,building,Nassau County,Nassau County,local,True
us-ny-new_york_city__commercial__commercial_tenant_improvement__building,NY,New York City,commercial_tenant_improvement,building,New York City Department of Buildings,New York City Department of Buildings,local,True
us-ny-newburgh__commercial__commercial_tenant_improvement__building,NY,Newburgh,commercial_tenant_improvement,building,City of Newburgh Building Department,City of Newburgh Building Department,local,True
us-ny-niagara_falls__commercial__commercial_tenant_improvement__building,NY,Niagara Falls,commercial_tenant_improvement,building,City of Niagara Falls Code Enforcement Department,City of Niagara Falls Code Enforcement Department,local,True
us-ny-niagara_falls__commercial__commercial_tenant_improvement__building,NY,Niagara Falls,commercial_tenant_improvement,electrical,City of Niagara Falls Code Enforcement Department,City of Niagara Falls Code Enforcement Department,local,True
us-ny-niagara_falls__commercial__commercial_tenant_improvement__building,NY,Niagara Falls,commercial_tenant_improvement,occupancy,City of Niagara Falls Code Enforcement Department,City of Niagara Falls Code Enforcement Department,local,True
us-ny-onondaga_county__commercial__commercial_tenant_improvement__building,NY,Onondaga County,commercial_tenant_improvement,building,Onondaga County Department of Planning,Onondaga County Department of Planning,county,True
us-ny-orange_county__commercial__commercial_tenant_improvement__building,NY,Orange County,commercial_tenant_improvement,building,Orange County Department of Public Works - Highway & Bridge Engineering Permits and Plan Review,Orange County Department of Public Works - Highway & Bridge Engineering Permits and Plan Review,county,True
us-ny-oswego__commercial__commercial_tenant_improvement__building,NY,Oswego,commercial_tenant_improvement,building,Oswego,Oswego,local,True
us-ny-peekskill__commercial__commercial_tenant_improvement__building,NY,Peekskill,commercial_tenant_improvement,building,City of Peekskill Building / Code Enforcement,City of Peekskill Building / Code Enforcement,local_city_building_code_enforcement,True
us-ny-poughkeepsie__commercial__commercial_tenant_improvement__building,NY,Poughkeepsie,commercial_tenant_improvement,building,City of Poughkeepsie Building Department,City of Poughkeepsie Building Department,local,True
us-ny-rochester__commercial__commercial_tenant_improvement__building,NY,Rochester,commercial_tenant_improvement,building,City of Rochester Bureau of Zoning and Permitting,City of Rochester Bureau of Zoning and Permitting,local,True
us-ny-rome__commercial__commercial_tenant_improvement__building,NY,Rome,commercial_tenant_improvement,building,Rome official building/permit authority,Rome official building/permit authority,local,True
us-ny-saratoga_springs__commercial__commercial_tenant_improvement__building,NY,Saratoga Springs,commercial_tenant_improvement,building,Saratoga Springs,Saratoga Springs,local,True
us-ny-scarsdale__commercial__commercial_tenant_improvement__building,NY,Scarsdale,commercial_tenant_improvement,building,Scarsdale,Village of Scarsdale Building Department,local,True
us-ny-schenectady__commercial__commercial_tenant_improvement__building,NY,Schenectady,commercial_tenant_improvement,building,City of Schenectady Department of Buildings / Bureau of Code Enforcement,City of Schenectady Department of Buildings / Bureau of Code Enforcement,local,True
us-ny-schenectady__commercial__commercial_tenant_improvement__building,NY,Schenectady,commercial_tenant_improvement,electrical,City of Schenectady Department of Buildings / Bureau of Code Enforcement,City of Schenectady Department of Buildings / Bureau of Code Enforcement,local,True
us-ny-schenectady__commercial__commercial_tenant_improvement__building,NY,Schenectady,commercial_tenant_improvement,plumbing,City of Schenectady Department of Buildings / Bureau of Code Enforcement,City of Schenectady Department of Buildings / Bureau of Code Enforcement,local,True
us-ny-syracuse__commercial__commercial_tenant_improvement__building,NY,Syracuse,commercial_tenant_improvement,building,City of Syracuse Central Permit Office,City of Syracuse Central Permit Office,local,True
us-ny-town_babylon__commercial__commercial_tenant_improvement__building,NY,Town Babylon,commercial_tenant_improvement,building,Town of Babylon Department of Planning and Development - Building Department,Town of Babylon Department of Planning and Development - Building Department,local,True
us-ny-town_brookhaven__commercial__commercial_tenant_improvement__building,NY,Town Brookhaven,commercial_tenant_improvement,building,Town of Brookhaven Building Division,Town of Brookhaven Building Division,local,True
us-ny-town_greenburgh__commercial__commercial_tenant_improvement__building,NY,Town Greenburgh,commercial_tenant_improvement,building,Town of Greenburgh Building Department,Town of Greenburgh Building Department,local,True
us-ny-town_hempstead__commercial__commercial_tenant_improvement__building,NY,Town Hempstead,commercial_tenant_improvement,building,Town of Hempstead Building Department,Town of Hempstead Building Department,local,True
us-ny-town_islip__commercial__commercial_tenant_improvement__building,NY,Town Islip,commercial_tenant_improvement,building,Town of Islip Department of Planning and Development - Building Division,Town of Islip Department of Planning and Development - Building Division,local,True
us-ny-troy__commercial__commercial_tenant_improvement__building,NY,Troy,commercial_tenant_improvement,building,City of Troy Building Permit Office,City of Troy Building Permit Office,local,True
us-ny-tuxedo__commercial__commercial_tenant_improvement__building,NY,Tuxedo,commercial_tenant_improvement,building,Town of Tuxedo Building Department,Town of Tuxedo Building Department,local,True
us-ny-utica__commercial__commercial_tenant_improvement__building,NY,Utica,commercial_tenant_improvement,building,City of Utica Codes Division - Building Permits,City of Utica Codes Division - Building Permits,local,True
us-ny-utica__commercial__commercial_tenant_improvement__building,NY,Utica,commercial_tenant_improvement,occupancy,City of Utica Codes Division - Building Permits,City of Utica Codes Division - Building Permits,local,True
us-ny-white_plains__commercial__commercial_tenant_improvement__building,NY,White Plains,commercial_tenant_improvement,building,City of White Plains Building Department,City of White Plains Building Department,local,True
us-ny-white_plains__commercial__commercial_tenant_improvement__building,NY,White Plains,commercial_tenant_improvement,zoning,City of White Plains Building Department,City of White Plains Building Department,local,True
us-ny-yonkers__commercial__commercial_tenant_improvement__building,NY,Yonkers,commercial_tenant_improvement,building,City of Yonkers Department of Housing and Buildings,City of Yonkers Department of Housing and Buildings,local,True
us-oh-akron__commercial__commercial_tenant_improvement__building,OH,Akron,commercial_tenant_improvement,building,City of Akron Division of Building Inspection,"Building Standards : Summit County, Ohio - Executive Office",mixed,True
us-oh-ashtabula_county__commercial__commercial_tenant_improvement__building,OH,Ashtabula County,commercial_tenant_improvement,building,Ashtabula County Building Department,Ashtabula County Building Department,local,True
us-oh-beavercreek__commercial__commercial_tenant_improvement__building,OH,Beavercreek,commercial_tenant_improvement,building,City of Beavercreek Zoning and Building Permits,"Building Regulation | Greene County, OH - Official Website Arrow Left Arrow Right Slideshow Left Arrow Slideshow Right Arrow",delegated,True
us-oh-butler_county__commercial__commercial_tenant_improvement__building,OH,Butler County,commercial_tenant_improvement,building,Butler County Building Department,Butler County Building Department,local,True
us-oh-canton__commercial__commercial_tenant_improvement__building,OH,Canton,commercial_tenant_improvement,building,City of Canton Division of Building and Code Enforcement,City of Canton Division of Building and Code Enforcement,local,True
us-oh-canton__commercial__commercial_tenant_improvement__building,OH,Canton,commercial_tenant_improvement,fire,City of Canton Division of Building and Code Enforcement,City of Canton Division of Building and Code Enforcement,local,True
us-oh-cincinnati__commercial__commercial_tenant_improvement__building,OH,Cincinnati,commercial_tenant_improvement,building,City of Cincinnati Department of Buildings and Inspections,City of Cincinnati Department of Buildings and Inspections,local,True
us-oh-clark_county__commercial__commercial_tenant_improvement__building,OH,Clark County,commercial_tenant_improvement,building,Clark County Building Department,Clark County Building Department,local,True
us-oh-cleveland__commercial__commercial_tenant_improvement__building,OH,Cleveland,commercial_tenant_improvement,building,City of Cleveland Department of Building and Housing,City of Cleveland Department of Building and Housing,local,True
us-oh-cleveland_heights__commercial__commercial_tenant_improvement__building,OH,Cleveland Heights,commercial_tenant_improvement,building,City of Cleveland Heights Building Department,City of Cleveland Heights Building Department,local,True
us-oh-cuyahoga_falls__commercial__commercial_tenant_improvement__building,OH,Cuyahoga Falls,commercial_tenant_improvement,building,City of Cuyahoga Falls Building Department,"Building Standards : Summit County, Ohio - Executive Office",delegated,True
us-oh-dayton__commercial__commercial_tenant_improvement__building,OH,Dayton,commercial_tenant_improvement,building,City of Dayton Division of Building Inspection,City of Dayton Division of Building Inspection,local,True
us-oh-delaware__commercial__commercial_tenant_improvement__building,OH,Delaware,commercial_tenant_improvement,building,City of Delaware Building Division,City of Delaware Building Division,local,True
us-oh-delaware_county__commercial__commercial_tenant_improvement__building,OH,Delaware County,commercial_tenant_improvement,building,Delaware County Building Safety Department,Delaware County Building Safety Department,local,True
us-oh-dublin__commercial__commercial_tenant_improvement__building,OH,Dublin,commercial_tenant_improvement,building,City of Dublin Building Standards Division,City of Dublin Building Standards Division,local,True
us-oh-elyria__commercial__commercial_tenant_improvement__building,OH,Elyria,commercial_tenant_improvement,building,City of Elyria Building and Land Department,City of Elyria Building and Land Department,local,True
us-oh-euclid__commercial__commercial_tenant_improvement__building,OH,Euclid,commercial_tenant_improvement,building,Euclid,Euclid,local,True
us-oh-fairfield__commercial__commercial_tenant_improvement__building,OH,Fairfield,commercial_tenant_improvement,building,City of Fairfield Building and Zoning Division,City of Fairfield Building and Zoning Division,local,True
us-oh-fairfield_county__commercial__commercial_tenant_improvement__building,OH,Fairfield County,commercial_tenant_improvement,building,Fairfield County,Fairfield County Building Department,local,True
us-oh-franklin_county__commercial__commercial_tenant_improvement__building,OH,Franklin County,commercial_tenant_improvement,building,Franklin County Building Department,Franklin County Building Department,local,True
us-oh-greene_county__commercial__commercial_tenant_improvement__building,OH,Greene County,commercial_tenant_improvement,building,Greene County Department of Building Regulation,"Building Regulation | Greene County, OH - Official Website Arrow Left Arrow Right Slideshow Left Arrow Slideshow Right Arrow",county,True
us-oh-grove_city__commercial__commercial_tenant_improvement__building,OH,Grove City,commercial_tenant_improvement,building,City of Grove City Building Division,City of Grove City Building Division,local,True
us-oh-hamilton__commercial__commercial_tenant_improvement__building,OH,Hamilton,commercial_tenant_improvement,building,City of Hamilton Building Department,City of Hamilton Building Department,local,True
us-oh-hamilton_county__commercial__commercial_tenant_improvement__building,OH,Hamilton County,commercial_tenant_improvement,building,Hamilton County Division of Buildings and Inspections,Hamilton County Division of Buildings and Inspections,local,True
us-oh-huber_heights__commercial__commercial_tenant_improvement__building,OH,Huber Heights,commercial_tenant_improvement,building,Montgomery County Building Regulations,Montgomery County Building Regulations,delegated,True
us-oh-kettering__commercial__commercial_tenant_improvement__building,OH,Kettering,commercial_tenant_improvement,building,City of Kettering Planning & Development Department,City of Kettering Planning & Development Department,local,True
us-oh-kettering__commercial__commercial_tenant_improvement__building,OH,Kettering,commercial_tenant_improvement,zoning,City of Kettering Planning & Development Department,City of Kettering Planning & Development Department,local,True
us-oh-lake_county__commercial__commercial_tenant_improvement__building,OH,Lake County,commercial_tenant_improvement,building,Lake County Building Department,Lake County Building Department,local,True
us-oh-lakewood__commercial__commercial_tenant_improvement__building,OH,Lakewood,commercial_tenant_improvement,building,City of Lakewood Division of Housing and Building,City of Lakewood Division of Housing and Building,local,True
us-oh-licking_county__commercial__commercial_tenant_improvement__building,OH,Licking County,commercial_tenant_improvement,building,Licking County Building Code Department,Licking County Building Code Department,local,True
us-oh-mahoning_county__commercial__commercial_tenant_improvement__building,OH,Mahoning County,commercial_tenant_improvement,building,Mahoning County Building Inspection Department,Mahoning County Building Inspection Department,local,True
us-oh-mansfield__commercial__commercial_tenant_improvement__building,OH,Mansfield,commercial_tenant_improvement,building,City of Mansfield Building and Codes Department,City of Mansfield Building and Codes Department,local,True
us-oh-mason__commercial__commercial_tenant_improvement__building,OH,Mason,commercial_tenant_improvement,building,"City of Mason Engineering, Building and Planning Department","City of Mason Engineering, Building and Planning Department",local,True
us-oh-medina_county__commercial__commercial_tenant_improvement__building,OH,Medina County,commercial_tenant_improvement,building,Medina County Building Department,Medina County Building Department,local,True
us-oh-middletown__commercial__commercial_tenant_improvement__building,OH,Middletown,commercial_tenant_improvement,building,City of Middletown Division of Building Inspection,City of Middletown Division of Building Inspection,local,True
us-oh-montgomery_county__commercial__commercial_tenant_improvement__building,OH,Montgomery County,commercial_tenant_improvement,building,Montgomery County,Montgomery County,local,True
us-oh-newark__commercial__commercial_tenant_improvement__building,OH,Newark,commercial_tenant_improvement,building,Newark,Newark,local,True
us-oh-ottawa_county__commercial__commercial_tenant_improvement__building,OH,Ottawa County,commercial_tenant_improvement,building,Ottawa County Building Department,"Forms, Applications & Other Documents | Ottawa County, OH Arrow Left Arrow Right Slideshow Left Arrow Slideshow Right Arrow",county,True
us-oh-parma__commercial__commercial_tenant_improvement__building,OH,Parma,commercial_tenant_improvement,building,City of Parma Building Permits and Zoning,City of Parma Building Permits and Zoning,local,True
us-oh-richland_county__commercial__commercial_tenant_improvement__building,OH,Richland County,commercial_tenant_improvement,building,Richland County Building Department,Richland County Building Department,local,True
us-oh-seneca_county__commercial__commercial_tenant_improvement__building,OH,Seneca County,commercial_tenant_improvement,building,Seneca County Building Department,Building Department Forms - Seneca County,county,True
us-oh-springfield__commercial__commercial_tenant_improvement__building,OH,Springfield,commercial_tenant_improvement,building,City of Springfield Building Regulations Division,City of Springfield Building Regulations Division,local,True
us-oh-stark_county__commercial__commercial_tenant_improvement__building,OH,Stark County,commercial_tenant_improvement,building,Stark County Building Inspection Department,Stark County Building Inspection Department,local,True
us-oh-strongsville__commercial__commercial_tenant_improvement__building,OH,Strongsville,commercial_tenant_improvement,building,City of Strongsville Building Division,City of Strongsville Building Division,local,True
us-oh-summit_county__commercial__commercial_tenant_improvement__building,OH,Summit County,commercial_tenant_improvement,building,Summit County Building Standards Department,"Building Standards : Summit County, Ohio - Executive Office",county,True
us-oh-toledo__commercial__commercial_tenant_improvement__building,OH,Toledo,commercial_tenant_improvement,building,City of Toledo Division of Building Inspection,City of Toledo Division of Building Inspection,local,True
us-oh-trumbull_county__commercial__commercial_tenant_improvement__building,OH,Trumbull County,commercial_tenant_improvement,building,Trumbull County Building Inspection Department,Trumbull County Building Inspection Department,local,True
us-oh-trumbull_county__commercial__commercial_tenant_improvement__building,OH,Trumbull County,commercial_tenant_improvement,zoning,Trumbull County Building Inspection Department,Trumbull County Building Inspection Department,local,True
us-oh-warren_county__commercial__commercial_tenant_improvement__building,OH,Warren County,commercial_tenant_improvement,building,Warren County Building and Zoning Department,Warren County Building and Zoning Department,local,True
us-oh-youngstown__commercial__commercial_tenant_improvement__building,OH,Youngstown,commercial_tenant_improvement,building,Mahoning County Building Inspection Department,Mahoning County Building Inspection Department,delegated,True
us-ok-altus__commercial__commercial_tenant_improvement__building,OK,Altus,commercial_tenant_improvement,building,City of Altus - Planning and Development,City of Altus - Planning and Development,local,True
us-ok-anadarko__commercial__commercial_tenant_improvement__building,OK,Anadarko,commercial_tenant_improvement,building,City of Anadarko - Planning and Zoning,City of Anadarko - Planning and Zoning,local,True
us-ok-ardmore__commercial__commercial_tenant_improvement__building,OK,Ardmore,commercial_tenant_improvement,building,City of Ardmore Developmental Services Department,City of Ardmore Developmental Services Department,local,True
us-ok-bartlesville__commercial__commercial_tenant_improvement__building,OK,Bartlesville,commercial_tenant_improvement,building,City of Bartlesville Building and Construction Services Division,City of Bartlesville Building and Construction Services Division,local,True
us-ok-bixby__residential__residential_building_construction_alteration_or_inspection__building,OK,Bixby,residential_remodel,building,Permit office,Permit office,local,True
us-ok-broken_arrow__commercial__commercial_tenant_improvement__building,OK,Broken Arrow,commercial_tenant_improvement,building,City of Broken Arrow Community Development,City of Broken Arrow Community Development,local,True
us-ok-catoosa__commercial__commercial_tenant_improvement__building,OK,Catoosa,commercial_tenant_improvement,building,City of Catoosa - Building Department,City of Catoosa - Building Department,local,True
us-ok-chickasha__commercial__commercial_tenant_improvement__building,OK,Chickasha,commercial_tenant_improvement,building,City of Chickasha - Community Development,City of Chickasha - Community Development,local,True
us-ok-claremore__commercial__commercial_tenant_improvement__building,OK,Claremore,commercial_tenant_improvement,building,City of Claremore - Development Services,City of Claremore - Development Services,local,True
us-ok-collinsville__commercial__commercial_tenant_improvement__building,OK,Collinsville,commercial_tenant_improvement,building,City of Collinsville - Building Department,City of Collinsville - Building Department,local,True
us-ok-del_city__commercial__commercial_tenant_improvement__building,OK,Del City,commercial_tenant_improvement,building,City of Del City - Building Department,City of Del City - Building Department,local,True
us-ok-edmond__commercial__commercial_tenant_improvement__building,OK,Edmond,commercial_tenant_improvement,building,City of Edmond Department of Building & Safety,City of Edmond Department of Building & Safety,local,True
us-ok-el_reno__commercial__commercial_tenant_improvement__building,OK,El Reno,commercial_tenant_improvement,building,City of El Reno - Planning and Building,City of El Reno - Planning and Building,local,True
us-ok-el_reno__commercial__commercial_tenant_improvement__building,OK,El Reno,commercial_tenant_improvement,zoning,City of El Reno - Planning and Building,City of El Reno - Planning and Building,local,True
us-ok-elk_city__commercial__commercial_tenant_improvement__building,OK,Elk City,commercial_tenant_improvement,building,City of Elk City - Permits and Inspections,City of Elk City - Permits and Inspections,local,True
us-ok-enid__commercial__commercial_tenant_improvement__building,OK,Enid,commercial_tenant_improvement,building,City of Enid Community Development / Code Administration,City of Enid Community Development / Code Administration,local,True
us-ok-guthrie__commercial__commercial_tenant_improvement__building,OK,Guthrie,commercial_tenant_improvement,building,City of Guthrie - Planning Department,City of Guthrie - Planning Department,local,True
us-ok-jenks__commercial__commercial_tenant_improvement__building,OK,Jenks,commercial_tenant_improvement,building,City of Jenks - Community Development,City of Jenks - Community Development,local,True
us-ok-lawton__commercial__commercial_tenant_improvement__building,OK,Lawton,commercial_tenant_improvement,building,City of Lawton License and Permits Division,City of Lawton License and Permits Division,local,True
us-ok-mcalester__commercial__commercial_tenant_improvement__building,OK,Mcalester,commercial_tenant_improvement,building,City of McAlester - Community Development,City of McAlester - Community Development,local,True
us-ok-midwest_city__commercial__commercial_tenant_improvement__building,OK,Midwest City,commercial_tenant_improvement,building,City of Midwest City Engineering and Construction Services Department,City of Midwest City Engineering and Construction Services Department,local,True
us-ok-moore__commercial__commercial_tenant_improvement__building,OK,Moore,commercial_tenant_improvement,building,City of Moore Planning and Development / Inspections Department,City of Moore Planning and Development / Inspections Department,local,True
us-ok-muskogee__commercial__commercial_tenant_improvement__building,OK,Muskogee,commercial_tenant_improvement,building,City of Muskogee Building Inspections Department,City of Muskogee Building Inspections Department,local,True
us-ok-mustang__commercial__commercial_tenant_improvement__building,OK,Mustang,commercial_tenant_improvement,building,City of Mustang - Community Development,City of Mustang - Community Development,local,True
us-ok-newcastle__commercial__commercial_tenant_improvement__building,OK,Newcastle,commercial_tenant_improvement,building,City of Newcastle - Planning and Zoning,City of Newcastle - Planning and Zoning,local,True
us-ok-nichols_hills__commercial__commercial_tenant_improvement__building,OK,Nichols Hills,commercial_tenant_improvement,building,City of Nichols Hills - Building Inspections and Code Enforcement,City of Nichols Hills - Building Inspections and Code Enforcement,local,True
us-ok-norman__commercial__commercial_tenant_improvement__building,OK,Norman,commercial_tenant_improvement,building,City of Norman Development Services,City of Norman Development Services,local,True
us-ok-oklahoma_city__commercial__commercial_tenant_improvement__building,OK,Oklahoma City,commercial_tenant_improvement,building,City of Oklahoma City Development Services,City of Oklahoma City Development Services,local,True
us-ok-oklahoma_county__commercial__commercial_tenant_improvement__building,OK,Oklahoma County,commercial_tenant_improvement,building,Oklahoma County - Planning Commission,Oklahoma County - Planning Commission,county,True
us-ok-okmulgee__commercial__commercial_tenant_improvement__building,OK,Okmulgee,commercial_tenant_improvement,building,City of Okmulgee - Licenses and Permits,City of Okmulgee - Licenses and Permits,local,True
us-ok-owasso__commercial__commercial_tenant_improvement__building,OK,Owasso,commercial_tenant_improvement,building,City of Owasso Community Development Building Division,City of Owasso Community Development Building Division,local,True
us-ok-ponca_city__commercial__commercial_tenant_improvement__building,OK,Ponca City,commercial_tenant_improvement,building,City of Ponca City Building Services Division,City of Ponca City Building Services Division,local,True
us-ok-pryor_creek__commercial__commercial_tenant_improvement__building,OK,Pryor Creek,commercial_tenant_improvement,building,City of Pryor Creek - Community Development,City of Pryor Creek - Community Development,local,True
us-ok-rogers_county__commercial__commercial_tenant_improvement__building,OK,Rogers County,commercial_tenant_improvement,building,Rogers County - Planning Commission / Building & Code Enforcement,Rogers County - Planning Commission / Building & Code Enforcement,county,True
us-ok-sapulpa__commercial__commercial_tenant_improvement__building,OK,Sapulpa,commercial_tenant_improvement,building,City of Sapulpa - Forms and Permits,City of Sapulpa - Forms and Permits,local,True
us-ok-shawnee__commercial__commercial_tenant_improvement__building,OK,Shawnee,commercial_tenant_improvement,building,City of Shawnee Building Inspections / Community Development,City of Shawnee Building Inspections / Community Development,local,True
us-ok-skiatook__commercial__commercial_tenant_improvement__building,OK,Skiatook,commercial_tenant_improvement,building,City of Skiatook - Building Department,City of Skiatook - Building Department,local,True
us-ok-stillwater__commercial__commercial_tenant_improvement__building,OK,Stillwater,commercial_tenant_improvement,building,City of Stillwater Development Services,City of Stillwater Development Services,local,True
us-ok-tahlequah__commercial__commercial_tenant_improvement__building,OK,Tahlequah,commercial_tenant_improvement,building,City of Tahlequah - Building Permits and Inspections,City of Tahlequah - Building Permits and Inspections,local,True
us-ok-tecumseh__commercial__commercial_tenant_improvement__building,OK,Tecumseh,commercial_tenant_improvement,building,City of Tecumseh - Code Enforcement and Building,City of Tecumseh - Code Enforcement and Building,local,True
us-ok-tulsa__commercial__commercial_tenant_improvement__building,OK,Tulsa,commercial_tenant_improvement,building,Tulsa,Tulsa,local,True
us-ok-tulsa_county__commercial__commercial_tenant_improvement__building,OK,Tulsa County,commercial_tenant_improvement,building,Tulsa County,Tulsa County,local,True
us-ok-wagoner_county__residential__residential_building_construction_alteration_or_inspection__building,OK,Wagoner County,residential_remodel,building,Permit office,Permit office,local,True
us-ok-warr_acres__commercial__commercial_tenant_improvement__building,OK,Warr Acres,commercial_tenant_improvement,building,City of Warr Acres - Building Department,City of Warr Acres - Building Department,local,True
us-ok-weatherford__commercial__commercial_tenant_improvement__building,OK,Weatherford,commercial_tenant_improvement,building,City of Weatherford - Building Permits,City of Weatherford - Building Permits,local,True
us-ok-yukon__commercial__commercial_tenant_improvement__building,OK,Yukon,commercial_tenant_improvement,building,City of Yukon - Building Permits,City of Yukon - Building Permits,local,True
us-or-albany__commercial__commercial_tenant_improvement__building,OR,Albany,commercial_tenant_improvement,building,Albany local building department listed by Oregon Building Codes Division,Oregon ePermitting / participating local building department,delegated,True
us-or-beaverton__commercial__commercial_tenant_improvement__building,OR,Beaverton,commercial_tenant_improvement,building,Beaverton local building department listed by Oregon Building Codes Division,Oregon ePermitting / participating local building department,delegated,True
us-or-bend__commercial__commercial_tenant_improvement__building,OR,Bend,commercial_tenant_improvement,building,Bend local building department listed by Oregon Building Codes Division,Oregon ePermitting / participating local building department,delegated,True
us-or-benton_county__residential__residential_building_construction_alteration_or_inspection__building,OR,Benton County,residential_remodel,building,Permit office,Permit office,local,True
us-or-canby__commercial__commercial_tenant_improvement__building,OR,Canby,commercial_tenant_improvement,building,Clackamas County Building Codes Division,Clackamas County Building Codes Division,delegated_county,True
us-or-clackamas_county__commercial__commercial_tenant_improvement__building,OR,Clackamas County,commercial_tenant_improvement,building,Clackamas County Building Codes Program,Clackamas County Building Codes Program,county,True
us-or-columbia_county__residential__residential_building_construction_alteration_or_inspection__building,OR,Columbia County,residential_remodel,building,Columbia County Land Development Services,Columbia County Land Development Services,county,True
us-or-coos_county__commercial__commercial_tenant_improvement__building,OR,Coos County,commercial_tenant_improvement,building,Coos County Building Department,Coos County Building Department,county,True
us-or-corvallis__commercial__commercial_tenant_improvement__building,OR,Corvallis,commercial_tenant_improvement,building,City of Corvallis Development Services,City of Corvallis Development Services / online permitting portal,city_development_services_with_statewide_code_administration,True
us-or-deschutes_county__residential__residential_building_construction_alteration_or_inspection__building,OR,Deschutes County,residential_remodel,building,Deschutes County Community Development Building Division,Deschutes County Community Development Building Division,county,True
us-or-douglas_county__commercial__commercial_tenant_improvement__building,OR,Douglas County,commercial_tenant_improvement,building,Douglas County Building Department,Douglas County Building Department,county,True
us-or-estacada__commercial__commercial_tenant_improvement__building,OR,Estacada,commercial_tenant_improvement,building,City of Estacada Building Division,City of Estacada Building Division,local,True
us-or-eugene__commercial__commercial_tenant_improvement__building,OR,Eugene,commercial_tenant_improvement,building,Eugene local building department listed by Oregon Building Codes Division,Oregon ePermitting / participating local building department,delegated,True
us-or-fairview__commercial__commercial_tenant_improvement__building,OR,Fairview,commercial_tenant_improvement,building,City of Fairview Building Department,City of Fairview Building Department,local,True
us-or-forest_grove__commercial__commercial_tenant_improvement__building,OR,Forest Grove,commercial_tenant_improvement,building,City of Forest Grove Building Department,City of Forest Grove Building Department,local,True
us-or-gladstone__commercial__commercial_tenant_improvement__building,OR,Gladstone,commercial_tenant_improvement,building,Clackamas County Building Codes Division,Clackamas County Building Codes Division,delegated_county,True
us-or-grants_pass__commercial__commercial_tenant_improvement__building,OR,Grants Pass,commercial_tenant_improvement,building,City of Grants Pass Building Division,City of Grants Pass Building Division,local,True
us-or-gresham__commercial__commercial_tenant_improvement__building,OR,Gresham,commercial_tenant_improvement,building,Gresham local building department listed by Oregon Building Codes Division,Oregon ePermitting / participating local building department,delegated,True
us-or-happy_valley__commercial__commercial_tenant_improvement__building,OR,Happy Valley,commercial_tenant_improvement,building,City of Happy Valley Building Division,City of Happy Valley Building Division,local_with_official_linked_apply_portal,True
us-or-jackson_county__residential__residential_building_construction_alteration_or_inspection__building,OR,Jackson County,residential_remodel,building,Jackson County Development Services Building Division,Jackson County Development Services Building Division,county,True
us-or-josephine_county__commercial__commercial_tenant_improvement__building,OR,Josephine County,commercial_tenant_improvement,building,Josephine County Building Safety,Josephine County Building Safety,county,True
us-or-keizer__commercial__commercial_tenant_improvement__building,OR,Keizer,commercial_tenant_improvement,building,City of Keizer / Marion County building permit process,City of Keizer / Marion County building permit process,city_county_partner,True
us-or-klamath_county__residential__residential_building_construction_alteration_or_inspection__building,OR,Klamath County,residential_remodel,building,Klamath County Building Division,Klamath County Building Division,county,True
us-or-lafayette__commercial__commercial_tenant_improvement__building,OR,Lafayette,commercial_tenant_improvement,building,City of Lafayette Building Department,City of Lafayette Building Department,local,True
us-or-lane_county__commercial__commercial_tenant_improvement__building,OR,Lane County,commercial_tenant_improvement,building,Lane County,Lane County,local,True
us-or-lincoln_county__residential__residential_building_construction_alteration_or_inspection__building,OR,Lincoln County,residential_remodel,building,Lincoln County Building Department,Lincoln County Building Department,county,True
us-or-linn_county__commercial__commercial_tenant_improvement__building,OR,Linn County,commercial_tenant_improvement,building,Linn County Building Department,Linn County Building Department,county,True
us-or-linn_county__commercial__commercial_tenant_improvement__building,OR,Linn County,commercial_tenant_improvement,occupancy,Linn County Building Department,Linn County Building Department,county,True
us-or-marion_county__residential__residential_building_construction_alteration_or_inspection__building,OR,Marion County,residential_remodel,building,Marion County Building Inspection Division,Marion County Building Inspection Division,county,True
us-or-mcminnville__commercial__commercial_tenant_improvement__building,OR,Mcminnville,commercial_tenant_improvement,building,Oregon ePermitting / participating local building department,Oregon ePermitting / participating local building department,delegated,True
us-or-medford__commercial__commercial_tenant_improvement__building,OR,Medford,commercial_tenant_improvement,building,Medford local building department listed by Oregon Building Codes Division,Oregon ePermitting / participating local building department,delegated,True
us-or-milwaukie__commercial__commercial_tenant_improvement__building,OR,Milwaukie,commercial_tenant_improvement,building,Clackamas County Building Codes Division,Clackamas County Building Codes Division,delegated_county,True
us-or-molalla__commercial__commercial_tenant_improvement__building,OR,Molalla,commercial_tenant_improvement,building,City of Molalla / Clackamas County building permit process,City of Molalla / Clackamas County building permit process,city_county_partner,True
us-or-newberg__commercial__commercial_tenant_improvement__building,OR,Newberg,commercial_tenant_improvement,building,City of Newberg Building Division,City of Newberg Building Division,local,True
us-or-polk_county__commercial__commercial_tenant_improvement__building,OR,Polk County,commercial_tenant_improvement,building,Polk County Building Division,Polk County Building Division,county,True
us-or-portland__commercial__commercial_tenant_improvement__building,OR,Portland,commercial_tenant_improvement,building,Portland local building department listed by Oregon Building Codes Division,Oregon ePermitting / participating local building department,delegated,True
us-or-redmond__commercial__commercial_tenant_improvement__building,OR,Redmond,commercial_tenant_improvement,building,Redmond local building department listed by Oregon Building Codes Division,Oregon ePermitting / participating local building department,delegated,True
us-or-redmond__commercial__commercial_tenant_improvement__building,OR,Redmond,commercial_tenant_improvement,occupancy,Redmond local building department listed by Oregon Building Codes Division,Oregon ePermitting / participating local building department,delegated,True
us-or-salem__commercial__commercial_tenant_improvement__building,OR,Salem,commercial_tenant_improvement,building,Salem local building department listed by Oregon Building Codes Division,Oregon ePermitting / participating local building department,delegated,True
us-or-sandy__commercial__commercial_tenant_improvement__building,OR,Sandy,commercial_tenant_improvement,building,Clackamas County Building Codes Division,Clackamas County Building Codes Division,delegated_county,True
us-or-sherwood__commercial__commercial_tenant_improvement__building,OR,Sherwood,commercial_tenant_improvement,building,City of Sherwood Building Division,City of Sherwood Building Division,local,True
us-or-springfield__commercial__commercial_tenant_improvement__building,OR,Springfield,commercial_tenant_improvement,building,Springfield local building department listed by Oregon Building Codes Division,Oregon ePermitting / participating local building department,delegated,True
us-or-tigard__commercial__commercial_tenant_improvement__building,OR,Tigard,commercial_tenant_improvement,building,Tigard local building department listed by Oregon Building Codes Division,Oregon ePermitting / participating local building department,delegated,True
us-or-tualatin__commercial__commercial_tenant_improvement__building,OR,Tualatin,commercial_tenant_improvement,building,City of Tualatin Building Division,City of Tualatin for structural/mechanical/plumbing; Washington County for electrical permits per Oregon BCD LBDD,mixed,True
us-or-west_linn__commercial__commercial_tenant_improvement__building,OR,West Linn,commercial_tenant_improvement,building,City of West Linn Building Division,City of West Linn Building Division,local,True
us-or-wilsonville__commercial__commercial_tenant_improvement__building,OR,Wilsonville,commercial_tenant_improvement,building,City of Wilsonville Building Division,City of Wilsonville Building Division,local,True
us-or-woodburn__commercial__commercial_tenant_improvement__building,OR,Woodburn,commercial_tenant_improvement,building,Woodburn,Woodburn,local,True
us-pa-abington_twp__residential__kitchen_bath_remodel__building,PA,Abington Twp,residential_remodel,building,Abington Township Fire and Code Services Department,Abington Township Fire and Code Services Department,local,True
us-pa-allentown__commercial__commercial_tenant_improvement__building,PA,Allentown,commercial_tenant_improvement,building,City of Allentown Bureau of Building Standards and Safety,City of Allentown Bureau of Building Standards and Safety,local,True
us-pa-altoona__commercial__commercial_tenant_improvement__building,PA,Altoona,commercial_tenant_improvement,building,City of Altoona Codes and Inspections Department,City of Altoona Codes and Inspections Department,local,True
us-pa-bensalem_twp__commercial__commercial_tenant_improvement__building,PA,Bensalem Twp,commercial_tenant_improvement,building,Bensalem Township Building and Planning Department,Bensalem Township Building and Planning Department,local,True
us-pa-bethel_park__commercial__commercial_tenant_improvement__building,PA,Bethel Park,commercial_tenant_improvement,building,Borough of Bethel Park Community Development Department,Borough of Bethel Park Community Development Department,local,True
us-pa-bethlehem__commercial__commercial_tenant_improvement__building,PA,Bethlehem,commercial_tenant_improvement,building,City of Bethlehem Department of Code Enforcement,City of Bethlehem Department of Code Enforcement,local,True
us-pa-bristol_twp_bucks__commercial__commercial_tenant_improvement__building,PA,Bristol Twp Bucks,commercial_tenant_improvement,building,Bristol Township Bucks County Building Department,Bristol Township Bucks County Building Department,local,True
us-pa-carlisle_boro__commercial__commercial_tenant_improvement__building,PA,Carlisle Boro,commercial_tenant_improvement,building,Borough of Carlisle Planning and Code Enforcement,Borough of Carlisle Planning and Code Enforcement,municipal_primary_ucc_ahj,True
us-pa-chambersburg_boro__commercial__commercial_tenant_improvement__building,PA,Chambersburg Boro,commercial_tenant_improvement,building,Borough of Chambersburg Planning and Code Enforcement,Borough of Chambersburg Planning and Code Enforcement,municipal_primary_ucc_ahj,True
us-pa-cheltenham_twp__commercial__commercial_tenant_improvement__building,PA,Cheltenham Twp,commercial_tenant_improvement,building,"Cheltenham Township Building, Zoning, & Codes",Cheltenham Township Building and Codes Department / Planning and Zoning Department,local,True
us-pa-derry_twp_dauphin__commercial__commercial_tenant_improvement__building,PA,Derry Twp Dauphin,commercial_tenant_improvement,building,Derry Township Community Development Department,Derry Township Community Development Department,local,True
us-pa-erie__commercial__commercial_tenant_improvement__building,PA,Erie,commercial_tenant_improvement,building,Erie,City of Erie Code Enforcement Department,local,True
us-pa-falls_twp_bucks__commercial__commercial_tenant_improvement__building,PA,"Falls Township, Bucks County",commercial_tenant_improvement,building,Falls Township Code Enforcement & Zoning / Building Department,Falls Township Code Enforcement & Zoning / Building Department,municipal_primary_ucc_ahj,True
us-pa-harrisburg__commercial__commercial_tenant_improvement__building,PA,Harrisburg,commercial_tenant_improvement,building,City of Harrisburg Bureau of Codes,City of Harrisburg Bureau of Codes,local,True
us-pa-haverford_twp__commercial__commercial_tenant_improvement__building,PA,Haverford Twp,commercial_tenant_improvement,building,Haverford Twp,Haverford Twp,local,True
us-pa-hazleton_city__commercial__commercial_tenant_improvement__building,PA,Hazleton City,commercial_tenant_improvement,building,City of Hazleton Permits and Zoning,City of Hazleton Permits and Zoning,municipal_primary_ucc_ahj,True
us-pa-horsham_twp__commercial__commercial_tenant_improvement__building,PA,Horsham Twp,commercial_tenant_improvement,building,Horsham Twp,Horsham Twp,local,True
us-pa-lancaster_city__commercial__commercial_tenant_improvement__building,PA,Lancaster City,commercial_tenant_improvement,building,City of Lancaster Bureau of Building Code Administration,City of Lancaster Bureau of Building Code Administration,local,True
us-pa-lower_merion_twp__commercial__commercial_tenant_improvement__building,PA,Lower Merion Twp,commercial_tenant_improvement,building,Lower Merion Township Building and Planning Department,Lower Merion Township Building and Planning Department,local,True
us-pa-lower_merion_twp__commercial__commercial_tenant_improvement__building,PA,Lower Merion Twp,commercial_tenant_improvement,zoning,Lower Merion Township Building and Planning Department,Lower Merion Township Building and Planning Department,local,True
us-pa-manheim_twp_lancaster__commercial__commercial_tenant_improvement__building,PA,Manheim Twp Lancaster,commercial_tenant_improvement,building,Manheim Twp Lancaster,Manheim Twp Lancaster,local,True
us-pa-manor_twp_lancaster__commercial__commercial_tenant_improvement__building,PA,Manor Twp Lancaster,commercial_tenant_improvement,building,Manor Township Lancaster County Building Department,Manor Township Lancaster County Building Department,municipal_primary_ucc_ahj,True
us-pa-manor_twp_lancaster__commercial__commercial_tenant_improvement__building,PA,Manor Twp Lancaster,commercial_tenant_improvement,zoning,Manor Township Lancaster County Building Department,Manor Township Lancaster County Building Department,municipal_primary_ucc_ahj,True
us-pa-mccandless_twp__commercial__commercial_tenant_improvement__building,PA,Mccandless Twp,commercial_tenant_improvement,building,Town of McCandless Building and Planning Department,Town of McCandless Building and Planning Department,local,True
us-pa-middletown_twp_bucks__commercial__commercial_tenant_improvement__building,PA,Middletown Twp Bucks,commercial_tenant_improvement,building,Middletown Township Bucks County Building Department,Middletown Township Bucks County Building Department,municipal_primary_ucc_ahj,True
us-pa-middletown_twp_bucks__commercial__commercial_tenant_improvement__building,PA,Middletown Twp Bucks,commercial_tenant_improvement,fire,Middletown Township Bucks County Building Department,Middletown Township Bucks County Building Department,municipal_primary_ucc_ahj,True
us-pa-middletown_twp_bucks__commercial__commercial_tenant_improvement__building,PA,Middletown Twp Bucks,commercial_tenant_improvement,mechanical,Middletown Township Bucks County Building Department,Middletown Township Bucks County Building Department,municipal_primary_ucc_ahj,True
us-pa-middletown_twp_bucks__commercial__commercial_tenant_improvement__building,PA,Middletown Twp Bucks,commercial_tenant_improvement,occupancy,Middletown Township Bucks County Building Department,Middletown Township Bucks County Building Department,municipal_primary_ucc_ahj,True
us-pa-middletown_twp_bucks__commercial__commercial_tenant_improvement__building,PA,Middletown Twp Bucks,commercial_tenant_improvement,plumbing,Middletown Township Bucks County Building Department,Middletown Township Bucks County Building Department,municipal_primary_ucc_ahj,True
us-pa-middletown_twp_bucks__commercial__commercial_tenant_improvement__building,PA,Middletown Twp Bucks,commercial_tenant_improvement,zoning,Middletown Township Bucks County Building Department,Middletown Township Bucks County Building Department,municipal_primary_ucc_ahj,True
us-pa-monroeville_boro__commercial__commercial_tenant_improvement__building,PA,Monroeville Boro,commercial_tenant_improvement,building,Municipality of Monroeville Building Department,Municipality of Monroeville Building Department,municipal_primary_ucc_ahj,True
us-pa-mt_lebanon_twp__commercial__commercial_tenant_improvement__building,PA,Mt Lebanon Twp,commercial_tenant_improvement,building,Mt. Lebanon Township Inspections Department,Mt. Lebanon Township Inspections Department,local,True
us-pa-penn_hills_twp__commercial__commercial_tenant_improvement__building,PA,Penn Hills Twp,commercial_tenant_improvement,building,Municipality of Penn Hills Code Enforcement Department,Municipality of Penn Hills Code Enforcement Department,local_with_plumbing_delegation_to_county_health_department,True
us-pa-penn_hills_twp__commercial__commercial_tenant_improvement__building,PA,Penn Hills Twp,commercial_tenant_improvement,electrical,Municipality of Penn Hills Code Enforcement Department,Municipality of Penn Hills Code Enforcement Department,local_with_plumbing_delegation_to_county_health_department,True
us-pa-penn_hills_twp__commercial__commercial_tenant_improvement__building,PA,Penn Hills Twp,commercial_tenant_improvement,fire,Municipality of Penn Hills Code Enforcement Department,Municipality of Penn Hills Code Enforcement Department,local_with_plumbing_delegation_to_county_health_department,True
us-pa-penn_hills_twp__commercial__commercial_tenant_improvement__building,PA,Penn Hills Twp,commercial_tenant_improvement,mechanical,Municipality of Penn Hills Code Enforcement Department,Municipality of Penn Hills Code Enforcement Department,local_with_plumbing_delegation_to_county_health_department,True
us-pa-philadelphia__commercial__commercial_tenant_improvement__building,PA,Philadelphia,commercial_tenant_improvement,building,Philadelphia Department of Licenses and Inspections,Philadelphia Department of Licenses and Inspections,local,True
us-pa-philadelphia__commercial__commercial_tenant_improvement__building,PA,Philadelphia,commercial_tenant_improvement,electrical,Philadelphia Department of Licenses and Inspections,Philadelphia Department of Licenses and Inspections,local,True
us-pa-philadelphia__commercial__commercial_tenant_improvement__building,PA,Philadelphia,commercial_tenant_improvement,fire,Philadelphia Department of Licenses and Inspections,Philadelphia Department of Licenses and Inspections,local,True
us-pa-philadelphia__commercial__commercial_tenant_improvement__building,PA,Philadelphia,commercial_tenant_improvement,mechanical,Philadelphia Department of Licenses and Inspections,Philadelphia Department of Licenses and Inspections,local,True
us-pa-philadelphia__commercial__commercial_tenant_improvement__building,PA,Philadelphia,commercial_tenant_improvement,plumbing,Philadelphia Department of Licenses and Inspections,Philadelphia Department of Licenses and Inspections,local,True
us-pa-pittsburgh__commercial__commercial_tenant_improvement__building,PA,Pittsburgh,commercial_tenant_improvement,building,"City of Pittsburgh Department of Permits, Licenses and Inspections","City of Pittsburgh Department of Permits, Licenses and Inspections",local,True
us-pa-plum_boro__commercial__commercial_tenant_improvement__building,PA,Plum Boro,commercial_tenant_improvement,building,Borough of Plum Community Development Department,Borough of Plum Community Development Department,local,True
us-pa-plum_boro__commercial__commercial_tenant_improvement__building,PA,Plum Boro,commercial_tenant_improvement,electrical,Borough of Plum Community Development Department,Borough of Plum Community Development Department,local,True
us-pa-plum_boro__commercial__commercial_tenant_improvement__building,PA,Plum Boro,commercial_tenant_improvement,mechanical,Borough of Plum Community Development Department,Borough of Plum Community Development Department,local,True
us-pa-plum_boro__commercial__commercial_tenant_improvement__building,PA,Plum Boro,commercial_tenant_improvement,occupancy,Borough of Plum Community Development Department,Borough of Plum Community Development Department,local,True
us-pa-reading__commercial__commercial_tenant_improvement__building,PA,Reading,commercial_tenant_improvement,building,Reading,Reading,local,True
us-pa-ridley_twp__commercial__commercial_tenant_improvement__building,PA,Ridley Twp,commercial_tenant_improvement,building,Ridley Township Building and Zoning Department,Ridley Township Building and Zoning Department,municipal_primary_ucc_ahj,True
us-pa-ross_twp__commercial__commercial_tenant_improvement__building,PA,Ross Twp,commercial_tenant_improvement,building,Ross Township Building Department,Ross Township Building Department,local,True
us-pa-scranton__commercial__commercial_tenant_improvement__building,PA,Scranton,commercial_tenant_improvement,building,City of Scranton Bureau of Code Enforcement,City of Scranton Bureau of Code Enforcement,local,True
us-pa-shaler_twp__commercial__commercial_tenant_improvement__building,PA,Shaler Twp,commercial_tenant_improvement,building,Shaler Township Building and Zoning Department,Shaler Township Building and Zoning Department,local,True
us-pa-south_whitehall_twp__commercial__commercial_tenant_improvement__building,PA,South Whitehall Twp,commercial_tenant_improvement,building,South Whitehall Township Community Development Department,South Whitehall Township Community Development Department,local,True
us-pa-springettsbury_twp__commercial__commercial_tenant_improvement__building,PA,Springettsbury Twp,commercial_tenant_improvement,building,Springettsbury Township York County Building Department,Springettsbury Township York County Building Department,municipal_primary_ucc_ahj,True
us-pa-springfield_twp_delaware__commercial__commercial_tenant_improvement__building,PA,Springfield Twp Delaware,commercial_tenant_improvement,building,Springfield Twp Delaware,Springfield Twp Delaware,local,True
us-pa-susquehanna_twp_dauphin__commercial__commercial_tenant_improvement__building,PA,Susquehanna Twp Dauphin,commercial_tenant_improvement,building,Susquehanna Township Building and Zoning Department,Susquehanna Township Building and Zoning Department,municipal_primary_ucc_ahj,True
us-pa-tredyffrin_twp__commercial__commercial_tenant_improvement__building,PA,Tredyffrin Twp,commercial_tenant_improvement,building,Tredyffrin Twp,Tredyffrin Township Building and Zoning Department,local,True
us-pa-upper_darby_twp__commercial__commercial_tenant_improvement__building,PA,Upper Darby Twp,commercial_tenant_improvement,building,Upper Darby Township License and Inspections Department,Upper Darby Township License and Inspections Department,local,True
us-pa-upper_st_clair_twp__commercial__commercial_tenant_improvement__building,PA,Upper St Clair Twp,commercial_tenant_improvement,building,Upper St. Clair Township Building Department,Upper St. Clair Township Building Department,municipal_primary_ucc_ahj,True
us-pa-upper_st_clair_twp__commercial__commercial_tenant_improvement__building,PA,Upper St Clair Twp,commercial_tenant_improvement,zoning,Upper St. Clair Township Building Department,Upper St. Clair Township Building Department,municipal_primary_ucc_ahj,True
us-pa-wilkes_barre__commercial__commercial_tenant_improvement__building,PA,Wilkes Barre,commercial_tenant_improvement,building,City of Wilkes-Barre Code Enforcement,City of Wilkes-Barre Code Enforcement,local,True
us-pa-williamsport_city__commercial__commercial_tenant_improvement__building,PA,Williamsport City,commercial_tenant_improvement,building,City of Williamsport Code Administration,City of Williamsport Code Administration,municipal_primary_ucc_ahj,True
us-pa-york_city__commercial__commercial_tenant_improvement__building,PA,York City,commercial_tenant_improvement,building,City of York Bureau of Permits and Inspections,City of York Bureau of Permits and Inspections,local,True
us-ri-barrington__commercial__commercial_tenant_improvement__building,RI,Barrington,commercial_tenant_improvement,building,Town of Barrington Building and Zoning Office,Town of Barrington Building and Zoning Office / Rhode Island electronic construction permitting,local,True
us-ri-bristol__commercial__commercial_tenant_improvement__building,RI,Bristol,commercial_tenant_improvement,building,Town of Bristol Building Official,Rhode Island electronic construction permitting / Town of Bristol Building Official,local,True
us-ri-burrillville__commercial__commercial_tenant_improvement__building,RI,Burrillville,commercial_tenant_improvement,building,Town of Burrillville Building Official,Rhode Island electronic construction permitting / Town of Burrillville Building Official,local,True
us-ri-central_falls__commercial__commercial_tenant_improvement__building,RI,Central Falls,commercial_tenant_improvement,building,City of Central Falls Building Department,City of Central Falls Building Department,local,True
us-ri-coventry__commercial__commercial_tenant_improvement__building,RI,Coventry,commercial_tenant_improvement,building,Town of Coventry Building Department,Town of Coventry Building Department,mixed,True
us-ri-cranston__commercial__commercial_tenant_improvement__building,RI,Cranston,commercial_tenant_improvement,building,City of Cranston Building Department,City of Cranston Building Department,local,True
us-ri-cumberland__commercial__commercial_tenant_improvement__building,RI,Cumberland,commercial_tenant_improvement,building,Town of Cumberland Building Department,Town of Cumberland Building Department,local,True
us-ri-east_greenwich__commercial__commercial_tenant_improvement__building,RI,East Greenwich,commercial_tenant_improvement,building,Town of East Greenwich Building Official,Rhode Island electronic construction permitting / Town of East Greenwich Building Official,local,True
us-ri-foster__commercial__commercial_tenant_improvement__building,RI,Foster,commercial_tenant_improvement,building,Town of Foster Building Official,Rhode Island electronic construction permitting / Town of Foster Building Official,local,True
us-ri-glocester__commercial__commercial_tenant_improvement__building,RI,Glocester,commercial_tenant_improvement,building,Town of Glocester Building/Zoning Official / Rhode Island Statewide E-Permitting,Town of Glocester Building/Zoning Official / Rhode Island Statewide E-Permitting,local_town_building_zoning_state_epermitting,True
us-ri-hopkinton__commercial__commercial_tenant_improvement__building,RI,Hopkinton,commercial_tenant_improvement,building,Town of Hopkinton Building Official,Rhode Island electronic construction permitting / Town of Hopkinton Building Official,local,True
us-ri-jamestown__commercial__commercial_tenant_improvement__building,RI,Jamestown,commercial_tenant_improvement,building,Town of Jamestown Building Official,Rhode Island electronic construction permitting / Town of Jamestown Building Official,local,True
us-ri-johnston__commercial__commercial_tenant_improvement__building,RI,Johnston,commercial_tenant_improvement,building,Town of Johnston Building Department,Town of Johnston Building Department,local,True
us-ri-lincoln__commercial__commercial_tenant_improvement__building,RI,Lincoln,commercial_tenant_improvement,building,Town of Lincoln Building Official,Rhode Island electronic construction permitting / Town of Lincoln Building Official,local,True
us-ri-narragansett__commercial__commercial_tenant_improvement__building,RI,Narragansett,commercial_tenant_improvement,building,Town of Narragansett Building Official,Rhode Island electronic construction permitting / Town of Narragansett Building Official,local,True
us-ri-newport__commercial__commercial_tenant_improvement__building,RI,Newport,commercial_tenant_improvement,building,City of Newport Building Department,City of Newport Building Department,local,True
us-ri-north_kingstown__commercial__commercial_tenant_improvement__building,RI,North Kingstown,commercial_tenant_improvement,building,Town of North Kingstown Building Department,Town of North Kingstown Building Department,local,True
us-ri-north_providence__commercial__commercial_tenant_improvement__building,RI,North Providence,commercial_tenant_improvement,building,Town of North Providence Building Department,Town of North Providence Building Department,local,True
us-ri-pawtucket__commercial__commercial_tenant_improvement__building,RI,Pawtucket,commercial_tenant_improvement,building,City of Pawtucket Building Department,City of Pawtucket Building Department,local,True
us-ri-pawtucket__commercial__commercial_tenant_improvement__building,RI,Pawtucket,commercial_tenant_improvement,electrical,City of Pawtucket Building Department,City of Pawtucket Building Department,local,True
us-ri-pawtucket__commercial__commercial_tenant_improvement__building,RI,Pawtucket,commercial_tenant_improvement,mechanical,City of Pawtucket Building Department,City of Pawtucket Building Department,local,True
us-ri-pawtucket__commercial__commercial_tenant_improvement__building,RI,Pawtucket,commercial_tenant_improvement,occupancy,City of Pawtucket Building Department,City of Pawtucket Building Department,local,True
us-ri-pawtucket__commercial__commercial_tenant_improvement__building,RI,Pawtucket,commercial_tenant_improvement,plumbing,City of Pawtucket Building Department,City of Pawtucket Building Department,local,True
us-ri-pawtucket__commercial__commercial_tenant_improvement__building,RI,Pawtucket,commercial_tenant_improvement,zoning,City of Pawtucket Building Department,City of Pawtucket Building Department,local,True
us-ri-portsmouth__commercial__commercial_tenant_improvement__building,RI,Portsmouth,commercial_tenant_improvement,building,Town of Portsmouth Building Official,Rhode Island electronic construction permitting / Town of Portsmouth Building Official,local,True
us-ri-providence__commercial__commercial_tenant_improvement__building,RI,Providence,commercial_tenant_improvement,building,City of Providence Building Inspection,City of Providence Building Inspection,local,True
us-ri-richmond__commercial__commercial_tenant_improvement__building,RI,Richmond,commercial_tenant_improvement,building,Town of Richmond Building Official,Rhode Island electronic construction permitting / Town of Richmond Building Official,local,True
us-ri-smithfield__commercial__commercial_tenant_improvement__building,RI,Smithfield,commercial_tenant_improvement,building,Town of Smithfield Building Official,Rhode Island electronic construction permitting / Town of Smithfield Building Official,local,True
us-ri-south_kingstown__commercial__commercial_tenant_improvement__building,RI,South Kingstown,commercial_tenant_improvement,building,Town of South Kingstown Building Department,Town of South Kingstown Building Department,local,True
us-ri-warwick__commercial__commercial_tenant_improvement__building,RI,Warwick,commercial_tenant_improvement,building,City of Warwick Building Department,City of Warwick Building Department,local,True
us-ri-west_warwick__commercial__commercial_tenant_improvement__building,RI,West Warwick,commercial_tenant_improvement,building,Town of West Warwick Building Department,Town of West Warwick Building Department,local,True
us-ri-westerly__commercial__commercial_tenant_improvement__building,RI,Westerly,commercial_tenant_improvement,building,Town of Westerly Building Department,Town of Westerly Building Department,local,True
us-ri-woonsocket__commercial__commercial_tenant_improvement__building,RI,Woonsocket,commercial_tenant_improvement,building,City of Woonsocket Building Department,City of Woonsocket Building Department,local,True
us-sc-aiken_city__commercial__commercial_tenant_improvement__building,SC,Aiken City,commercial_tenant_improvement,building,City of Aiken Permitting and Codes,City of Aiken Permitting and Codes,local,True
us-sc-anderson_city__commercial__commercial_tenant_improvement__building,SC,Anderson City,commercial_tenant_improvement,building,City of Anderson Building and Codes,City of Anderson Building and Codes,local,True
us-sc-anderson_county__residential__residential_building_construction_alteration_or_inspection__building,SC,Anderson County,residential_remodel,building,Anderson County Building and Codes,"county authority limited to county/unincorporated jurisdiction; downstream builder must route to this county only where it is the application authority, not municipal rows",county,True
us-sc-anderson_county__residential__residential_building_construction_alteration_or_inspection__building,SC,Anderson County,residential_remodel,electrical,Anderson County Building and Codes,"county authority limited to county/unincorporated jurisdiction; downstream builder must route to this county only where it is the application authority, not municipal rows",county,True
us-sc-anderson_county__residential__residential_building_construction_alteration_or_inspection__building,SC,Anderson County,residential_remodel,mechanical,Anderson County Building and Codes,"county authority limited to county/unincorporated jurisdiction; downstream builder must route to this county only where it is the application authority, not municipal rows",county,True
us-sc-anderson_county__residential__residential_building_construction_alteration_or_inspection__building,SC,Anderson County,residential_remodel,plumbing,Anderson County Building and Codes,"county authority limited to county/unincorporated jurisdiction; downstream builder must route to this county only where it is the application authority, not municipal rows",county,True
us-sc-beaufort_city__commercial__commercial_tenant_improvement__building,SC,Beaufort City,commercial_tenant_improvement,building,City of Beaufort Building Codes Department,City of Beaufort Building Codes Department,local,True
us-sc-beaufort_county__residential__residential_building_construction_alteration_or_inspection__building,SC,Beaufort County,residential_remodel,building,Beaufort County Building Codes,"county authority limited to county/unincorporated jurisdiction; downstream builder must route to this county only where it is the application authority, not municipal rows",county,True
us-sc-beaufort_county__residential__residential_building_construction_alteration_or_inspection__building,SC,Beaufort County,residential_remodel,electrical,Beaufort County Building Codes,"county authority limited to county/unincorporated jurisdiction; downstream builder must route to this county only where it is the application authority, not municipal rows",county,True
us-sc-beaufort_county__residential__residential_building_construction_alteration_or_inspection__building,SC,Beaufort County,residential_remodel,fire,Beaufort County Building Codes,"county authority limited to county/unincorporated jurisdiction; downstream builder must route to this county only where it is the application authority, not municipal rows",county,True
us-sc-bluffton__commercial__commercial_tenant_improvement__building,SC,Bluffton,commercial_tenant_improvement,building,Town of Bluffton Growth Management - Building Safety Division,Town of Bluffton Growth Management - Building Safety Division,local,True
us-sc-cayce__commercial__commercial_tenant_improvement__building,SC,Cayce,commercial_tenant_improvement,building,City of Cayce Building Services,City of Cayce Building Services,local,True
us-sc-charleston_city__commercial__commercial_tenant_improvement__building,SC,Charleston City,commercial_tenant_improvement,building,City of Charleston Permit Center,City of Charleston Permit Center / Customer Self Service (CSS),local,True
us-sc-charleston_county__commercial__commercial_tenant_improvement__building,SC,Charleston County,commercial_tenant_improvement,building,Charleston County,Charleston County,local,True
us-sc-clemson__commercial__commercial_tenant_improvement__building,SC,Clemson,commercial_tenant_improvement,building,City of Clemson Planning & Development / Permitting,City of Clemson Planning & Development / Permitting,local,True
us-sc-columbia_city__commercial__commercial_tenant_improvement__building,SC,Columbia City,commercial_tenant_improvement,building,City of Columbia Department of Planning and Development,City of Columbia Development Center,local,True
us-sc-conway__commercial__commercial_tenant_improvement__building,SC,Conway,commercial_tenant_improvement,building,City of Conway Construction Services Department,City of Conway Construction Services Department,local,True
us-sc-dorchester_county__commercial__commercial_tenant_improvement__building,SC,Dorchester County,commercial_tenant_improvement,building,Dorchester County Building Services,"county authority limited to county/unincorporated jurisdiction; downstream builder must route to this county only where it is the application authority, not municipal rows",county,True
us-sc-easley__residential__residential_building_construction_alteration_or_inspection__building,SC,Easley,residential_remodel,building,City of Easley Building Department,City of Easley Building Department,local,True
us-sc-florence_city__commercial__commercial_tenant_improvement__building,SC,Florence City,commercial_tenant_improvement,building,City of Florence Building & Permitting Department,City of Florence Building & Permitting Department,local,True
us-sc-fort_mill__commercial__commercial_tenant_improvement__building,SC,Fort Mill,commercial_tenant_improvement,building,Town of Fort Mill Building & Codes Department,Town of Fort Mill Building & Codes Department,local,True
us-sc-fountain_inn__commercial__commercial_tenant_improvement__building,SC,Fountain Inn,commercial_tenant_improvement,building,City of Fountain Inn Planning / Permitting,City of Fountain Inn Planning / Permitting,local,True
us-sc-goose_creek__commercial__commercial_tenant_improvement__building,SC,Goose Creek,commercial_tenant_improvement,building,City of Goose Creek Building Inspection Division,City of Goose Creek Building Inspection Division,local,True
us-sc-greenville_city__commercial__commercial_tenant_improvement__building,SC,Greenville City,commercial_tenant_improvement,building,City of Greenville Building Codes and Permit Center,City of Greenville Building Codes and Permit Center,local,True
us-sc-greenville_county__residential__residential_building_construction_alteration_or_inspection__building,SC,Greenville County,residential_remodel,building,Greenville County Building Safety,"county authority limited to county/unincorporated jurisdiction; downstream builder must route to this county only where it is the application authority, not municipal rows",county,True
us-sc-greenville_county__residential__residential_building_construction_alteration_or_inspection__building,SC,Greenville County,residential_remodel,fire,Greenville County Building Safety,"county authority limited to county/unincorporated jurisdiction; downstream builder must route to this county only where it is the application authority, not municipal rows",county,True
us-sc-greenwood_city__commercial__commercial_tenant_improvement__building,SC,Greenwood City,commercial_tenant_improvement,building,Greenwood City/County Permits & Code Enforcement,Greenwood City/County Permits & Code Enforcement,local,True
us-sc-greer__commercial__commercial_tenant_improvement__building,SC,Greer,commercial_tenant_improvement,building,City of Greer Planning & Development Department,City of Greer Planning & Development Department,local,True
us-sc-hardeeville__commercial__commercial_tenant_improvement__building,SC,Hardeeville,commercial_tenant_improvement,building,City of Hardeeville Planning & Development / Permits,City of Hardeeville Planning & Development / Permits,local,True
us-sc-hilton_head_island__commercial__commercial_tenant_improvement__building,SC,Hilton Head Island,commercial_tenant_improvement,building,Town of Hilton Head Island Community Development Information Center,Town of Hilton Head Island Community Development Information Center,local,True
us-sc-horry_county__residential__residential_building_construction_alteration_or_inspection__building,SC,Horry County,residential_remodel,building,Horry County Code Enforcement,"county authority limited to county/unincorporated jurisdiction; downstream builder must route to this county only where it is the application authority, not municipal rows",county,True
us-sc-irmo__commercial__commercial_tenant_improvement__building,SC,Irmo,commercial_tenant_improvement,building,Irmo,Irmo,local,True
us-sc-irmo__commercial__commercial_tenant_improvement__building,SC,Irmo,commercial_tenant_improvement,electrical,Irmo,Irmo,local,True
us-sc-irmo__commercial__commercial_tenant_improvement__building,SC,Irmo,commercial_tenant_improvement,mechanical,Irmo,Irmo,local,True
us-sc-irmo__commercial__commercial_tenant_improvement__building,SC,Irmo,commercial_tenant_improvement,plumbing,Irmo,Irmo,local,True
us-sc-irmo__commercial__commercial_tenant_improvement__building,SC,Irmo,commercial_tenant_improvement,zoning,Irmo,Irmo,local,True
us-sc-lexington_county__commercial__commercial_tenant_improvement__building,SC,Lexington County,commercial_tenant_improvement,building,Lexington County Community Development Building Permits,"county authority limited to county/unincorporated jurisdiction; downstream builder must route to this county only where it is the application authority, not municipal rows",county,True
us-sc-lexington_town__residential__residential_building_construction_alteration_or_inspection__building,SC,Lexington Town,residential_remodel,building,Town of Lexington Permits,Town of Lexington Permits,local,True
us-sc-mauldin__residential__residential_building_construction_alteration_or_inspection__building,SC,Mauldin,residential_remodel,building,City of Mauldin Business and Development Department,City of Mauldin Business and Development Department,local,True
us-sc-moncks_corner__commercial__commercial_tenant_improvement__building,SC,Moncks Corner,commercial_tenant_improvement,building,Town of Moncks Corner Community Development / CommunityCore,Town of Moncks Corner Community Development / CommunityCore,local,True
us-sc-mount_pleasant__commercial__commercial_tenant_improvement__building,SC,Mount Pleasant,commercial_tenant_improvement,building,Town of Mount Pleasant Building Inspections Division,Town of Mount Pleasant Building Inspections Division,local,True
us-sc-myrtle_beach__commercial__commercial_tenant_improvement__building,SC,Myrtle Beach,commercial_tenant_improvement,building,City of Myrtle Beach Construction Services Department,City of Myrtle Beach Construction Services Department,local,True
us-sc-newberry_city__commercial__commercial_tenant_improvement__building,SC,Newberry City,commercial_tenant_improvement,building,City of Newberry Planning & Development / Building Construction,City of Newberry Planning & Development / Building Construction,local,True
us-sc-north_augusta__commercial__commercial_tenant_improvement__building,SC,North Augusta,commercial_tenant_improvement,building,City of North Augusta Building Standards,City of North Augusta Building Standards / Engineering & Public Works; Planning & Development for site plan/zoning; Public Safety for fire inspections when applicable,local,True
us-sc-north_charleston__commercial__commercial_tenant_improvement__building,SC,North Charleston,commercial_tenant_improvement,building,North Charleston,North Charleston,local,True
us-sc-richland_county__commercial__commercial_tenant_improvement__building,SC,Richland County,commercial_tenant_improvement,building,Richland County,Richland County,local,True
us-sc-rock_hill__commercial__commercial_tenant_improvement__building,SC,Rock Hill,commercial_tenant_improvement,building,City of Rock Hill Planning and Development Department,City of Rock Hill Planning and Development Department,local,True
us-sc-simpsonville__commercial__commercial_tenant_improvement__building,SC,Simpsonville,commercial_tenant_improvement,building,City of Simpsonville Planning and Development,City of Simpsonville Planning and Development,local,True
us-sc-spartanburg_city__commercial__commercial_tenant_improvement__building,SC,Spartanburg City,commercial_tenant_improvement,building,City of Spartanburg Building Inspections Department,City of Spartanburg Building Inspections Department,local,True
us-sc-spartanburg_county__residential__residential_building_construction_alteration_or_inspection__building,SC,Spartanburg County,residential_remodel,building,Spartanburg County Building Codes,"county authority limited to county/unincorporated jurisdiction; downstream builder must route to this county only where it is the application authority, not municipal rows",county,True
us-sc-spartanburg_county__residential__residential_building_construction_alteration_or_inspection__building,SC,Spartanburg County,residential_remodel,electrical,Spartanburg County Building Codes,"county authority limited to county/unincorporated jurisdiction; downstream builder must route to this county only where it is the application authority, not municipal rows",county,True
us-sc-spartanburg_county__residential__residential_building_construction_alteration_or_inspection__building,SC,Spartanburg County,residential_remodel,fire,Spartanburg County Building Codes,"county authority limited to county/unincorporated jurisdiction; downstream builder must route to this county only where it is the application authority, not municipal rows",county,True
us-sc-spartanburg_county__residential__residential_building_construction_alteration_or_inspection__building,SC,Spartanburg County,residential_remodel,mechanical,Spartanburg County Building Codes,"county authority limited to county/unincorporated jurisdiction; downstream builder must route to this county only where it is the application authority, not municipal rows",county,True
us-sc-spartanburg_county__residential__residential_building_construction_alteration_or_inspection__building,SC,Spartanburg County,residential_remodel,plumbing,Spartanburg County Building Codes,"county authority limited to county/unincorporated jurisdiction; downstream builder must route to this county only where it is the application authority, not municipal rows",county,True
us-sc-summerville__commercial__commercial_tenant_improvement__building,SC,Summerville,commercial_tenant_improvement,building,Summerville,Summerville,local,True
us-sc-sumter_city__commercial__commercial_tenant_improvement__building,SC,Sumter City,commercial_tenant_improvement,building,Sumter City/County Building Department,Sumter City/County Building Department,local,True
us-sc-tega_cay__commercial__commercial_tenant_improvement__building,SC,Tega Cay,commercial_tenant_improvement,building,City of Tega Cay Development Services,City of Tega Cay Development Services / Evolve permit portal,local,True
us-sc-west_columbia__commercial__commercial_tenant_improvement__building,SC,West Columbia,commercial_tenant_improvement,building,City of West Columbia Building Department,City of West Columbia Building Department,local,True
us-sc-york_city__commercial__commercial_tenant_improvement__building,SC,York City,commercial_tenant_improvement,building,City of York Planning and Development Building Permits and Inspections,City of York Planning and Development Building Permits and Inspections online services,third_party,True
us-sc-york_county__commercial__commercial_tenant_improvement__building,SC,York County,commercial_tenant_improvement,building,York County Planning and Development Services,"county authority limited to county/unincorporated jurisdiction; downstream builder must route to this county only where it is the application authority, not municipal rows",county,True
us-sd-belle_fourche__commercial__commercial_tenant_improvement__building,SD,Belle Fourche,commercial_tenant_improvement,building,Belle Fourche,Belle Fourche,local,True
us-sd-box_elder__commercial__commercial_tenant_improvement__building,SD,Box Elder,commercial_tenant_improvement,building,Box Elder official building/permit authority,Box Elder official building/permit authority,local,True
us-sd-brookings__commercial__commercial_tenant_improvement__building,SD,Brookings,commercial_tenant_improvement,building,City of Brookings Building Services,City of Brookings Building Services,local,True
us-sd-brookings_county__commercial__commercial_tenant_improvement__building,SD,Brookings County,commercial_tenant_improvement,building,Brookings County Planning & Zoning,Brookings County Planning & Zoning,county,True
us-sd-brown_county__commercial__commercial_tenant_improvement__building,SD,Brown County,commercial_tenant_improvement,building,Brown County Planning & Zoning,Brown County Planning & Zoning,county,True
us-sd-brule_county__commercial__commercial_tenant_improvement__building,SD,Brule County,commercial_tenant_improvement,building,SD|us-sd-brule_county|county|Brule County Planning & Zoning,SD|us-sd-brule_county|county|Brule County Planning & Zoning,local,True
us-sd-butte_county__commercial__commercial_tenant_improvement__building,SD,Butte County,commercial_tenant_improvement,building,Butte County,Butte County,local,True
us-sd-charles_mix_county__commercial__commercial_tenant_improvement__building,SD,Charles Mix County,commercial_tenant_improvement,building,Charles Mix County,Charles Mix County,local,True
us-sd-huron--new_construction_structural_change_or_remodel--building,SD,City of Huron Inspections Department,reroof,building,City of Huron Inspections Department,City of Huron Inspections Department,local,True
us-sd-milbank--building_or_site_work--building,SD,City of Milbank Planning & Zoning,reroof,building,City of Milbank Planning & Zoning,City of Milbank Planning & Zoning,local,True
us-sd-vermillion--building_or_remodel_work--building,SD,City of Vermillion Code Enforcement,reroof,building,City of Vermillion Code Enforcement,City of Vermillion Code Enforcement,local,True
us-sd-volga--building_or_remodel_project--building,SD,City of Volga Building Permits,reroof,building,City of Volga Building Permits,City of Volga Building Permits,local,True
us-sd-clark_county__commercial__commercial_tenant_improvement__building,SD,Clark County,commercial_tenant_improvement,building,Clark County,Clark County,local,True
us-sd-clay_county__commercial__commercial_tenant_improvement__building,SD,Clay County,commercial_tenant_improvement,building,Clay County,Clay County,local,True
us-sd-codington_county__commercial__commercial_tenant_improvement__building,SD,Codington County,commercial_tenant_improvement,building,Codington County Zoning Office,Codington County Zoning Office,county,True
us-sd-davison_county__commercial__commercial_tenant_improvement__building,SD,Davison County,commercial_tenant_improvement,building,Davison County,Davison County Planning and Zoning Office,local,True
us-sd-day_county__commercial__commercial_tenant_improvement__building,SD,Day County,commercial_tenant_improvement,building,Day County Planning & Zoning,Day County Planning & Zoning,local,True
us-sd-deuel_county__commercial__commercial_tenant_improvement__building,SD,Deuel County,commercial_tenant_improvement,building,Deuel County,Deuel County,local,True
us-sd-groton__commercial__commercial_tenant_improvement__building,SD,Groton,commercial_tenant_improvement,building,City of Groton City Hall / Building Permits,City of Groton City Hall / Building Permits,city,True
us-sd-harrisburg__commercial__commercial_tenant_improvement__building,SD,Harrisburg,commercial_tenant_improvement,building,City of Harrisburg Building Services,City of Harrisburg Building Services,local,True
us-sd-hot_springs__commercial__commercial_tenant_improvement__building,SD,Hot Springs,commercial_tenant_improvement,building,City of Hot Springs Building/Development,City of Hot Springs Building/Development,local,True
us-sd-lawrence_county__commercial__commercial_tenant_improvement__building,SD,Lawrence County,commercial_tenant_improvement,building,Lawrence County Planning & Zoning,Lawrence County Planning & Zoning,county,True
us-sd-lead__commercial__commercial_tenant_improvement__building,SD,Lead,commercial_tenant_improvement,building,City of Lead Building Department,City of Lead Building Department,local,True
us-sd-lincoln_county__commercial__commercial_tenant_improvement__building,SD,Lincoln County,commercial_tenant_improvement,building,Lincoln County Planning & Zoning,Lincoln County Planning & Zoning,county,True
us-sd-madison__commercial__commercial_tenant_improvement__building,SD,Madison,commercial_tenant_improvement,building,City of Madison Engineering & Community Development,City of Madison Engineering & Community Development,local,True
us-sd-meade_county__commercial__commercial_tenant_improvement__building,SD,Meade County,commercial_tenant_improvement,building,Meade County Planning Office,Meade County Planning Office,county,True
us-sd-minnehaha_county__commercial__commercial_tenant_improvement__building,SD,Minnehaha County,commercial_tenant_improvement,building,Minnehaha County Planning & Zoning,Minnehaha County Planning & Zoning,county,True
us-sd-mitchell__commercial__commercial_tenant_improvement__building,SD,Mitchell,commercial_tenant_improvement,building,City of Mitchell Building Inspection,City of Mitchell Building Inspection,local,True
us-sd-mitchell__commercial__commercial_tenant_improvement__building,SD,Mitchell,commercial_tenant_improvement,zoning,City of Mitchell Building Inspection,City of Mitchell Building Inspection,local,True
us-sd-north_sioux_city--building_project_or_renovation--building,SD,North Sioux City,residential_remodel,building,Permit office,Permit office,local,True
us-sd-parkston__commercial__commercial_tenant_improvement__building,SD,Parkston,commercial_tenant_improvement,building,City of Parkston Planning & Zoning Commission,City of Parkston Planning & Zoning Commission,local,True
us-sd-pennington_county__commercial__commercial_tenant_improvement__building,SD,Pennington County,commercial_tenant_improvement,building,Pennington County Planning & Zoning,Pennington County Planning & Zoning,county,True
us-sd-pierre__commercial__commercial_tenant_improvement__building,SD,Pierre,commercial_tenant_improvement,building,City of Pierre Building Official,City of Pierre Building Official,local,True
us-sd-rapid_city__commercial__commercial_tenant_improvement__building,SD,Rapid City,commercial_tenant_improvement,building,City of Rapid City Building Services,City of Rapid City Building Services,local,True
us-sd-redfield__commercial__commercial_tenant_improvement__building,SD,Redfield,commercial_tenant_improvement,building,City of Redfield,City of Redfield,local,True
us-sd-sioux_falls__commercial__commercial_tenant_improvement__building,SD,Sioux Falls,commercial_tenant_improvement,building,City of Sioux Falls Building Services,City of Sioux Falls Building Services,local,True
us-sd-sioux_falls__commercial__commercial_tenant_improvement__building,SD,Sioux Falls,commercial_tenant_improvement,zoning,City of Sioux Falls Building Services,City of Sioux Falls Building Services,local,True
us-sd-spearfish__commercial__commercial_tenant_improvement__building,SD,Spearfish,commercial_tenant_improvement,building,City of Spearfish Building Services Division,City of Spearfish Building Services Division,local,True
us-sd-tea__commercial__commercial_tenant_improvement__building,SD,Tea,commercial_tenant_improvement,building,City of Tea Planning & Zoning / Building Services,City of Tea Planning & Zoning / Building Services,local,True
us-sd-union_county__commercial__commercial_tenant_improvement__building,SD,Union County,commercial_tenant_improvement,building,Union County official building/permit authority,Union County official building/permit authority,local,True
us-sd-watertown__commercial__commercial_tenant_improvement__building,SD,Watertown,commercial_tenant_improvement,building,City of Watertown Building Permits,City of Watertown Building Permits,local,True
us-sd-winner__commercial__commercial_tenant_improvement__building,SD,Winner,commercial_tenant_improvement,building,Winner,Winner,local,True
us-sd-winner__commercial__commercial_tenant_improvement__building,SD,Winner,commercial_tenant_improvement,electrical,Winner,Winner,local,True
us-sd-winner__commercial__commercial_tenant_improvement__building,SD,Winner,commercial_tenant_improvement,mechanical,Winner,Winner,local,True
us-sd-winner__commercial__commercial_tenant_improvement__building,SD,Winner,commercial_tenant_improvement,plumbing,Winner,Winner,local,True
us-sd-yankton__commercial__commercial_tenant_improvement__building,SD,Yankton,commercial_tenant_improvement,building,City of Yankton Building Services,City of Yankton Building Services,local,True
us-tn-anderson_county__commercial__commercial_tenant_improvement__building,TN,Anderson County,commercial_tenant_improvement,building,Anderson County - Building and Codes Department,Anderson County - Building and Codes Department,county,True
us-tn-bartlett__commercial__commercial_tenant_improvement__building,TN,Bartlett,commercial_tenant_improvement,building,City of Bartlett - Code Construction Department,City of Bartlett - Code Construction Department,local,True
us-tn-blount_county__commercial__commercial_tenant_improvement__building,TN,Blount County,commercial_tenant_improvement,building,Blount County Department of Development Services,Blount County Department of Development Services,county,True
us-tn-blount_county__commercial__commercial_tenant_improvement__building,TN,Blount County,commercial_tenant_improvement,occupancy,Blount County Department of Development Services,Blount County Department of Development Services,county,True
us-tn-blount_county__commercial__commercial_tenant_improvement__building,TN,Blount County,commercial_tenant_improvement,plumbing,Blount County Department of Development Services,Blount County Department of Development Services,county,True
us-tn-blount_county__commercial__commercial_tenant_improvement__building,TN,Blount County,commercial_tenant_improvement,zoning,Blount County Department of Development Services,Blount County Department of Development Services,county,True
us-tn-bradley_county__commercial__commercial_tenant_improvement__building,TN,Bradley County,commercial_tenant_improvement,building,Bradley County,Bradley County,local,True
us-tn-brentwood__commercial__commercial_tenant_improvement__building,TN,Brentwood,commercial_tenant_improvement,building,Brentwood,Brentwood,local,True
us-tn-bristol__commercial__commercial_tenant_improvement__building,TN,Bristol,commercial_tenant_improvement,building,Bristol,Bristol,local,True
us-tn-chattanooga__commercial__commercial_tenant_improvement__building,TN,Chattanooga,commercial_tenant_improvement,building,City of Chattanooga Land Development Office,City of Chattanooga Land Development Office,local,True
us-tn-clarksville__commercial__commercial_tenant_improvement__building,TN,Clarksville,commercial_tenant_improvement,building,City of Clarksville Building and Codes,City of Clarksville Building and Codes,local,True
us-tn-collierville__commercial__commercial_tenant_improvement__building,TN,Collierville,commercial_tenant_improvement,building,Collierville,Collierville,local,True
us-tn-columbia__commercial__commercial_tenant_improvement__building,TN,Columbia,commercial_tenant_improvement,building,Columbia official building/permit authority,Columbia official building/permit authority,local,True
us-tn-farragut__commercial__commercial_tenant_improvement__building,TN,Farragut,commercial_tenant_improvement,building,Town of Farragut Building and Fire Codes Division; State of TN Electrical Inspectors Office for electrical permits/inspections,Town of Farragut Community Development / Building and Fire Codes Division (MGO portal); State of TN Electrical Inspectors Office for electrical permits/inspections,local_with_state_electrical_delegation,True
us-tn-franklin__commercial__commercial_tenant_improvement__building,TN,Franklin,commercial_tenant_improvement,building,City of Franklin - Building and Neighborhood Services,City of Franklin - Building and Neighborhood Services,local,True
us-tn-gallatin__commercial__commercial_tenant_improvement__building,TN,Gallatin,commercial_tenant_improvement,building,City of Gallatin Building Codes,City of Gallatin Building Codes,local,True
us-tn-greene_county__commercial__commercial_tenant_improvement__building,TN,Greene County,commercial_tenant_improvement,building,Greene County - Zoning and Building Office,Greene County - Zoning and Building Office,county,True
us-tn-hamblen_county__commercial__commercial_tenant_improvement__building,TN,Hamblen County,commercial_tenant_improvement,building,Hamblen County - Planning and Zoning (Building Inspections),Hamblen County - Planning and Zoning (Building Inspections),county,True
us-tn-hamilton_county__commercial__commercial_tenant_improvement__building,TN,Hamilton County,commercial_tenant_improvement,building,Hamilton County Building Inspection Department,Hamilton County Building Inspection Department,county,True
us-tn-hendersonville__commercial__commercial_tenant_improvement__building,TN,Hendersonville,commercial_tenant_improvement,building,Hendersonville,Hendersonville,local,True
us-tn-jackson__commercial__commercial_tenant_improvement__building,TN,Jackson,commercial_tenant_improvement,building,City of Jackson - Building and Codes,City of Jackson - Building and Codes,local,True
us-tn-jackson__commercial__commercial_tenant_improvement__building,TN,Jackson,commercial_tenant_improvement,occupancy,City of Jackson - Building and Codes,City of Jackson - Building and Codes,local,True
us-tn-johnson_city__commercial__commercial_tenant_improvement__building,TN,Johnson City,commercial_tenant_improvement,building,City of Johnson City - Building Codes Division,City of Johnson City - Building Codes Division,local,True
us-tn-knox_county__commercial__commercial_tenant_improvement__building,TN,Knox County,commercial_tenant_improvement,building,Knox County Codes Administration and Enforcement,Knox County Codes Administration and Enforcement,county,True
us-tn-knoxville__commercial__commercial_tenant_improvement__building,TN,Knoxville,commercial_tenant_improvement,building,City of Knoxville Plans Review and Inspections (Development Services),City of Knoxville Plans Review and Inspections (Development Services),local,True
us-tn-la_vergne__commercial__commercial_tenant_improvement__building,TN,La Vergne,commercial_tenant_improvement,building,La Vergne official building/permit authority,La Vergne official building/permit authority,local,True
us-tn-lakeland__commercial__commercial_tenant_improvement__building,TN,Lakeland,commercial_tenant_improvement,occupancy,Memphis and Shelby County Construction Code Enforcement for building/trade construction-code permits; City of Lakeland for City permit intake and commercial Certificate of Use and Occupancy.,City of Lakeland Planning Department for city permits and Certificate of Use and Occupancy; Memphis and Shelby County Construction Code Enforcement / DPD for construction-code permits and inspections in Lakeland.,city_with_county_construction_code_delegation,True
us-tn-lebanon__commercial__commercial_tenant_improvement__building,TN,Lebanon,commercial_tenant_improvement,building,Lebanon,Lebanon,local,True
us-tn-lebanon__commercial__commercial_tenant_improvement__building,TN,Lebanon,commercial_tenant_improvement,fire,Lebanon,Lebanon,local,True
us-tn-madison_county__commercial__commercial_tenant_improvement__building,TN,Madison County,commercial_tenant_improvement,building,Madison County - Building Department,Madison County - Building Department,county,True
us-tn-maryville__commercial__commercial_tenant_improvement__building,TN,Maryville,commercial_tenant_improvement,building,Maryville official building/permit authority,Maryville official building/permit authority,local,True
us-tn-maury_county__commercial__commercial_tenant_improvement__building,TN,Maury County,commercial_tenant_improvement,building,Maury County - Building and Zoning Office,Maury County - Building and Zoning Office,county,True
us-tn-memphis__commercial__commercial_tenant_improvement__building,TN,Memphis,commercial_tenant_improvement,building,Memphis and Shelby County Office of Construction Code Enforcement,Memphis and Shelby County Office of Construction Code Enforcement via Develop901 portal,delegated,True
us-tn-millington__commercial__commercial_tenant_improvement__building,TN,Millington,commercial_tenant_improvement,building,City of Millington - Building Permits,City of Millington - Building Permits,local,True
us-tn-montgomery_county__commercial__commercial_tenant_improvement__building,TN,Montgomery County,commercial_tenant_improvement,building,Montgomery County Building and Codes Department,Montgomery County Building and Codes Department,county,True
us-tn-mount_juliet__commercial__commercial_tenant_improvement__building,TN,Mount Juliet,commercial_tenant_improvement,building,City of Mt. Juliet Building & Codes Department,City of Mt. Juliet Building & Codes Department,local,True
us-tn-mount_juliet__commercial__commercial_tenant_improvement__building,TN,Mount Juliet,commercial_tenant_improvement,electrical,City of Mt. Juliet Building & Codes Department,City of Mt. Juliet Building & Codes Department,local,True
us-tn-mount_juliet__commercial__commercial_tenant_improvement__building,TN,Mount Juliet,commercial_tenant_improvement,mechanical,City of Mt. Juliet Building & Codes Department,City of Mt. Juliet Building & Codes Department,local,True
us-tn-mount_juliet__commercial__commercial_tenant_improvement__building,TN,Mount Juliet,commercial_tenant_improvement,occupancy,City of Mt. Juliet Building & Codes Department,City of Mt. Juliet Building & Codes Department,local,True
us-tn-mount_juliet__commercial__commercial_tenant_improvement__building,TN,Mount Juliet,commercial_tenant_improvement,plumbing,City of Mt. Juliet Building & Codes Department,City of Mt. Juliet Building & Codes Department,local,True
us-tn-mount_juliet__commercial__commercial_tenant_improvement__building,TN,Mount Juliet,commercial_tenant_improvement,zoning,City of Mt. Juliet Building & Codes Department,City of Mt. Juliet Building & Codes Department,local,True
us-tn-murfreesboro__commercial__commercial_tenant_improvement__building,TN,Murfreesboro,commercial_tenant_improvement,building,City of Murfreesboro Building and Codes Department,City of Murfreesboro Building and Codes Department,local,True
us-tn-nashville_davidson__commercial__commercial_tenant_improvement__building,TN,Nashville Davidson,commercial_tenant_improvement,building,Metropolitan Government of Nashville and Davidson County - Department of Codes and Building Safety,Metropolitan Government of Nashville and Davidson County - Department of Codes and Building Safety,local,True
us-tn-putnam_county__commercial__commercial_tenant_improvement__building,TN,Putnam County,commercial_tenant_improvement,building,Putnam County Codes and Planning Department,Putnam County Codes and Planning Department,county,True
us-tn-robertson_county__commercial__commercial_tenant_improvement__building,TN,Robertson County,commercial_tenant_improvement,building,Robertson County - Planning Department (Building Permits),Robertson County - Planning Department (Building Permits),county,True
us-tn-rutherford_county__commercial__commercial_tenant_improvement__building,TN,Rutherford County,commercial_tenant_improvement,building,Rutherford County Building Codes Department,Rutherford County Building Codes Department,county,True
us-tn-sevier_county__commercial__commercial_tenant_improvement__building,TN,Sevier County,commercial_tenant_improvement,building,Sevier County - Building Inspections Department,Sevier County - Building Inspections Department,county,True
us-tn-shelby_county__commercial__commercial_tenant_improvement__building,TN,Shelby County,commercial_tenant_improvement,building,Memphis and Shelby County Office of Construction Code Enforcement,Memphis and Shelby County Office of Construction Code Enforcement via Develop901 portal,mixed,True
us-tn-shelby_county__commercial__commercial_tenant_improvement__building,TN,Shelby County,commercial_tenant_improvement,occupancy,Memphis and Shelby County Office of Construction Code Enforcement,Memphis and Shelby County Office of Construction Code Enforcement via Develop901 portal,mixed,True
us-tn-shelby_county__commercial__commercial_tenant_improvement__building,TN,Shelby County,commercial_tenant_improvement,zoning,Memphis and Shelby County Office of Construction Code Enforcement,Memphis and Shelby County Office of Construction Code Enforcement via Develop901 portal,mixed,True
us-tn-smyrna__commercial__commercial_tenant_improvement__building,TN,Smyrna,commercial_tenant_improvement,building,Town of Smyrna Building Safety Department,Town of Smyrna Building Safety Department,local_town_building_safety,True
us-tn-spring_hill__commercial__commercial_tenant_improvement__building,TN,Spring Hill,commercial_tenant_improvement,building,Spring Hill,Spring Hill,local,True
us-tn-sullivan_county__commercial__commercial_tenant_improvement__building,TN,Sullivan County,commercial_tenant_improvement,building,Sullivan County Department of Planning and Codes,Sullivan County Department of Planning and Codes,county,True
us-tn-sullivan_county__commercial__commercial_tenant_improvement__building,TN,Sullivan County,commercial_tenant_improvement,zoning,Sullivan County Department of Planning and Codes,Sullivan County Department of Planning and Codes,county,True
us-tn-sumner_county__commercial__commercial_tenant_improvement__building,TN,Sumner County,commercial_tenant_improvement,building,Sumner County,Sumner County,local,True
us-tn-washington_county__commercial__commercial_tenant_improvement__building,TN,Washington County,commercial_tenant_improvement,building,"Washington County - Zoning, Planning, and Building Codes","Washington County - Zoning, Planning, and Building Codes",county,True
us-tn-washington_county__commercial__commercial_tenant_improvement__building,TN,Washington County,commercial_tenant_improvement,electrical,"Washington County - Zoning, Planning, and Building Codes","Washington County - Zoning, Planning, and Building Codes",county,True
us-tn-washington_county__commercial__commercial_tenant_improvement__building,TN,Washington County,commercial_tenant_improvement,fire,"Washington County - Zoning, Planning, and Building Codes","Washington County - Zoning, Planning, and Building Codes",county,True
us-tn-washington_county__commercial__commercial_tenant_improvement__building,TN,Washington County,commercial_tenant_improvement,plumbing,"Washington County - Zoning, Planning, and Building Codes","Washington County - Zoning, Planning, and Building Codes",county,True
us-tn-washington_county__commercial__commercial_tenant_improvement__building,TN,Washington County,commercial_tenant_improvement,zoning,"Washington County - Zoning, Planning, and Building Codes","Washington County - Zoning, Planning, and Building Codes",county,True
us-tn-williamson_county__commercial__commercial_tenant_improvement__building,TN,Williamson County,commercial_tenant_improvement,building,Williamson County Building Codes Department,Williamson County Building Codes Department,county,True
us-tn-wilson_county__commercial__commercial_tenant_improvement__building,TN,Wilson County,commercial_tenant_improvement,building,Wilson County Building Codes Department,Wilson County Building Codes Department,county,True
us-tx-abilene__residential__residential_structure__building,TX,Abilene,residential_remodel,building,Permit office,Permit office,local,True
us-tx-allen__residential__residential_project__building,TX,Allen,residential_remodel,building,Permit office,Permit office,local,True
us-tx-amarillo__commercial__commercial_tenant_improvement__building,TX,Amarillo,commercial_tenant_improvement,building,City of Amarillo Building Safety Division,City of Amarillo Building Safety Division,local,True
us-tx-arlington__commercial__commercial_tenant_improvement__building,TX,Arlington,commercial_tenant_improvement,building,City of Arlington Planning and Development Services,City of Arlington Planning and Development Services,local,True
us-tx-austin__commercial__commercial_tenant_improvement__building,TX,Austin,commercial_tenant_improvement,building,City of Austin Development Services Department,City of Austin Development Services Department,local,True
us-tx-bastrop_county__commercial__commercial_tenant_improvement__building,TX,Bastrop County,commercial_tenant_improvement,building,Bastrop County Development Services,Bastrop County Development Services,county,True
us-tx-beaumont__commercial__commercial_tenant_improvement__building,TX,Beaumont,commercial_tenant_improvement,building,City of Beaumont Building Codes Department,City of Beaumont Building Codes Department,local,True
us-tx-bexar_county__commercial__commercial_tenant_improvement__building,TX,Bexar County,commercial_tenant_improvement,building,Bexar County Fire Marshal Building Permits,Bexar County Fire Marshal Building Permits,county,True
us-tx-brownsville__commercial__commercial_tenant_improvement__building,TX,Brownsville,commercial_tenant_improvement,building,City of Brownsville Building Permits and Inspections,City of Brownsville Building Permits and Inspections,local,True
us-tx-carrollton__residential__general_construction__building,TX,Carrollton,residential_remodel,building,Permit office,Permit office,local,True
us-tx-celina__residential__general_construction__building,TX,Celina,residential_remodel,building,Permit office,Permit office,local,True
us-tx-college_station__residential__general_construction__building,TX,College Station,residential_remodel,building,Permit office,Permit office,local,True
us-tx-corpus_christi__residential__residential_remodel__building,TX,Corpus Christi,residential_remodel,building,Permit office,Permit office,local,True
us-tx-dallas__commercial__commercial_tenant_improvement__building,TX,Dallas,commercial_tenant_improvement,building,City of Dallas Building Inspection,City of Dallas Building Inspection,local,True
us-tx-denton__commercial__commercial_tenant_improvement__building,TX,Denton,commercial_tenant_improvement,building,City of Denton Development Services,City of Denton Development Services,local,True
us-tx-el_paso__commercial__commercial_tenant_improvement__building,TX,El Paso,commercial_tenant_improvement,building,City of El Paso Planning and Inspections Department,City of El Paso Planning and Inspections Department,local,True
us-tx-fate__commercial__commercial_tenant_improvement__building,TX,Fate,commercial_tenant_improvement,building,City of Fate Development Services,City of Fate Development Services,local,True
us-tx-fort_worth__commercial__commercial_tenant_improvement__building,TX,Fort Worth,commercial_tenant_improvement,building,City of Fort Worth Development Services,City of Fort Worth Development Services,local,True
us-tx-frisco__commercial__commercial_tenant_improvement__building,TX,Frisco,commercial_tenant_improvement,building,City of Frisco Plans and Permits,City of Frisco Plans and Permits,local,True
us-tx-fulshear__residential__general_construction__building,TX,Fulshear,residential_remodel,building,Permit office,Permit office,local,True
us-tx-garland__commercial__commercial_tenant_improvement__building,TX,Garland,commercial_tenant_improvement,building,City of Garland Building Inspection,City of Garland Building Inspection,local,True
us-tx-georgetown__residential__general_construction__building,TX,Georgetown,residential_remodel,building,Permit office,Permit office,local,True
us-tx-grand_prairie__commercial__commercial_tenant_improvement__building,TX,Grand Prairie,commercial_tenant_improvement,building,City of Grand Prairie Building Inspections,City of Grand Prairie Building Inspections,local,True
us-tx-haltom_city__commercial__commercial_tenant_improvement__building,TX,Haltom City,commercial_tenant_improvement,building,City of Haltom City Building Inspections,City of Haltom City Building Inspections,local,True
us-tx-harris_county__commercial__commercial_tenant_improvement__building,TX,Harris County,commercial_tenant_improvement,building,Harris County Office of the County Engineer - Permits Division,Harris County Office of the County Engineer - Permits Division,county,True
us-tx-houston__commercial__commercial_tenant_improvement__building,TX,Houston,commercial_tenant_improvement,building,Houston Permitting Center,Houston Permitting Center,local,True
us-tx-irving__commercial__commercial_tenant_improvement__building,TX,Irving,commercial_tenant_improvement,building,City of Irving Inspections Department,City of Irving Inspections Department,local,True
us-tx-irving__commercial__commercial_tenant_improvement__building,TX,Irving,commercial_tenant_improvement,electrical,City of Irving Inspections Department,City of Irving Inspections Department,local,True
us-tx-irving__commercial__commercial_tenant_improvement__building,TX,Irving,commercial_tenant_improvement,mechanical,City of Irving Inspections Department,City of Irving Inspections Department,local,True
us-tx-irving__commercial__commercial_tenant_improvement__building,TX,Irving,commercial_tenant_improvement,occupancy,City of Irving Inspections Department,City of Irving Inspections Department,local,True
us-tx-irving__commercial__commercial_tenant_improvement__building,TX,Irving,commercial_tenant_improvement,plumbing,City of Irving Inspections Department,City of Irving Inspections Department,local,True
us-tx-irving__commercial__commercial_tenant_improvement__building,TX,Irving,commercial_tenant_improvement,zoning,City of Irving Inspections Department,City of Irving Inspections Department,local,True
us-tx-killeen__commercial__commercial_tenant_improvement__building,TX,Killeen,commercial_tenant_improvement,building,City of Killeen Building Inspections,City of Killeen Building Inspections,local,True
us-tx-laredo__commercial__commercial_tenant_improvement__building,TX,Laredo,commercial_tenant_improvement,building,City of Laredo Building Development Services,City of Laredo Building Development Services,local,True
us-tx-league_city__residential__residential_additions_outdoor_structures__building,TX,League City,residential_remodel,building,Permit office,Permit office,local,True
us-tx-leander__residential__general_construction__building,TX,Leander,residential_remodel,building,Permit office,Permit office,local,True
us-tx-lewisville__residential__general_construction__building,TX,Lewisville,residential_remodel,building,Permit office,Permit office,local,True
us-tx-lubbock__commercial__commercial_tenant_improvement__building,TX,Lubbock,commercial_tenant_improvement,building,City of Lubbock Building Safety Department,City of Lubbock Building Safety Department,local,True
us-tx-mcallen__commercial__commercial_tenant_improvement__building,TX,Mcallen,commercial_tenant_improvement,building,City of McAllen Building Permits and Inspections,City of McAllen Building Permits and Inspections,local,True
us-tx-mckinney__commercial__commercial_tenant_improvement__building,TX,Mckinney,commercial_tenant_improvement,building,City of McKinney Development Services,City of McKinney Development Services,local,True
us-tx-mesquite__residential__general_construction__building,TX,Mesquite,residential_remodel,building,Permit office,Permit office,local,True
us-tx-midland__commercial__commercial_tenant_improvement__building,TX,Midland,commercial_tenant_improvement,building,City of Midland Development Services,City of Midland Development Services,local,True
us-tx-new_braunfels__residential__general_construction__building,TX,New Braunfels,residential_remodel,building,Permit office,Permit office,local,True
us-tx-odessa__residential__residential_carport_building__building,TX,Odessa,residential_remodel,building,Permit office,Permit office,local,True
us-tx-pearland__residential__construction_remodeling__building,TX,Pearland,residential_remodel,building,Permit office,Permit office,local,True
us-tx-plano__commercial__commercial_tenant_improvement__building,TX,Plano,commercial_tenant_improvement,building,City of Plano Building Inspections,City of Plano Building Inspections,local,True
us-tx-richardson__residential__accessory_building__building,TX,Richardson,residential_remodel,building,City of Richardson Building Inspection,City of Richardson Building Inspection,local,True
us-tx-round_rock__commercial__commercial_tenant_improvement__building,TX,Round Rock,commercial_tenant_improvement,building,City of Round Rock Planning and Development Services,City of Round Rock Planning and Development Services,local,True
us-tx-round_rock__commercial__commercial_tenant_improvement__building,TX,Round Rock,commercial_tenant_improvement,electrical,City of Round Rock Planning and Development Services,City of Round Rock Planning and Development Services,local,True
us-tx-round_rock__commercial__commercial_tenant_improvement__building,TX,Round Rock,commercial_tenant_improvement,fire,City of Round Rock Planning and Development Services,City of Round Rock Planning and Development Services,local,True
us-tx-round_rock__commercial__commercial_tenant_improvement__building,TX,Round Rock,commercial_tenant_improvement,mechanical,City of Round Rock Planning and Development Services,City of Round Rock Planning and Development Services,local,True
us-tx-round_rock__commercial__commercial_tenant_improvement__building,TX,Round Rock,commercial_tenant_improvement,occupancy,City of Round Rock Planning and Development Services,City of Round Rock Planning and Development Services,local,True
us-tx-round_rock__commercial__commercial_tenant_improvement__building,TX,Round Rock,commercial_tenant_improvement,plumbing,City of Round Rock Planning and Development Services,City of Round Rock Planning and Development Services,local,True
us-tx-round_rock__commercial__commercial_tenant_improvement__building,TX,Round Rock,commercial_tenant_improvement,zoning,City of Round Rock Planning and Development Services,City of Round Rock Planning and Development Services,local,True
us-tx-san_antonio__commercial__commercial_tenant_improvement__building,TX,San Antonio,commercial_tenant_improvement,building,City of San Antonio Development Services Department,City of San Antonio Development Services Department,local,True
us-tx-san_juan__commercial__commercial_tenant_improvement__building,TX,San Juan,commercial_tenant_improvement,building,City of San Juan Building Department,City of San Juan Building Department / Planning Department,local,True
us-tx-sugar_land__residential__residential_single_family_ground_up__building,TX,Sugar Land,residential_remodel,building,City of Sugar Land Permits and Inspections,City of Sugar Land Permits and Inspections,local,True
us-tx-tarrant_county__commercial__commercial_tenant_improvement__building,TX,Tarrant County,commercial_tenant_improvement,building,Tarrant County Fire Marshal,Tarrant County Fire Marshal Building / Construction Permit,county,True
us-tx-travis_county__commercial__commercial_tenant_improvement__building,TX,Travis County,commercial_tenant_improvement,building,Travis County Development Services,Travis County Development Services,county,True
us-tx-waco__commercial__commercial_tenant_improvement__building,TX,Waco,commercial_tenant_improvement,building,City of Waco Development Services,City of Waco Development Services,local,True
us-ut-american_fork__commercial__commercial_tenant_improvement__building,UT,American Fork,commercial_tenant_improvement,building,American Fork Building Division,American Fork Building Division,local,True
us-ut-cache_county__residential__residential_remodel__building,UT,Cache County,residential_remodel,building,Cache County Building Division,Cache County building permit applications / electronic plan submission,county,False
us-ut-cedar_city__residential__residential_remodel__building,UT,Cedar City,residential_remodel,building,Cedar City Building & Zoning / Building Department,Cedar City access permit portal / building permit submittal,local,True
us-ut-clearfield__residential__building_permit,UT,Clearfield,residential_remodel,building,Permit office,Permit office,local,True
us-ut-cottonwood_heights__residential__building_permit,UT,Cottonwood Heights,residential_remodel,building,Permit office,Permit office,local,True
us-ut-davis_county__commercial__commercial_tenant_improvement__building,UT,Davis County,commercial_tenant_improvement,building,Davis County Building Department,Davis County Building Department,county,True
us-ut-eagle_mountain__commercial__commercial_tenant_improvement__building,UT,Eagle Mountain,commercial_tenant_improvement,building,Eagle Mountain,Eagle Mountain City Building Division,local,True
us-ut-herriman__commercial__commercial_tenant_improvement__building,UT,Herriman,commercial_tenant_improvement,building,Herriman City Building Division,Herriman City Building Division,local,True
us-ut-holladay__residential__building_permit,UT,Holladay,residential_remodel,building,Permit office,Permit office,local,True
us-ut-kaysville__residential__building_permit,UT,Kaysville,residential_remodel,building,Permit office,Permit office,local,True
us-ut-lehi__residential__residential_remodel__building,UT,Lehi,residential_remodel,building,Lehi Building and Inspection Department,Lehi Building Permit Submittal Portal,local,True
us-ut-millcreek__commercial__commercial_tenant_improvement__building,UT,Millcreek,commercial_tenant_improvement,building,Millcreek Building Department,Millcreek Building Department,local,True
us-ut-ogden__residential__residential_remodel__building,UT,Ogden,residential_remodel,building,Permit office,Permit office,local,True
us-ut-orem__commercial__commercial_tenant_improvement__building,UT,Orem,commercial_tenant_improvement,building,Orem Building Division,Orem Building Division,local,True
us-ut-provo__residential__residential_remodel__building,UT,Provo,residential_remodel,building,Permit office,Permit office,local,True
us-ut-riverton__commercial__commercial_tenant_improvement__building,UT,Riverton,commercial_tenant_improvement,building,Riverton City Building Division,Riverton City Building Division,local,True
us-ut-salt_lake_city__commercial__commercial_tenant_improvement__building,UT,Salt Lake City,commercial_tenant_improvement,building,Salt Lake City,Salt Lake City,local,True
us-ut-salt_lake_city__commercial__commercial_tenant_improvement__building,UT,Salt Lake City,commercial_tenant_improvement,electrical,Salt Lake City,Salt Lake City,local,True
us-ut-salt_lake_city__commercial__commercial_tenant_improvement__building,UT,Salt Lake City,commercial_tenant_improvement,mechanical,Salt Lake City,Salt Lake City,local,True
us-ut-salt_lake_city__commercial__commercial_tenant_improvement__building,UT,Salt Lake City,commercial_tenant_improvement,plumbing,Salt Lake City,Salt Lake City,local,True
us-ut-salt_lake_county__commercial__commercial_tenant_improvement__building,UT,Salt Lake County,commercial_tenant_improvement,building,Salt Lake County / Greater Salt Lake Municipal Services District for unincorporated or MSD-served areas,Greater Salt Lake Municipal Services District,delegated,True
us-ut-sandy__commercial__commercial_tenant_improvement__building,UT,Sandy,commercial_tenant_improvement,building,Sandy Building Division,Sandy Building Division,local,True
us-ut-saratoga_springs__commercial__commercial_tenant_improvement__building,UT,Saratoga Springs,commercial_tenant_improvement,building,Saratoga Springs Building Division,Saratoga Springs Building Division,local,True
us-ut-spanish_fork__residential__residential_remodel__building,UT,Spanish Fork,residential_remodel,building,Permit office,Permit office,local,True
us-ut-summit_county__commercial__commercial_tenant_improvement__building,UT,Summit County,commercial_tenant_improvement,building,Summit County Building Department,Summit County Building Department,county,True
us-ut-taylorsville__commercial__commercial_tenant_improvement__building,UT,Taylorsville,commercial_tenant_improvement,building,Taylorsville Building Division,Taylorsville Building Division,local,True
us-ut-tooele_city__residential__residential_remodel__building,UT,Tooele City,residential_remodel,building,Permit office,Permit office,local,True
us-ut-utah_county__residential__residential_remodel__building,UT,Utah County,residential_remodel,building,Permit office,Permit office,local,True
us-ut-washington_county__commercial__commercial_tenant_improvement__building,UT,Washington County,commercial_tenant_improvement,building,Washington County Community Development,Washington County Community Development,county,True
us-ut-weber_county__commercial__commercial_tenant_improvement__building,UT,Weber County,commercial_tenant_improvement,building,Weber County Building Department,Weber County Building Department,county,True
us-ut-west_jordan__commercial__commercial_tenant_improvement__building,UT,West Jordan,commercial_tenant_improvement,building,West Jordan Building Division,West Jordan Building Division,local,True
us-ut-west_valley_city__residential__residential_remodel__building,UT,West Valley City,residential_remodel,building,Permit office,Permit office,local,True
us-va-albemarle_county__commercial__commercial_tenant_improvement__building,VA,Albemarle County,commercial_tenant_improvement,building,Albemarle County Community Development Building Permits,Albemarle County Community Development Building Permits,county,True
us-va-alexandria__commercial__commercial_tenant_improvement__building,VA,Alexandria,commercial_tenant_improvement,building,City of Alexandria Code Administration and Permitting,City of Alexandria Code Administration and Permitting,local,True
us-va-arlington_county__commercial__commercial_tenant_improvement__building,VA,Arlington County,commercial_tenant_improvement,building,"Arlington County Department of Community Planning, Housing and Development - Building","Arlington County Department of Community Planning, Housing and Development - Building",county,True
us-va-blacksburg__commercial__commercial_tenant_improvement__building,VA,Blacksburg,commercial_tenant_improvement,building,Town of Blacksburg Building Permits and Inspections,Town of Blacksburg Building Permits and Inspections,local,True
us-va-charlottesville__commercial__commercial_tenant_improvement__building,VA,Charlottesville,commercial_tenant_improvement,building,City of Charlottesville Building Inspections,City of Charlottesville Building Inspections,local,True
us-va-chesapeake__commercial__commercial_tenant_improvement__building,VA,Chesapeake,commercial_tenant_improvement,building,City of Chesapeake Building and Zoning Inspections,City of Chesapeake Building and Zoning Inspections,local,True
us-va-chesterfield_county__commercial__commercial_tenant_improvement__building,VA,Chesterfield County,commercial_tenant_improvement,building,Chesterfield County Building Inspection Department,Chesterfield County Building Inspection Department,county,True
us-va-colonial_heights__residential_commercial__building_construction__building,VA,Colonial Heights,residential_remodel,building,Permit office,Permit office,local,True
us-va-danville__commercial__commercial_tenant_improvement__building,VA,Danville,commercial_tenant_improvement,building,City of Danville Building Permits and Inspections,City of Danville Building Permits and Inspections,local,True
us-va-emporia__residential_commercial__building_construction__building,VA,Emporia,residential_remodel,building,Permit office,Permit office,local,True
us-va-fairfax_city__residential_commercial__building_construction__building,VA,Fairfax City,residential_remodel,building,Permit office,Permit office,local,True
us-va-fairfax_county__commercial__commercial_tenant_improvement__building,VA,Fairfax County,commercial_tenant_improvement,building,Fairfax County Land Development Services,Fairfax County Land Development Services,county,True
us-va-falls_church__residential_commercial__building_construction__building,VA,Falls Church,residential_remodel,building,Permit office,Permit office,local,True
us-va-frederick_county__commercial__commercial_tenant_improvement__building,VA,Frederick County,commercial_tenant_improvement,building,Frederick County Building Inspections,Frederick County Building Inspections,county,True
us-va-fredericksburg__residential_commercial__building_construction__building,VA,Fredericksburg,residential_remodel,building,Permit office,Permit office,local,True
us-va-galax__residential_commercial__building_construction__building,VA,Galax,residential_remodel,building,Permit office,Permit office,local,True
us-va-hampton__commercial__commercial_tenant_improvement__building,VA,Hampton,commercial_tenant_improvement,building,City of Hampton Development Services Center,City of Hampton Development Services Center,local,True
us-va-hanover_county__commercial__commercial_tenant_improvement__building,VA,Hanover County,commercial_tenant_improvement,building,Hanover County,Hanover County Building Inspections,local,True
us-va-harrisonburg__commercial__commercial_tenant_improvement__building,VA,Harrisonburg,commercial_tenant_improvement,building,Harrisonburg,Harrisonburg,local,True
us-va-henrico_county__commercial__commercial_tenant_improvement__building,VA,Henrico County,commercial_tenant_improvement,building,Henrico County Department of Building Construction and Inspections,Henrico County Department of Building Construction and Inspections,county,True
us-va-henrico_county__commercial__commercial_tenant_improvement__building,VA,Henrico County,commercial_tenant_improvement,electrical,Henrico County Department of Building Construction and Inspections,Henrico County Department of Building Construction and Inspections,county,True
us-va-henrico_county__commercial__commercial_tenant_improvement__building,VA,Henrico County,commercial_tenant_improvement,fire,Henrico County Department of Building Construction and Inspections,Henrico County Department of Building Construction and Inspections,county,True
us-va-henrico_county__commercial__commercial_tenant_improvement__building,VA,Henrico County,commercial_tenant_improvement,mechanical,Henrico County Department of Building Construction and Inspections,Henrico County Department of Building Construction and Inspections,county,True
us-va-henrico_county__commercial__commercial_tenant_improvement__building,VA,Henrico County,commercial_tenant_improvement,occupancy,Henrico County Department of Building Construction and Inspections,Henrico County Department of Building Construction and Inspections,county,True
us-va-henrico_county__commercial__commercial_tenant_improvement__building,VA,Henrico County,commercial_tenant_improvement,plumbing,Henrico County Department of Building Construction and Inspections,Henrico County Department of Building Construction and Inspections,county,True
us-va-henrico_county__commercial__commercial_tenant_improvement__building,VA,Henrico County,commercial_tenant_improvement,zoning,Henrico County Department of Building Construction and Inspections,Henrico County Department of Building Construction and Inspections,county,True
us-va-hopewell__residential_commercial__building_construction__building,VA,Hopewell,residential_remodel,building,Permit office,Permit office,local,True
us-va-james_city_county__commercial__commercial_tenant_improvement__building,VA,James City County,commercial_tenant_improvement,building,James City County Building Safety and Permits,James City County Building Safety and Permits,county,True
us-va-leesburg__commercial__commercial_tenant_improvement__building,VA,Leesburg,commercial_tenant_improvement,building,Town of Leesburg Community Development for zoning/construction review sequencing; Loudoun County Department of Building and Development for County-issued occupancy/building items documented by the Town source,Town of Leesburg Community Development eTRAKiT / Loudoun County Department of Building and Development delegated routing,delegated,True
us-va-loudoun_county__commercial__commercial_tenant_improvement__building,VA,Loudoun County,commercial_tenant_improvement,building,Loudoun County Department of Building and Development,Loudoun County Department of Building and Development,county,True
us-va-lynchburg__commercial__commercial_tenant_improvement__building,VA,Lynchburg,commercial_tenant_improvement,building,City of Lynchburg Permitting and Inspections,City of Lynchburg Permitting and Inspections,local,True
us-va-manassas__residential_commercial__building_construction__building,VA,Manassas,residential_remodel,building,Permit office,Permit office,local,True
us-va-manassas_park__residential_commercial__building_construction__building,VA,Manassas Park,residential_remodel,building,Permit office,Permit office,local,True
us-va-martinsville__residential_commercial__building_construction__building,VA,Martinsville,residential_remodel,building,Permit office,Permit office,local,True
us-va-montgomery_county__commercial__commercial_tenant_improvement__building,VA,Montgomery County,commercial_tenant_improvement,building,Montgomery County Building Permits and Inspections,Montgomery County Building Permits and Inspections,county,True
us-va-newport_news__commercial__commercial_tenant_improvement__building,VA,Newport News,commercial_tenant_improvement,building,City of Newport News Development Services Permit Office,City of Newport News Development Services Permit Office,local,True
us-va-newport_news__commercial__commercial_tenant_improvement__building,VA,Newport News,commercial_tenant_improvement,electrical,City of Newport News Development Services Permit Office,City of Newport News Development Services Permit Office,local,True
us-va-newport_news__commercial__commercial_tenant_improvement__building,VA,Newport News,commercial_tenant_improvement,fire,City of Newport News Development Services Permit Office,City of Newport News Development Services Permit Office,local,True
us-va-newport_news__commercial__commercial_tenant_improvement__building,VA,Newport News,commercial_tenant_improvement,mechanical,City of Newport News Development Services Permit Office,City of Newport News Development Services Permit Office,local,True
us-va-newport_news__commercial__commercial_tenant_improvement__building,VA,Newport News,commercial_tenant_improvement,occupancy,City of Newport News Development Services Permit Office,City of Newport News Development Services Permit Office,local,True
us-va-newport_news__commercial__commercial_tenant_improvement__building,VA,Newport News,commercial_tenant_improvement,plumbing,City of Newport News Development Services Permit Office,City of Newport News Development Services Permit Office,local,True
us-va-norfolk__commercial__commercial_tenant_improvement__building,VA,Norfolk,commercial_tenant_improvement,building,City of Norfolk Permits and Inspections,City of Norfolk Permits and Inspections,local,True
us-va-petersburg__residential_commercial__building_construction__building,VA,Petersburg,residential_remodel,building,Permit office,Permit office,local,True
us-va-poquoson__residential_commercial__building_construction__building,VA,Poquoson,residential_remodel,building,Permit office,Permit office,local,True
us-va-portsmouth__commercial__commercial_tenant_improvement__building,VA,Portsmouth,commercial_tenant_improvement,building,City of Portsmouth Department of Permits and Inspections,City of Portsmouth Department of Permits and Inspections,local,True
us-va-prince_william_county__commercial__commercial_tenant_improvement__building,VA,Prince William County,commercial_tenant_improvement,building,Prince William County Development Services Building Development Division,Prince William County Development Services Building Development Division,county,True
us-va-radford__residential_commercial__building_construction__building,VA,Radford,residential_remodel,building,Permit office,Permit office,local,True
us-va-radford__residential_commercial__building_construction__building,VA,Radford,residential_remodel,zoning_review,Permit office,Permit office,local,True
us-va-richmond__commercial__commercial_tenant_improvement__building,VA,Richmond,commercial_tenant_improvement,building,City of Richmond Bureau of Permits and Inspections,City of Richmond Bureau of Permits and Inspections,local,True
us-va-roanoke_city__commercial__commercial_tenant_improvement__building,VA,Roanoke City,commercial_tenant_improvement,building,City of Roanoke Permit Center,City of Roanoke Permit Center,local,True
us-va-roanoke_county__commercial__commercial_tenant_improvement__building,VA,Roanoke County,commercial_tenant_improvement,building,Roanoke County Office of Building Safety,Roanoke County Office of Building Safety,county,True
us-va-rockingham_county__commercial__commercial_tenant_improvement__building,VA,Rockingham County,commercial_tenant_improvement,building,Rockingham County Building Services,Rockingham County Building Services,county,True
us-va-rockingham_county__commercial__commercial_tenant_improvement__building,VA,Rockingham County,commercial_tenant_improvement,electrical,Rockingham County Building Services,Rockingham County Building Services,county,True
us-va-rockingham_county__commercial__commercial_tenant_improvement__building,VA,Rockingham County,commercial_tenant_improvement,mechanical,Rockingham County Building Services,Rockingham County Building Services,county,True
us-va-rockingham_county__commercial__commercial_tenant_improvement__building,VA,Rockingham County,commercial_tenant_improvement,plumbing,Rockingham County Building Services,Rockingham County Building Services,county,True
us-va-salem__residential_commercial__building_construction__building,VA,Salem,residential_remodel,building,Permit office,Permit office,local,True
us-va-spotsylvania_county__commercial__commercial_tenant_improvement__building,VA,Spotsylvania County,commercial_tenant_improvement,building,Spotsylvania County Building Safety Department,Spotsylvania County Building Safety Department,county,True
us-va-stafford_county__commercial__commercial_tenant_improvement__building,VA,Stafford County,commercial_tenant_improvement,building,Stafford County Development Services Building Division,Stafford County Development Services Building Division,county,True
us-va-staunton__residential_commercial__building_construction__building,VA,Staunton,residential_remodel,building,Permit office,Permit office,local,True
us-va-suffolk__commercial__commercial_tenant_improvement__building,VA,Suffolk,commercial_tenant_improvement,building,City of Suffolk Building Inspections,City of Suffolk Building Inspections,local,True
us-va-virginia_beach__commercial__commercial_tenant_improvement__building,VA,Virginia Beach,commercial_tenant_improvement,building,City of Virginia Beach Permits and Inspections,City of Virginia Beach Permits and Inspections,local,True
us-va-waynesboro__residential_commercial__building_construction__building,VA,Waynesboro,residential_remodel,building,Permit office,Permit office,local,True
us-va-waynesboro__residential_commercial__building_construction__building,VA,Waynesboro,residential_remodel,zoning_review,Permit office,Permit office,local,True
us-va-williamsburg__residential_commercial__building_construction__building,VA,Williamsburg,residential_remodel,building,Permit office,Permit office,local,True
us-va-winchester__residential_commercial__building_construction__building,VA,Winchester,residential_remodel,building,Permit office,Permit office,local,True
us-va-winchester__residential_commercial__building_construction__building,VA,Winchester,residential_remodel,fire,Permit office,Permit office,local,True
us-va-winchester__residential_commercial__building_construction__building,VA,Winchester,residential_remodel,zoning_review,Permit office,Permit office,local,True
us-va-york_county__commercial__commercial_tenant_improvement__building,VA,York County,commercial_tenant_improvement,building,York County Building Safety,York County Building Safety,county,True
us-vt-barre_city__commercial__commercial_tenant_improvement__building,VT,Barre City,commercial_tenant_improvement,building,Barre City,City of Barre Office of Planning Permitting and Assessing,local,True
us-vt-barre_town__commercial__commercial_tenant_improvement__building,VT,Barre Town,commercial_tenant_improvement,building,Town of Barre Planning and Zoning / Vermont Division of Fire Safety,Town of Barre Planning and Zoning / Vermont Division of Fire Safety,local_zoning_state_fire_safety,True
us-vt-bennington__commercial__commercial_tenant_improvement__building,VT,Bennington,commercial_tenant_improvement,building,Town of Bennington Planning and Permitting,Town of Bennington Planning and Permitting,local,True
us-vt-bristol__commercial__commercial_tenant_improvement__building,VT,Bristol,commercial_tenant_improvement,occupancy,Bristol,Bristol,local,True
us-vt-bristol__commercial__commercial_tenant_improvement__building,VT,Bristol,commercial_tenant_improvement,zoning,Bristol,Bristol,local,True
us-vt-burlington__commercial__commercial_tenant_improvement__building,VT,Burlington,commercial_tenant_improvement,building,City of Burlington Department of Permitting and Inspections,City of Burlington Department of Permitting and Inspections,local,True
us-vt-charlotte__commercial__commercial_tenant_improvement__building,VT,Charlotte,commercial_tenant_improvement,building,Town of Charlotte Planning and Zoning,Town of Charlotte Planning and Zoning,local,True
us-vt-colchester__commercial__commercial_tenant_improvement__building,VT,Colchester,commercial_tenant_improvement,building,Town of Colchester Planning and Zoning,Town of Colchester Planning and Zoning,local,True
us-vt-east_montpelier__commercial__commercial_tenant_improvement__building,VT,East Montpelier,commercial_tenant_improvement,building,Town of East Montpelier Planning and Zoning plus Vermont Department of Public Safety Division of Fire Safety,Town of East Montpelier Planning and Zoning plus Vermont Department of Public Safety Division of Fire Safety for public-building and trade permits/work notices,municipal_zoning_with_state_public_building_trade_authority,True
us-vt-essex__commercial__commercial_tenant_improvement__building,VT,Essex,commercial_tenant_improvement,building,Town of Essex Planning and Zoning,Town of Essex Planning and Zoning,local,True
us-vt-essex_junction__commercial__commercial_tenant_improvement__building,VT,Essex Junction,commercial_tenant_improvement,building,City of Essex Junction Community Development,City of Essex Junction Community Development,local,True
us-vt-ferrisburgh__commercial__commercial_tenant_improvement__building,VT,Ferrisburgh,commercial_tenant_improvement,building,Ferrisburgh,Ferrisburgh,local,True
us-vt-hartford__commercial__commercial_tenant_improvement__building,VT,Hartford,commercial_tenant_improvement,building,Town of Hartford Planning and Zoning,Town of Hartford Planning and Zoning,local,True
us-vt-huntington__commercial__commercial_tenant_improvement__building,VT,Huntington,commercial_tenant_improvement,building,Town of Huntington Planning and Zoning,Town of Huntington Planning and Zoning,local,True
us-vt-jericho__commercial__commercial_tenant_improvement__building,VT,Jericho,commercial_tenant_improvement,building,Town of Jericho Planning and Zoning,Town of Jericho Planning and Zoning,local,True
us-vt-lyndon__commercial__commercial_tenant_improvement__building,VT,Lyndon,commercial_tenant_improvement,building,Town of Lyndon Zoning Administrator,Town of Lyndon Zoning Administrator,local,True
us-vt-middlebury__commercial__commercial_tenant_improvement__building,VT,Middlebury,commercial_tenant_improvement,building,Town of Middlebury Planning and Zoning,Town of Middlebury Planning and Zoning,local,True
us-vt-milton__commercial__commercial_tenant_improvement__building,VT,Milton,commercial_tenant_improvement,building,Town of Milton Planning and Zoning,Town of Milton Planning and Zoning,local,True
us-vt-montpelier__commercial__commercial_tenant_improvement__building,VT,Montpelier,commercial_tenant_improvement,building,City of Montpelier Planning and Community Development,City of Montpelier Planning and Community Development,local,True
us-vt-newport_city__commercial__commercial_tenant_improvement__building,VT,Newport City,commercial_tenant_improvement,building,City of Newport Planning and Zoning,City of Newport Planning and Zoning,local,True
us-vt-northfield__commercial__commercial_tenant_improvement__building,VT,Northfield,commercial_tenant_improvement,building,Northfield,Northfield,local,True
us-vt-norwich__commercial__commercial_tenant_improvement__building,VT,Norwich,commercial_tenant_improvement,building,Town of Norwich Planning and Zoning,Town of Norwich Planning and Zoning,local,True
us-vt-randolph__commercial__commercial_tenant_improvement__building,VT,Randolph,commercial_tenant_improvement,building,VT|us-vt-randolph|city|Town of Randolph Planning and Zoning,VT|us-vt-randolph|city|Town of Randolph Planning and Zoning,local,True
us-vt-richmond__commercial__commercial_tenant_improvement__building,VT,Richmond,commercial_tenant_improvement,building,Town of Richmond Planning and Zoning,Town of Richmond Planning and Zoning,local,True
us-vt-rutland_city__commercial__commercial_tenant_improvement__building,VT,Rutland City,commercial_tenant_improvement,building,City of Rutland Building Department,City of Rutland Building Department,local,True
us-vt-rutland_town__commercial__commercial_tenant_improvement__building,VT,Rutland Town,commercial_tenant_improvement,building,Town of Rutland Planning and Zoning,Town of Rutland Planning and Zoning,local,True
us-vt-shelburne__commercial__commercial_tenant_improvement__building,VT,Shelburne,commercial_tenant_improvement,building,Town of Shelburne Planning and Zoning,Town of Shelburne Planning and Zoning,local,True
us-vt-springfield__commercial__commercial_tenant_improvement__building,VT,Springfield,commercial_tenant_improvement,building,Town of Springfield Planning and Zoning,Town of Springfield Planning and Zoning,local,True
us-vt-st_albans_city__commercial__commercial_tenant_improvement__building,VT,St Albans City,commercial_tenant_improvement,building,City of Saint Albans Planning and Permitting,City of Saint Albans Planning and Permitting,local,True
us-vt-st_johnsbury__commercial__commercial_tenant_improvement__building,VT,St Johnsbury,commercial_tenant_improvement,building,St Johnsbury,St Johnsbury,local,True
us-vt-state_dfs__commercial__commercial_tenant_improvement__building,VT,State Dfs,commercial_tenant_improvement,building,Vermont Division of Fire Safety,Vermont Division of Fire Safety,state_administered,True
us-vt-stowe__commercial__commercial_tenant_improvement__building,VT,Stowe,commercial_tenant_improvement,building,Town of Stowe Planning & Zoning and Vermont Division of Fire Safety,Town of Stowe Planning & Zoning / Vermont Department of Public Safety — Division of Fire Safety,local_zoning_state_building_code_delegated,True
us-vt-stowe__commercial__commercial_tenant_improvement__building,VT,Stowe,commercial_tenant_improvement,zoning,Town of Stowe Planning & Zoning and Vermont Division of Fire Safety,Town of Stowe Planning & Zoning / Vermont Department of Public Safety — Division of Fire Safety,local_zoning_state_building_code_delegated,True
us-vt-swanton__commercial__commercial_tenant_improvement__building,VT,Swanton,commercial_tenant_improvement,building,Swanton,Swanton,local,True
us-vt-wardsboro__commercial__commercial_tenant_improvement__building,VT,Wardsboro,commercial_tenant_improvement,building,Town of Wardsboro Planning and Zoning,Town of Wardsboro Planning and Zoning,local,True
us-vt-waterbury__commercial__commercial_tenant_improvement__building,VT,Waterbury,commercial_tenant_improvement,building,Town of Waterbury Planning and Zoning,Town of Waterbury Planning and Zoning,local,True
us-vt-westford__commercial__commercial_tenant_improvement__building,VT,Westford,commercial_tenant_improvement,building,Westford,Westford,local,True
us-vt-williston__commercial__commercial_tenant_improvement__building,VT,Williston,commercial_tenant_improvement,building,Williston,Williston,local,True
us-vt-winooski__commercial__commercial_tenant_improvement__building,VT,Winooski,commercial_tenant_improvement,building,City of Winooski Planning and Zoning,City of Winooski Planning and Zoning,local,True
us-vt-woodstock__commercial__commercial_tenant_improvement__building,VT,Woodstock,commercial_tenant_improvement,building,Town of Woodstock Community Development and Planning,Town of Woodstock Community Development and Planning,local,True
us-wa-asotin_county__commercial__commercial_tenant_improvement__building,WA,Asotin County,commercial_tenant_improvement,building,Asotin County,Asotin County,local,True
us-wa-auburn__commercial__commercial_tenant_improvement__building,WA,Auburn,commercial_tenant_improvement,building,City of Auburn Building Services,City of Auburn Building Services,local,True
us-wa-bellevue__commercial__commercial_tenant_improvement__building,WA,Bellevue,commercial_tenant_improvement,building,City of Bellevue Development Services,City of Bellevue Development Services,local,True
us-wa-bellingham__commercial__commercial_tenant_improvement__building,WA,Bellingham,commercial_tenant_improvement,building,City of Bellingham Planning and Community Development,City of Bellingham Planning and Community Development,local,True
us-wa-bellingham__commercial__commercial_tenant_improvement__building,WA,Bellingham,commercial_tenant_improvement,occupancy,City of Bellingham Planning and Community Development,City of Bellingham Planning and Community Development,local,True
us-wa-benton_county__commercial__commercial_tenant_improvement__building,WA,Benton County,commercial_tenant_improvement,building,Benton County,Benton County,local,True
us-wa-bremerton__commercial__commercial_tenant_improvement__building,WA,Bremerton,commercial_tenant_improvement,building,City of Bremerton Development and Engineering Services,City of Bremerton Development and Engineering Services,local,True
us-wa-bremerton__commercial__commercial_tenant_improvement__building,WA,Bremerton,commercial_tenant_improvement,fire,City of Bremerton Development and Engineering Services,City of Bremerton Development and Engineering Services,local,True
us-wa-bremerton__commercial__commercial_tenant_improvement__building,WA,Bremerton,commercial_tenant_improvement,mechanical,City of Bremerton Development and Engineering Services,City of Bremerton Development and Engineering Services,local,True
us-wa-bremerton__commercial__commercial_tenant_improvement__building,WA,Bremerton,commercial_tenant_improvement,occupancy,City of Bremerton Development and Engineering Services,City of Bremerton Development and Engineering Services,local,True
us-wa-bremerton__commercial__commercial_tenant_improvement__building,WA,Bremerton,commercial_tenant_improvement,plumbing,City of Bremerton Development and Engineering Services,City of Bremerton Development and Engineering Services,local,True
us-wa-bremerton__commercial__commercial_tenant_improvement__building,WA,Bremerton,commercial_tenant_improvement,zoning,City of Bremerton Development and Engineering Services,City of Bremerton Development and Engineering Services,local,True
us-wa-burien__commercial__commercial_tenant_improvement__building,WA,Burien,commercial_tenant_improvement,building,Burien,Burien,local,True
us-wa-chelan_county__commercial__commercial_tenant_improvement__building,WA,Chelan County,commercial_tenant_improvement,building,Chelan County Community Development,Chelan County Community Development,local,True
us-wa-clallam_county__commercial__commercial_tenant_improvement__building,WA,Clallam County,commercial_tenant_improvement,building,Clallam County,Clallam County,local,True
us-wa-clark_county__commercial__commercial_tenant_improvement__building,WA,Clark County,commercial_tenant_improvement,building,Clark County,Clark County,local,True
us-wa-cowlitz_county__commercial__commercial_tenant_improvement__building,WA,Cowlitz County,commercial_tenant_improvement,building,Cowlitz County Building and Planning,Cowlitz County Building and Planning,county,True
us-wa-cowlitz_county__commercial__commercial_tenant_improvement__building,WA,Cowlitz County,commercial_tenant_improvement,occupancy,Cowlitz County Building and Planning,Cowlitz County Building and Planning,county,True
us-wa-douglas_county__commercial__commercial_tenant_improvement__building,WA,Douglas County,commercial_tenant_improvement,building,Douglas County Transportation and Land Services,Douglas County Transportation and Land Services,county,True
us-wa-douglas_county__commercial__commercial_tenant_improvement__building,WA,Douglas County,commercial_tenant_improvement,occupancy,Douglas County Transportation and Land Services,Douglas County Transportation and Land Services,county,True
us-wa-edmonds__commercial__commercial_tenant_improvement__building,WA,Edmonds,commercial_tenant_improvement,building,City of Edmonds Development Services,City of Edmonds Development Services,local,True
us-wa-edmonds__commercial__commercial_tenant_improvement__building,WA,Edmonds,commercial_tenant_improvement,fire,City of Edmonds Development Services,City of Edmonds Development Services,local,True
us-wa-everett__commercial__commercial_tenant_improvement__building,WA,Everett,commercial_tenant_improvement,building,City of Everett Planning and Permit Services,City of Everett Planning and Permit Services,local,True
us-wa-federal_way__commercial__commercial_tenant_improvement__building,WA,Federal Way,commercial_tenant_improvement,building,City of Federal Way Permit Center,City of Federal Way Permit Center,local,True
us-wa-ferry_county__commercial__commercial_tenant_improvement__building,WA,Ferry County,commercial_tenant_improvement,building,Ferry County,Ferry County,local,True
us-wa-franklin_county__commercial__commercial_tenant_improvement__building,WA,Franklin County,commercial_tenant_improvement,building,Franklin County official building/permit authority,Franklin County official building/permit authority,local,True
us-wa-grant_county__commercial__commercial_tenant_improvement__building,WA,Grant County,commercial_tenant_improvement,building,Grant County official building/permit authority,Grant County official building/permit authority,local,True
us-wa-grays_harbor_county__commercial__commercial_tenant_improvement__building,WA,Grays Harbor County,commercial_tenant_improvement,building,Grays Harbor County,Grays Harbor County,local,True
us-wa-island_county__commercial__commercial_tenant_improvement__building,WA,Island County,commercial_tenant_improvement,building,Island County,Island County,local,True
us-wa-jefferson_county__commercial__commercial_tenant_improvement__building,WA,Jefferson County,commercial_tenant_improvement,building,Jefferson County permitting authority,Jefferson County permitting authority,local,True
us-wa-kennewick__commercial__commercial_tenant_improvement__building,WA,Kennewick,commercial_tenant_improvement,building,City of Kennewick Building Safety Division,City of Kennewick Building Safety Division,local,True
us-wa-kent__commercial__commercial_tenant_improvement__building,WA,Kent,commercial_tenant_improvement,building,City of Kent Economic and Community Development,City of Kent Economic and Community Development,local,True
us-wa-kent__commercial__commercial_tenant_improvement__building,WA,Kent,commercial_tenant_improvement,fire,City of Kent Economic and Community Development,City of Kent Economic and Community Development,local,True
us-wa-kent__commercial__commercial_tenant_improvement__building,WA,Kent,commercial_tenant_improvement,mechanical,City of Kent Economic and Community Development,City of Kent Economic and Community Development,local,True
us-wa-kent__commercial__commercial_tenant_improvement__building,WA,Kent,commercial_tenant_improvement,plumbing,City of Kent Economic and Community Development,City of Kent Economic and Community Development,local,True
us-wa-kent__commercial__commercial_tenant_improvement__building,WA,Kent,commercial_tenant_improvement,zoning,City of Kent Economic and Community Development,City of Kent Economic and Community Development,local,True
us-wa-king_county__commercial__commercial_tenant_improvement__building,WA,King County,commercial_tenant_improvement,building,King County Permitting Division,King County Permitting Division,county,True
us-wa-kirkland__commercial__commercial_tenant_improvement__building,WA,Kirkland,commercial_tenant_improvement,building,City of Kirkland Development Services Center,City of Kirkland Development Services Center,local,True
us-wa-kitsap_county__commercial__commercial_tenant_improvement__building,WA,Kitsap County,commercial_tenant_improvement,building,Kitsap County official building/permit authority,Kitsap County official building/permit authority,local,True
us-wa-kittitas_county__commercial__commercial_tenant_improvement__building,WA,Kittitas County,commercial_tenant_improvement,building,Kittitas County official building/permit authority,Kittitas County official building/permit authority,local,True
us-wa-lacey__commercial__commercial_tenant_improvement__building,WA,Lacey,commercial_tenant_improvement,building,City of Lacey Community and Economic Development,City of Lacey Community and Economic Development,local,True
us-wa-lake_stevens__commercial__commercial_tenant_improvement__building,WA,Lake Stevens,commercial_tenant_improvement,building,City of Lake Stevens Community Development,City of Lake Stevens Community Development,local,True
us-wa-lakewood__commercial__commercial_tenant_improvement__building,WA,Lakewood,commercial_tenant_improvement,building,City of Lakewood Community Development,City of Lakewood Community Development,local,True
us-wa-longview__commercial__commercial_tenant_improvement__building,WA,Longview,commercial_tenant_improvement,building,Longview,Longview,local,True
us-wa-lynnwood__commercial__commercial_tenant_improvement__building,WA,Lynnwood,commercial_tenant_improvement,building,City of Lynnwood Development Services,City of Lynnwood Development Services,local,True
us-wa-marysville__commercial__commercial_tenant_improvement__building,WA,Marysville,commercial_tenant_improvement,building,City of Marysville Development Services,City of Marysville Development Services,local,True
us-wa-olympia__commercial__commercial_tenant_improvement__building,WA,Olympia,commercial_tenant_improvement,building,City of Olympia Community Planning and Development,City of Olympia Community Planning and Development,local,True
us-wa-pasco__commercial__commercial_tenant_improvement__building,WA,Pasco,commercial_tenant_improvement,building,Pasco,Pasco,local,True
us-wa-puyallup__commercial__commercial_tenant_improvement__building,WA,Puyallup,commercial_tenant_improvement,building,City of Puyallup Community Development,City of Puyallup Community Development,local,True
us-wa-redmond__commercial__commercial_tenant_improvement__building,WA,Redmond,commercial_tenant_improvement,building,Redmond,Redmond,local,True
us-wa-renton__commercial__commercial_tenant_improvement__building,WA,Renton,commercial_tenant_improvement,building,Renton,Renton,local,True
us-wa-richland__commercial__commercial_tenant_improvement__building,WA,Richland,commercial_tenant_improvement,building,City of Richland Development Services Building Permitting,City of Richland Development Services Building Permitting,local,True
us-wa-sammamish__commercial__commercial_tenant_improvement__building,WA,Sammamish,commercial_tenant_improvement,building,City of Sammamish Community Development,City of Sammamish Community Development,local,True
us-wa-seattle__commercial__commercial_tenant_improvement__building,WA,Seattle,commercial_tenant_improvement,building,City of Seattle Department of Construction and Inspections,City of Seattle Department of Construction and Inspections,local,True
us-wa-shoreline__residential__interior_remodel__building,WA,Shoreline,residential_remodel,building,Permit office,Permit office,local,True
us-wa-shoreline__residential__interior_remodel__building,WA,Shoreline,residential_remodel,electrical,Permit office,Permit office,local,True
us-wa-shoreline__residential__interior_remodel__building,WA,Shoreline,residential_remodel,mechanical,Permit office,Permit office,local,True
us-wa-shoreline__residential__interior_remodel__building,WA,Shoreline,residential_remodel,plumbing,Permit office,Permit office,local,True
us-wa-spokane__commercial__commercial_tenant_improvement__building,WA,Spokane,commercial_tenant_improvement,building,City of Spokane Planning and Development Services,City of Spokane Planning and Development Services,local,True
us-wa-spokane_valley__commercial__commercial_tenant_improvement__building,WA,Spokane Valley,commercial_tenant_improvement,building,City of Spokane Valley Permit Center,City of Spokane Valley Permit Center,local,True
us-wa-spokane_valley__commercial__commercial_tenant_improvement__building,WA,Spokane Valley,commercial_tenant_improvement,occupancy,City of Spokane Valley Permit Center,City of Spokane Valley Permit Center,local,True
us-wa-tacoma__commercial__commercial_tenant_improvement__building,WA,Tacoma,commercial_tenant_improvement,building,City of Tacoma Planning and Development Services,City of Tacoma Planning and Development Services,local,True
us-wa-vancouver__commercial__commercial_tenant_improvement__building,WA,Vancouver,commercial_tenant_improvement,building,City of Vancouver Community Development,City of Vancouver Community Development,local,True
us-wa-yakima__commercial__commercial_tenant_improvement__building,WA,Yakima,commercial_tenant_improvement,building,City of Yakima Code Administration,City of Yakima Code Administration,local,True
us-wi-appleton__commercial__commercial_tenant_improvement__building,WI,Appleton,commercial_tenant_improvement,building,City of Appleton Community Development - Inspections Division,City of Appleton Building Inspections / online permit applications,delegated,True
us-wi-beaver_dam__commercial__commercial_tenant_improvement__building,WI,Beaver Dam,commercial_tenant_improvement,building,City of Beaver Dam Inspection Services,City of Beaver Dam Inspection Services,local,True
us-wi-beloit__commercial__commercial_tenant_improvement__building,WI,Beloit,commercial_tenant_improvement,building,City of Beloit Planning and Building Services Division,City of Beloit Planning and Building Services / permits@beloitwi.gov / E-Plan Exam where applicable,local,True
us-wi-brookfield__commercial__commercial_tenant_improvement__building,WI,Brookfield,commercial_tenant_improvement,building,City of Brookfield Inspection Services & Zoning,City of Brookfield Inspection Services & Zoning,local,True
us-wi-cudahy__commercial__commercial_tenant_improvement__building,WI,Cudahy,commercial_tenant_improvement,building,Cudahy official building/permit authority,Cudahy official building/permit authority,local,True
us-wi-de_pere__commercial__commercial_tenant_improvement__building,WI,De Pere,commercial_tenant_improvement,building,City of De Pere Building Inspection Division,City of De Pere Building Inspection Division,local,True
us-wi-eau_claire__commercial__commercial_tenant_improvement__building,WI,Eau Claire,commercial_tenant_improvement,building,City of Eau Claire Inspection Services Division,City of Eau Claire Evolve permitting / Inspection Services Division,delegated,True
us-wi-us_wi_eau_claire__commercial__commercial_tenant_improvement__building,WI,Eau Claire,commercial_tenant_improvement,building,Eau Claire,Eau Claire,local,True
us-wi-fitchburg__commercial__commercial_tenant_improvement__building,WI,Fitchburg,commercial_tenant_improvement,building,City of Fitchburg Building Inspection,City of Fitchburg Building Inspection,local,True
us-wi-fond_du_lac__commercial__commercial_tenant_improvement__building,WI,Fond Du Lac,commercial_tenant_improvement,building,City of Fond du Lac Inspection Services,City of Fond du Lac Inspection Services permits/forms,local,True
us-wi-us_wi_fond_du_lac__commercial__commercial_tenant_improvement__building,WI,Fond Du Lac,commercial_tenant_improvement,building,Fond Du Lac official building/permit authority,Fond Du Lac official building/permit authority,local,True
us-wi-franklin__commercial__commercial_tenant_improvement__building,WI,Franklin,commercial_tenant_improvement,building,City of Franklin Inspection Services,City of Franklin Inspection Services,local,True
us-wi-green_bay__commercial__commercial_tenant_improvement__building,WI,Green Bay,commercial_tenant_improvement,building,City of Green Bay Building Permits & Inspections,City of Green Bay Building Permits & Inspections,delegated,True
us-wi-us_wi_green_bay__commercial__commercial_tenant_improvement__building,WI,Green Bay,commercial_tenant_improvement,building,Green Bay,Green Bay,local,True
us-wi-greenfield__commercial__commercial_tenant_improvement__building,WI,Greenfield,commercial_tenant_improvement,building,City of Greenfield Community Development and Zoning,City of Greenfield Community Development and Zoning,local,True
us-wi-janesville__commercial__commercial_tenant_improvement__building,WI,Janesville,commercial_tenant_improvement,building,City of Janesville Building Division,City of Janesville Building Division / E-Plan Exam for plan review applications,local,True
us-wi-kaukauna__commercial__commercial_tenant_improvement__building,WI,Kaukauna,commercial_tenant_improvement,building,Kaukauna,Kaukauna,local,True
us-wi-la_crosse__commercial__commercial_tenant_improvement__building,WI,La Crosse,commercial_tenant_improvement,building,City of La Crosse Building & Inspections,City of La Crosse construction-related permits / EnerGov portal,local,True
us-wi-us_wi_la_crosse__commercial__commercial_tenant_improvement__building,WI,La Crosse,commercial_tenant_improvement,building,City of La Crosse Building Inspection Division,City of La Crosse Building Inspection Division,local,True
us-wi-manitowoc__commercial__commercial_tenant_improvement__building,WI,Manitowoc,commercial_tenant_improvement,building,City of Manitowoc Building Inspection,City of Manitowoc Building Inspection,local,True
us-wi-menasha__commercial__commercial_tenant_improvement__building,WI,Menasha,commercial_tenant_improvement,building,Menasha,Menasha,local,True
us-wi-menomonee_falls__commercial__commercial_tenant_improvement__building,WI,Menomonee Falls,commercial_tenant_improvement,building,"Village of Menomonee Falls Licenses, Permits & Applications","Village of Menomonee Falls Licenses, Permits & Applications",local,True
us-wi-menomonie__commercial__commercial_tenant_improvement__building,WI,Menomonie,commercial_tenant_improvement,building,City of Menomonie Building Inspection,City of Menomonie Building Inspection,delegated_municipality_with_state_dsps_exceptions,True
us-wi-mequon__commercial__commercial_tenant_improvement__building,WI,Mequon,commercial_tenant_improvement,building,City of Mequon Community Development / Inspections,City of Mequon Community Development / Inspections,local,True
us-wi-middleton__commercial__commercial_tenant_improvement__building,WI,Middleton,commercial_tenant_improvement,building,Middleton official building/permit authority,Middleton official building/permit authority,local,True
us-wi-milwaukee__commercial__commercial_tenant_improvement__building,WI,Milwaukee,commercial_tenant_improvement,building,City of Milwaukee Department of Neighborhood Services,City of Milwaukee Department of Neighborhood Services,local,True
us-wi-muskego__commercial__commercial_tenant_improvement__building,WI,Muskego,commercial_tenant_improvement,building,Muskego,Muskego,local,True
us-wi-neenah__commercial__commercial_tenant_improvement__building,WI,Neenah,commercial_tenant_improvement,building,City of Neenah Inspections,City of Neenah Inspections,local,True
us-wi-new_berlin__commercial__commercial_tenant_improvement__building,WI,New Berlin,commercial_tenant_improvement,building,City of New Berlin Building Permits and Inspections,City of New Berlin Building Permits and Inspections,local,True
us-wi-new_berlin__commercial__commercial_tenant_improvement__building,WI,New Berlin,commercial_tenant_improvement,occupancy,City of New Berlin Building Permits and Inspections,City of New Berlin Building Permits and Inspections,local,True
us-wi-oak_creek__commercial__commercial_tenant_improvement__building,WI,Oak Creek,commercial_tenant_improvement,building,City of Oak Creek Inspection Services,City of Oak Creek Inspection Services,local,True
us-wi-oconomowoc__commercial__commercial_tenant_improvement__building,WI,Oconomowoc,commercial_tenant_improvement,building,Oconomowoc,Oconomowoc,local,True
us-wi-onalaska__commercial__commercial_tenant_improvement__building,WI,Onalaska,commercial_tenant_improvement,building,Onalaska,Onalaska,local,True
us-wi-oshkosh__commercial__commercial_tenant_improvement__building,WI,Oshkosh,commercial_tenant_improvement,building,City of Oshkosh Inspection Services,City of Oshkosh online permitting / Inspection Services,delegated,True
us-wi-oshkosh__commercial__commercial_tenant_improvement__building,WI,Oshkosh,commercial_tenant_improvement,electrical,City of Oshkosh Inspection Services,City of Oshkosh online permitting / Inspection Services,delegated,True
us-wi-oshkosh__commercial__commercial_tenant_improvement__building,WI,Oshkosh,commercial_tenant_improvement,fire,City of Oshkosh Inspection Services,City of Oshkosh online permitting / Inspection Services,delegated,True
us-wi-oshkosh__commercial__commercial_tenant_improvement__building,WI,Oshkosh,commercial_tenant_improvement,mechanical,City of Oshkosh Inspection Services,City of Oshkosh online permitting / Inspection Services,delegated,True
us-wi-oshkosh__commercial__commercial_tenant_improvement__building,WI,Oshkosh,commercial_tenant_improvement,occupancy,City of Oshkosh Inspection Services,City of Oshkosh online permitting / Inspection Services,delegated,True
us-wi-oshkosh__commercial__commercial_tenant_improvement__building,WI,Oshkosh,commercial_tenant_improvement,plumbing,City of Oshkosh Inspection Services,City of Oshkosh online permitting / Inspection Services,delegated,True
us-wi-oshkosh__commercial__commercial_tenant_improvement__building,WI,Oshkosh,commercial_tenant_improvement,zoning,City of Oshkosh Inspection Services,City of Oshkosh online permitting / Inspection Services,delegated,True
us-wi-racine__commercial__commercial_tenant_improvement__building,WI,Racine,commercial_tenant_improvement,building,City of Racine Building Inspection Department,City of Racine Building Inspection Department,local,True
us-wi-sheboygan__commercial__commercial_tenant_improvement__building,WI,Sheboygan,commercial_tenant_improvement,building,City of Sheboygan Building Inspection Department,City of Sheboygan Building Inspection Division,local,True
us-wi-south_milwaukee__commercial__commercial_tenant_improvement__building,WI,South Milwaukee,commercial_tenant_improvement,building,South Milwaukee official building/permit authority,South Milwaukee official building/permit authority,local,True
us-wi-stevens_point__commercial__commercial_tenant_improvement__building,WI,Stevens Point,commercial_tenant_improvement,building,City of Stevens Point Building Permits & Inspections,City of Stevens Point Building Permits & Inspections,local,True
us-wi-sun_prairie__commercial__commercial_tenant_improvement__building,WI,Sun Prairie,commercial_tenant_improvement,building,City of Sun Prairie Building Inspection,City of Sun Prairie Building Inspection,local,True
us-wi-superior__commercial__commercial_tenant_improvement__building,WI,Superior,commercial_tenant_improvement,building,City of Superior Building Permits,City of Superior Building Permits,local,True
us-wi-waukesha__commercial__commercial_tenant_improvement__building,WI,Waukesha,commercial_tenant_improvement,building,City of Waukesha Community Development / Building & Permitting,City of Waukesha permits/licenses plus DSPS/E Plan Exam where required,mixed,True
us-wi-wausau__commercial__commercial_tenant_improvement__building,WI,Wausau,commercial_tenant_improvement,building,"City of Wausau Inspections & Zoning / Division of Inspection, Zoning and Electrical Systems",City of Wausau Evolve Permit Portal and E-Plan Exam for commercial plan review,delegated,True
us-wi-wauwatosa__commercial__commercial_tenant_improvement__building,WI,Wauwatosa,commercial_tenant_improvement,building,Wauwatosa,Wauwatosa,local,True
us-wi-us_wi_west_allis__commercial__commercial_tenant_improvement__building,WI,West Allis,commercial_tenant_improvement,building,City of West Allis Code Enforcement Department,City of West Allis Code Enforcement Department,city,True
us-wi-west_allis__commercial__commercial_tenant_improvement__building,WI,West Allis,commercial_tenant_improvement,building,City of West Allis Code Enforcement Department,City of West Allis OpenGov / Plan Review Application,local,True
us-wi-us_wi_west_allis__commercial__commercial_tenant_improvement__building,WI,West Allis,commercial_tenant_improvement,electrical,City of West Allis Code Enforcement Department,City of West Allis Code Enforcement Department,city,True
us-wi-us_wi_west_allis__commercial__commercial_tenant_improvement__building,WI,West Allis,commercial_tenant_improvement,occupancy,City of West Allis Code Enforcement Department,City of West Allis Code Enforcement Department,city,True
us-wi-us_wi_west_allis__commercial__commercial_tenant_improvement__building,WI,West Allis,commercial_tenant_improvement,plumbing,City of West Allis Code Enforcement Department,City of West Allis Code Enforcement Department,city,True
us-wi-west_bend__commercial__commercial_tenant_improvement__building,WI,West Bend,commercial_tenant_improvement,building,City of West Bend Building Inspection,City of West Bend Building Inspection,local,True
us-wi-wisconsin_rapids__commercial__commercial_tenant_improvement__building,WI,Wisconsin Rapids,commercial_tenant_improvement,building,City of Wisconsin Rapids Community Development,City of Wisconsin Rapids Community Development,local,True
us-wv-barboursville__commercial__commercial_tenant_improvement__building,WV,Barboursville,commercial_tenant_improvement,building,City/Town/Village of Barboursville building/permit authority,City/Town/Village of Barboursville building/permit authority,local,True
us-wv-beckley__commercial__commercial_tenant_improvement__building,WV,Beckley,commercial_tenant_improvement,building,City of Beckley Code Enforcement — Building Permits,City of Beckley Code Enforcement — Building Permits,local,True
us-wv-berkeley_county__commercial__commercial_tenant_improvement__building,WV,Berkeley County,commercial_tenant_improvement,building,Berkeley County Building Permits & Inspections,Berkeley County Building Permits & Inspections,county_building_permits_inspections,True
us-wv-bluefield__commercial__commercial_tenant_improvement__building,WV,Bluefield,commercial_tenant_improvement,building,City of Bluefield Code Enforcement Department / Building Official,City of Bluefield Building Department,local_with_legal_code_extract,True
us-wv-bridgeport__commercial__commercial_tenant_improvement__building,WV,Bridgeport,commercial_tenant_improvement,building,City of Bridgeport Building Commission,City of Bridgeport Building Commission,local,True
us-wv-buckhannon__commercial__commercial_tenant_improvement__building,WV,Buckhannon,commercial_tenant_improvement,building,City of Buckhannon Building/Zoning Officer,City of Buckhannon Building/Zoning Officer,city,True
us-wv-charles_town__commercial__commercial_tenant_improvement__building,WV,Charles Town,commercial_tenant_improvement,building,City/Town/Village of Charles Town building/permit authority,City/Town/Village of Charles Town building/permit authority,local,True
us-wv-charleston__commercial__commercial_tenant_improvement__building,WV,Charleston,commercial_tenant_improvement,building,City of Charleston Building Commission,City of Charleston Building Commission,local,True
us-wv-dunbar__commercial__commercial_tenant_improvement__building,WV,Dunbar,commercial_tenant_improvement,building,City/Town/Village of Dunbar building/permit authority,City/Town/Village of Dunbar building/permit authority,local,True
us-wv-elkins__commercial__commercial_tenant_improvement__building,WV,Elkins,commercial_tenant_improvement,building,Elkins,Elkins,local,True
us-wv-fairmont__commercial__commercial_tenant_improvement__building,WV,Fairmont,commercial_tenant_improvement,building,City of Fairmont Building Inspection Department,City of Fairmont Building Inspection Department,local,True
us-wv-fayette_county__commercial__commercial_tenant_improvement__building,WV,Fayette County,commercial_tenant_improvement,building,Fayette County building/permit authority,Fayette County building/permit authority,county,True
us-wv-greenbrier_county__commercial__commercial_tenant_improvement__building,WV,Greenbrier County,commercial_tenant_improvement,building,Greenbrier County,Greenbrier County,local,True
us-wv-harrison_county__commercial__commercial_tenant_improvement__building,WV,Harrison County,commercial_tenant_improvement,building,Harrison County,Harrison County,local,True
us-wv-huntington__commercial__commercial_tenant_improvement__building,WV,Huntington,commercial_tenant_improvement,building,City of Huntington Inspections & Permits,City of Huntington Inspections & Permits,local,True
us-wv-hurricane__commercial__commercial_tenant_improvement__building,WV,Hurricane,commercial_tenant_improvement,building,City/Town/Village of Hurricane building/permit authority,City/Town/Village of Hurricane building/permit authority,local,True
us-wv-jefferson_county__commercial__commercial_tenant_improvement__building,WV,Jefferson County,commercial_tenant_improvement,building,Jefferson County building/permit authority,Jefferson County building/permit authority,county,True
us-wv-kanawha_county__commercial__commercial_tenant_improvement__building,WV,Kanawha County,commercial_tenant_improvement,building,Kanawha County Planning & Development (Unincorporated),Kanawha County Planning & Development (Unincorporated),local,True
us-wv-keyser__commercial__commercial_tenant_improvement__building,WV,Keyser,commercial_tenant_improvement,building,City/Town/Village of Keyser building/permit authority,City/Town/Village of Keyser building/permit authority,local,True
us-wv-lewisburg__commercial__commercial_tenant_improvement__building,WV,Lewisburg,commercial_tenant_improvement,building,City of Lewisburg Planning and Zoning,City of Lewisburg Planning and Zoning,local,True
us-wv-martinsburg__commercial__commercial_tenant_improvement__building,WV,Martinsburg,commercial_tenant_improvement,building,City of Martinsburg Planning Department — Building Permits,City of Martinsburg Planning Department — Building Permits,local,True
us-wv-monongalia_county__commercial__commercial_tenant_improvement__building,WV,Monongalia County,commercial_tenant_improvement,building,Monongalia County,Monongalia County,local,True
us-wv-morgantown__commercial__commercial_tenant_improvement__building,WV,Morgantown,commercial_tenant_improvement,building,City of Morgantown Code Enforcement / Building Permits,City of Morgantown Code Enforcement / Building Permits,local,True
us-wv-morgantown__commercial__commercial_tenant_improvement__building,WV,Morgantown,commercial_tenant_improvement,zoning,City of Morgantown Code Enforcement / Building Permits,City of Morgantown Code Enforcement / Building Permits,local,True
us-wv-moundsville__commercial__commercial_tenant_improvement__building,WV,Moundsville,commercial_tenant_improvement,building,City/Town/Village of Moundsville building/permit authority,City/Town/Village of Moundsville building/permit authority,local,True
us-wv-nitro__commercial__commercial_tenant_improvement__building,WV,Nitro,commercial_tenant_improvement,building,City/Town/Village of Nitro building/permit authority,City/Town/Village of Nitro building/permit authority,local,True
us-wv-nitro__commercial__commercial_tenant_improvement__building,WV,Nitro,commercial_tenant_improvement,fire,City/Town/Village of Nitro building/permit authority,City/Town/Village of Nitro building/permit authority,local,True
us-wv-nitro__commercial__commercial_tenant_improvement__building,WV,Nitro,commercial_tenant_improvement,occupancy,City/Town/Village of Nitro building/permit authority,City/Town/Village of Nitro building/permit authority,local,True
us-wv-nitro__commercial__commercial_tenant_improvement__building,WV,Nitro,commercial_tenant_improvement,plumbing,City/Town/Village of Nitro building/permit authority,City/Town/Village of Nitro building/permit authority,local,True
us-wv-nitro__commercial__commercial_tenant_improvement__building,WV,Nitro,commercial_tenant_improvement,zoning,City/Town/Village of Nitro building/permit authority,City/Town/Village of Nitro building/permit authority,local,True
us-wv-oak_hill__commercial__commercial_tenant_improvement__building,WV,Oak Hill,commercial_tenant_improvement,building,City of Oak Hill Building Department,City of Oak Hill Building Department,third_party,True
us-wv-ohio_county__commercial__commercial_tenant_improvement__building,WV,Ohio County,commercial_tenant_improvement,building,Ohio County Commission / Ohio County Emergency Management floodplain permit route; WV Office of the State Fire Marshal Plan Review Division for conditional state plan-review lanes,Ohio County Commission / Ohio County Emergency Management floodplain permit route; WV Office of the State Fire Marshal Plan Review Division for conditional state plan-review lanes,local,True
us-wv-parkersburg__commercial__commercial_tenant_improvement__building,WV,Parkersburg,commercial_tenant_improvement,building,City of Parkersburg Building & Code Enforcement,City of Parkersburg Building & Code Enforcement,local,True
us-wv-preston_county__commercial__commercial_tenant_improvement__building,WV,Preston County,commercial_tenant_improvement,building,Preston County official building/permit authority,Preston County official building/permit authority,local,True
us-wv-putnam_county__commercial__commercial_tenant_improvement__building,WV,Putnam County,commercial_tenant_improvement,building,Putnam County,Putnam County,local,True
us-wv-raleigh_county__commercial__commercial_tenant_improvement__building,WV,Raleigh County,commercial_tenant_improvement,building,Raleigh County,Raleigh County,local,True
us-wv-ranson__commercial__commercial_tenant_improvement__building,WV,Ranson,commercial_tenant_improvement,building,City/Town/Village of Ranson building/permit authority,City/Town/Village of Ranson building/permit authority,local,True
us-wv-ripley__commercial__commercial_tenant_improvement__building,WV,Ripley,commercial_tenant_improvement,building,City of Ripley Building Permits,City of Ripley Building Permits,local,True
us-wv-south_charleston__commercial__commercial_tenant_improvement__building,WV,South Charleston,commercial_tenant_improvement,building,City of South Charleston Building Permits & Inspections,City of South Charleston Building Permits & Inspections,local,True
us-wv-st_albans__commercial__commercial_tenant_improvement__building,WV,St Albans,commercial_tenant_improvement,building,City of St. Albans Building & Zoning Department,City of St. Albans Building & Zoning Department,local,True
us-wv-vienna__commercial__commercial_tenant_improvement__building,WV,Vienna,commercial_tenant_improvement,building,City of Vienna Building Inspector for local building/occupancy; WV State Fire Marshal for applicable state plan/fire/trade review programs,City of Vienna Building Code & Inspection / City Building Front Office,local_with_state_specialty_plan_review,True
us-wv-vienna__commercial__commercial_tenant_improvement__building,WV,Vienna,commercial_tenant_improvement,occupancy,City of Vienna Building Inspector for local building/occupancy; WV State Fire Marshal for applicable state plan/fire/trade review programs,City of Vienna Building Code & Inspection / City Building Front Office,local_with_state_specialty_plan_review,True
us-wv-vienna__commercial__commercial_tenant_improvement__building,WV,Vienna,commercial_tenant_improvement,zoning,City of Vienna Building Inspector for local building/occupancy; WV State Fire Marshal for applicable state plan/fire/trade review programs,City of Vienna Building Code & Inspection / City Building Front Office,local_with_state_specialty_plan_review,True
us-wv-wayne_county__commercial__commercial_tenant_improvement__building,WV,Wayne County,commercial_tenant_improvement,building,Wayne County,Wayne County,local,True
us-wv-weirton__commercial__commercial_tenant_improvement__building,WV,Weirton,commercial_tenant_improvement,building,City of Weirton Building Permits,City of Weirton Building Permits,local,True
us-wv-wheeling__commercial__commercial_tenant_improvement__building,WV,Wheeling,commercial_tenant_improvement,building,City of Wheeling Building & Planning,City of Wheeling Building & Planning,local,True
us-wv-wood_county__commercial__commercial_tenant_improvement__building,WV,Wood County,commercial_tenant_improvement,building,Wood County building/permit authority,Wood County building/permit authority,county,True
us-wy-albany_county__commercial__commercial_tenant_improvement__building,WY,Albany County,commercial_tenant_improvement,building,Albany County Planning Department,Albany County Planning Department,local,True
us-wy-big_horn_county__commercial__commercial_tenant_improvement__building,WY,Big Horn County,commercial_tenant_improvement,building,Big Horn County,Big Horn County,local,True
us-wy-campbell_county__commercial__commercial_tenant_improvement__building,WY,Campbell County,commercial_tenant_improvement,building,Wyoming Department of Fire Prevention and Electrical Safety / State Fire Marshal Plan Review,Wyoming Department of Fire Prevention and Electrical Safety Plan Review,state_administered,True
us-wy-carbon_county__commercial__commercial_tenant_improvement__building,WY,Carbon County,commercial_tenant_improvement,building,Wyoming Department of Fire Prevention and Electrical Safety / State Fire Marshal Plan Review,Wyoming Department of Fire Prevention and Electrical Safety Plan Review,state_administered,True
us-wy-casper__commercial__commercial_tenant_improvement__building,WY,Casper,commercial_tenant_improvement,building,City of Casper Building Inspection Division,City of Casper Building Inspection Division,local,True
us-wy-cheyenne__commercial__commercial_tenant_improvement__building,WY,Cheyenne,commercial_tenant_improvement,building,City of Cheyenne Building Division,City of Cheyenne Building Division,local,True
us-wy-cody__commercial__commercial_tenant_improvement__building,WY,Cody,commercial_tenant_improvement,building,City of Cody Building Division,City of Cody Community Development Department / Building Division,local,True
us-wy-converse_county__commercial__commercial_tenant_improvement__building,WY,Converse County,commercial_tenant_improvement,building,Converse County,Wyoming Department of Fire Prevention and Electrical Safety Plan Review,local,True
us-wy-crook_county__commercial__commercial_tenant_improvement__building,WY,Crook County,commercial_tenant_improvement,building,WY|us-wy-crook_county|county|Crook County Growth and Development Department,WY|us-wy-crook_county|county|Crook County Growth and Development Department,local,True
us-wy-douglas__commercial__commercial_tenant_improvement__building,WY,Douglas,commercial_tenant_improvement,building,City of Douglas Community Development Department,City of Douglas Community Development Department / delegated Wyoming State Fire Marshal where state plan review or wiring permit applies,local,True
us-wy-evanston__commercial__commercial_tenant_improvement__building,WY,Evanston,commercial_tenant_improvement,building,City of Evanston Engineering and Building Department,City of Evanston Engineering and Building Department,local,True
us-wy-fremont_county__commercial__commercial_tenant_improvement__building,WY,Fremont County,commercial_tenant_improvement,building,Wyoming Department of Fire Prevention and Electrical Safety / State Fire Marshal Plan Review,Wyoming Department of Fire Prevention and Electrical Safety Plan Review,state_administered,True
us-wy-gillette__commercial__commercial_tenant_improvement__building,WY,Gillette,commercial_tenant_improvement,building,City of Gillette Building Division,City of Gillette Building Division,local,True
us-wy-goshen_county__commercial__commercial_tenant_improvement__building,WY,Goshen County,commercial_tenant_improvement,building,Goshen County,Goshen County,local,True
us-wy-green_river__commercial__commercial_tenant_improvement__building,WY,Green River,commercial_tenant_improvement,building,City of Green River Development Services / Building Inspection,City of Green River Development Services / Building Inspection,local,True
us-wy-green_river__commercial__commercial_tenant_improvement__building,WY,Green River,commercial_tenant_improvement,zoning,City of Green River Development Services / Building Inspection,City of Green River Development Services / Building Inspection,local,True
us-wy-hot_springs_county__commercial__commercial_tenant_improvement__building,WY,Hot Springs County,commercial_tenant_improvement,building,Hot Springs County,Hot Springs County,local,True
us-wy-jackson__commercial__commercial_tenant_improvement__building,WY,Jackson,commercial_tenant_improvement,building,Town of Jackson Planning and Building Department,Town of Jackson Planning and Building Department,local,True
us-wy-johnson_county__commercial__commercial_tenant_improvement__building,WY,Johnson County,commercial_tenant_improvement,building,Johnson County official building/permit authority,Johnson County official building/permit authority,local,True
us-wy-kemmerer__commercial__commercial_tenant_improvement__building,WY,Kemmerer,commercial_tenant_improvement,building,City of Kemmerer Building Department / Building Inspector,City of Kemmerer Building Department / Building Inspector,local_or_official_source_backed,True
us-wy-lander__commercial__commercial_tenant_improvement__building,WY,Lander,commercial_tenant_improvement,building,City of Lander Building Department,City of Lander Building Department,local,True
us-wy-laramie__commercial__commercial_tenant_improvement__building,WY,Laramie,commercial_tenant_improvement,building,Laramie,Laramie,local,True
us-wy-laramie_county__commercial__commercial_tenant_improvement__building,WY,Laramie County,commercial_tenant_improvement,building,Wyoming Department of Fire Prevention and Electrical Safety / State Fire Marshal Plan Review,Wyoming Department of Fire Prevention and Electrical Safety Plan Review,state_administered,True
us-wy-lincoln_county__commercial__commercial_tenant_improvement__building,WY,Lincoln County,commercial_tenant_improvement,building,Wyoming Department of Fire Prevention and Electrical Safety / State Fire Marshal Plan Review,Wyoming Department of Fire Prevention and Electrical Safety Plan Review,state_administered,True
us-wy-natrona_county__commercial__commercial_tenant_improvement__building,WY,Natrona County,commercial_tenant_improvement,building,Wyoming Department of Fire Prevention and Electrical Safety / State Fire Marshal Plan Review,Wyoming Department of Fire Prevention and Electrical Safety Plan Review,state_administered,True
us-wy-newcastle__commercial__commercial_tenant_improvement__building,WY,Newcastle,commercial_tenant_improvement,building,Wyoming Department of Fire Prevention and Electrical Safety / State Fire Marshal Plan Review,Wyoming Department of Fire Prevention and Electrical Safety Plan Review,state_administered,True
us-wy-niobrara_county__commercial__commercial_tenant_improvement__building,WY,Niobrara County,commercial_tenant_improvement,building,Niobrara County,Niobrara County,local,True
us-wy-park_county__commercial__commercial_tenant_improvement__building,WY,Park County,commercial_tenant_improvement,building,Wyoming Department of Fire Prevention and Electrical Safety / State Fire Marshal Plan Review,Wyoming Department of Fire Prevention and Electrical Safety Plan Review,state_administered,True
us-wy-pinedale__commercial__commercial_tenant_improvement__building,WY,Pinedale,commercial_tenant_improvement,building,Wyoming Department of Fire Prevention and Electrical Safety / State Fire Marshal Plan Review,Wyoming Department of Fire Prevention and Electrical Safety Plan Review,state_administered,True
us-wy-platte_county__commercial__commercial_tenant_improvement__building,WY,Platte County,commercial_tenant_improvement,building,Wyoming Department of Fire Prevention and Electrical Safety / State Fire Marshal Plan Review,Wyoming Department of Fire Prevention and Electrical Safety / State Fire Marshal Plan Review,state_administered,True
us-wy-powell__commercial__commercial_tenant_improvement__building,WY,Powell,commercial_tenant_improvement,building,City of Powell Building Official,"City of Powell City Hall / Building Official, with Wyoming Department of Fire Prevention and Electrical Safety plan review for fire protection systems when in scope",municipal_primary_with_state_fire_plan_review_delegation_for_fire_protection_systems,True
us-wy-rawlins__commercial__commercial_tenant_improvement__building,WY,Rawlins,commercial_tenant_improvement,building,City of Rawlins Building Department,City of Rawlins Building Department,local,True
us-wy-rawlins__commercial__commercial_tenant_improvement__building,WY,Rawlins,commercial_tenant_improvement,zoning,City of Rawlins Building Department,City of Rawlins Building Department,local,True
us-wy-riverton__commercial__commercial_tenant_improvement__building,WY,Riverton,commercial_tenant_improvement,building,Riverton,Riverton,local,True
us-wy-rock_springs__commercial__commercial_tenant_improvement__building,WY,Rock Springs,commercial_tenant_improvement,building,City of Rock Springs Building Inspections,City of Rock Springs Building Inspections,local,True
us-wy-sheridan__commercial__commercial_tenant_improvement__building,WY,Sheridan,commercial_tenant_improvement,building,City of Sheridan Building Department,City of Sheridan Building Department,local,True
us-wy-sheridan_county__commercial__commercial_tenant_improvement__building,WY,Sheridan County,commercial_tenant_improvement,building,Sheridan County,Sheridan County,local,True
us-wy-star_valley_ranch__commercial__commercial_tenant_improvement__building,WY,Star Valley Ranch,commercial_tenant_improvement,building,Town of Star Valley Ranch Forms and Permits,Town of Star Valley Ranch Forms and Permits,local,True
us-wy-sublette_county__commercial__commercial_tenant_improvement__building,WY,Sublette County,commercial_tenant_improvement,building,WY|us-wy-sublette_county|county|Sublette County Planning and Zoning,WY|us-wy-sublette_county|county|Sublette County Planning and Zoning,local,True
us-wy-sweetwater_county__commercial__commercial_tenant_improvement__building,WY,Sweetwater County,commercial_tenant_improvement,building,Wyoming Department of Fire Prevention and Electrical Safety / State Fire Marshal Plan Review,Wyoming Department of Fire Prevention and Electrical Safety Plan Review,state_administered,True
us-wy-teton_county__commercial__commercial_tenant_improvement__building,WY,Teton County,commercial_tenant_improvement,building,Wyoming Department of Fire Prevention and Electrical Safety Plan Review,Wyoming Department of Fire Prevention and Electrical Safety Plan Review,state_administered,True
us-wy-thermopolis__commercial__commercial_tenant_improvement__building,WY,Thermopolis,commercial_tenant_improvement,building,Town of Thermopolis Codes Administration,Town of Thermopolis Codes Administration,local,True
us-wy-torrington__commercial__commercial_tenant_improvement__building,WY,Torrington,commercial_tenant_improvement,building,City of Torrington Building Department,City of Torrington Building Department with Wyoming State Fire Marshal plan-review prerequisite,mixed,True
us-wy-weston_county__commercial__commercial_tenant_improvement__building,WY,Weston County,commercial_tenant_improvement,building,Weston County,Weston County,local,True
us-wy-wheatland__commercial__commercial_tenant_improvement__building,WY,Wheatland,commercial_tenant_improvement,building,City of Wheatland Building Department,City of Wheatland Building Department,local,True
